{
"type": "FeatureCollection",
"name": "Rivers",
"crs": { "type": "name", "properties": { "name": "urn:ogc:def:crs:OGC:1.3:CRS84" } },
"features": [
{"type":"Feature","properties":{"Layer":"Drainage","Categories":"River","Feature_Co":"DRRV","Validation":"Yes","Year_Updat":"2012-2013","Projtn_Dtm":"LCC_WGS1984","Cont_Offcr":null,"Cont_No":null,"Scale_mapi":"10000","Data_Sour":"Satellite Image","Proj_code":null,"Remarks":null},"geometry":{"type":"MultiLineString","coordinates":[[[71.830539021794081,21.464107173278631],[71.824036568989939,21.462434652966877]],[[71.824036568989939,21.462434652966877],[71.819982389155882,21.461391688760404]],[[71.819982389155882,21.461391688760404],[71.819771287676744,21.461337379024343]],[[71.819771287676744,21.461337379024343],[71.817691352906692,21.460802260819086]],[[71.817691352906692,21.460802260819086],[71.817049967800656,21.460637241408975],[71.816534160821021,21.46025980764588]],[[71.816534160821021,21.46025980764588],[71.809104166236196,21.454822623076996],[71.802183907672216,21.449644617450144]],[[71.802183907672216,21.449644617450144],[71.799368074547672,21.448259795778764]],[[71.799368074547672,21.448259795778764],[71.796036162671186,21.44662107037729],[71.794970759423549,21.444158100758681]],[[71.794970759423549,21.444158100758681],[71.793551000776233,21.44087579930839],[71.792193515374976,21.438616197811406]],[[71.792193515374976,21.438616197811406],[71.789956767765517,21.434892840667644],[71.789309882590118,21.433927742415534]]]}},
{"type":"Feature","properties":{"Layer":"Drainage","Categories":"Stream","Feature_Co":"DRST","Validation":"Yes","Year_Updat":"2012-2013","Projtn_Dtm":"LCC_WGS1984","Cont_Offcr":null,"Cont_No":null,"Scale_mapi":"10000","Data_Sour":"Satellite Image","Proj_code":null,"Remarks":null},"geometry":{"type":"MultiLineString","coordinates":[[[71.841028903331775,21.485913137688531],[71.840592125657963,21.485496191157431],[71.840158305275054,21.485049378540563],[71.839815301754996,21.484474466946502],[71.83929064776305,21.484145090369534],[71.839107710237968,21.483836338051351],[71.83881157608343,21.483826279149984],[71.838595410234163,21.483922652087156],[71.838276522886488,21.483923297763823]],[[71.838276522886488,21.483923297763823],[71.837513593824411,21.483978137231258],[71.837013515340885,21.484426842531487],[71.836683826235429,21.484683333389118],[71.836455950352459,21.484641154518336],[71.836239487964292,21.484609611809915],[71.836102870223087,21.484631205456381],[71.83594379260019,21.484791416789427],[71.83593284392002,21.484983308619661],[71.835876461743908,21.485228588924212],[71.835751525639651,21.485378072025039],[71.83564941607905,21.485548828061624],[71.835547575012072,21.48583683726827],[71.835480047130844,21.486188734136167],[71.835366718595935,21.486434128544875],[71.834854431528854,21.486531090619444],[71.834364142828719,21.486286905234493],[71.833486775283419,21.486107447794225],[71.832939933123555,21.486033921982422]]]}},
{"type":"Feature","properties":{"Layer":"Drainage","Categories":"Stream","Feature_Co":"DRST","Validation":"Yes","Year_Updat":"2012-2013","Projtn_Dtm":"LCC_WGS1984","Cont_Offcr":null,"Cont_No":null,"Scale_mapi":"10000","Data_Sour":"Satellite Image","Proj_code":null,"Remarks":null},"geometry":{"type":"MultiLineString","coordinates":[[[71.840163263872,21.49208459000327],[71.84052895946931,21.492075885182533]]]}},
{"type":"Feature","properties":{"Layer":"Drainage","Categories":"Stream","Feature_Co":"DRST","Validation":"Yes","Year_Updat":"2012-2013","Projtn_Dtm":"LCC_WGS1984","Cont_Offcr":null,"Cont_No":null,"Scale_mapi":"10000","Data_Sour":"Satellite Image","Proj_code":null,"Remarks":null},"geometry":{"type":"MultiLineString","coordinates":[[[71.84046127451137,21.492894099091203],[71.840499655956449,21.492894020850603]]]}},
{"type":"Feature","properties":{"Layer":"Drainage","Categories":"Stream","Feature_Co":"DRST","Validation":"Yes","Year_Updat":"2012-2013","Projtn_Dtm":"LCC_WGS1984","Cont_Offcr":null,"Cont_No":null,"Scale_mapi":"10000","Data_Sour":"Satellite Image","Proj_code":null,"Remarks":null},"geometry":{"type":"MultiLineString","coordinates":[[[71.838276522886488,21.483923297763823],[71.838063818552001,21.483326799768676],[71.838083802763649,21.483213058709129],[71.83794106983629,21.482777494869616],[71.837940501296274,21.482531144611471],[71.838061368556637,21.482265598687523],[71.838141961076175,21.482094884695059],[71.838485802226202,21.48194258791974],[71.838525857231971,21.481753005713774],[71.838221634278696,21.481526220213023],[71.837856585462461,21.481261656865989],[71.837977670537512,21.481090861091591],[71.8380986240808,21.480863215158916],[71.837956330815103,21.480617151427236],[71.837611836887859,21.480485196727393],[71.837408936864364,21.480296105237365],[71.837266252548886,21.479879490633998],[71.8369609454505,21.479178951985503],[71.836696786905037,21.478762581609566],[71.836797450933659,21.478516027296457],[71.836979142377018,21.478288259736573],[71.837120123155401,21.477965823476147],[71.83722065505124,21.477662418803767],[71.837260405173055,21.477340186566341],[71.836996379974593,21.476980666643858],[71.836530289820587,21.476792104232501],[71.836529897978409,21.476621553907528],[71.836529331990974,21.476375203432138],[71.836528722475009,21.476109902911901],[71.835919177428053,21.475163622330264],[71.835512746134853,21.474501183852993],[71.835593120448948,21.474235720730995],[71.835774765140272,21.473989004364725],[71.835855182154603,21.473742491154624],[71.835813909434791,21.473401471675775],[71.835712204929038,21.473193224439637],[71.835792534763712,21.472908811148283],[71.836034956761679,21.472680922556677],[71.836056594923605,21.47266566409926]]]}},
{"type":"Feature","properties":{"Layer":"Drainage","Categories":"Stream","Feature_Co":"DRST","Validation":"Yes","Year_Updat":"2012-2013","Projtn_Dtm":"LCC_WGS1984","Cont_Offcr":null,"Cont_No":null,"Scale_mapi":"10000","Data_Sour":"Satellite Image","Proj_code":null,"Remarks":null},"geometry":{"type":"MultiLineString","coordinates":[[[71.833701117677776,21.470193592551219],[71.833600174076722,21.470335980380629],[71.833297491296534,21.470772437179669],[71.833075916239665,21.471265582323127],[71.833056489624937,21.471625673685882],[71.832916237770846,21.472270257710797],[71.832876909852885,21.472781989739666],[71.832959915213465,21.473672480904806],[71.833082507903782,21.474164940255015],[71.833406953087888,21.474391695241973],[71.83367053316384,21.474561720656268],[71.833974864176682,21.474845365043976],[71.834218718955256,21.475242830534469],[71.83432111481379,21.475754279323695],[71.834343220421218,21.47656909062859],[71.834364288128313,21.476929100905114],[71.833718881693457,21.478010547588269],[71.833619205591077,21.478692950993768],[71.833621104933215,21.479526752591585]]]}},
{"type":"Feature","properties":{"Layer":"Drainage","Categories":"Stream","Feature_Co":"DRST","Validation":"Yes","Year_Updat":"2012-2013","Projtn_Dtm":"LCC_WGS1984","Cont_Offcr":null,"Cont_No":null,"Scale_mapi":"10000","Data_Sour":"Satellite Image","Proj_code":null,"Remarks":null},"geometry":{"type":"MultiLineString","coordinates":[[[71.830836765286506,21.46473315242276],[71.829701887322386,21.465340870875004],[71.828670577127241,21.465854554884512],[71.828104965947361,21.466405219994627],[71.827660393785763,21.466766144537061],[71.827377733235593,21.46710780090195],[71.827216496432101,21.467430269116289],[71.826812027843332,21.467620561530421],[71.826610806808475,21.468170509174708],[71.826125947061684,21.468626259116395],[71.825984908478389,21.468929736588045],[71.825884611809357,21.469346835483496],[71.826010550056225,21.471355306238042],[71.826114981285997,21.472795313928454],[71.826480917015218,21.473476805115858],[71.826685061299301,21.474234412163728],[71.82654435658327,21.474689490438063],[71.826302254030765,21.475068965924738],[71.825715468210007,21.475221711170139],[71.82539216939179,21.475506592793529],[71.824521899023679,21.475640935187879],[71.82344963008039,21.475984115544829],[71.822580356534274,21.476573249404645],[71.822136073469082,21.477085759886101],[71.822036218871361,21.477711306954511],[71.821814595530839,21.478204437381113],[71.821673414168046,21.478451060916345],[71.821187881924118,21.478622545692254],[71.821006289868862,21.478907146581211],[71.820763584989351,21.479021313276426],[71.820237143011042,21.479003372388465],[71.819772805043314,21.479610665724366],[71.81932808978847,21.479933668183143],[71.818862672360552,21.480048257409504],[71.818498774358432,21.480295302945425],[71.818337380209783,21.480560912331324],[71.818013808292633,21.480732079459383],[71.817589085603416,21.48094133844765],[71.817265347737475,21.481036703889739],[71.81706337548475,21.481264488782795],[71.816739718525582,21.481397753342037],[71.816416347592849,21.48166366772168],[71.815992315046557,21.482195073758643],[71.815487619275018,21.482878232094432],[71.814921770811196,21.483372002742769],[71.814355796475127,21.483808921307489],[71.814331898268492,21.483876476118979],[71.814144085027834,21.48392479674655],[71.813913529135277,21.483957208263558],[71.813657039925303,21.483845765511639],[71.813358133777641,21.483870309919656],[71.813059552288536,21.484046750399951],[71.81282909842642,21.484127127775345],[71.812504583626151,21.484159713180784],[71.811906837620313,21.484240775595239],[71.811693534217028,21.484353097770008],[71.811557241694018,21.484529232867818],[71.811566191665278,21.484721086354924],[71.811566548920709,21.484888972084214],[71.811430204738812,21.485041123399871],[71.8111403301276,21.48529749015222],[71.810577118690105,21.48555436454696],[71.810253006758046,21.485778815027654],[71.809851510305563,21.485763570660019]],[[71.809851510305563,21.485763570660019],[71.80964601780191,21.485532108369096],[71.809141801707256,21.485413122877198],[71.808594439653476,21.485086356141665],[71.808295193327567,21.48495100031711],[71.808106770988147,21.484711509995623],[71.807841625395099,21.48454411210658],[71.807551208016477,21.484544646739309],[71.807388697758753,21.484441015978817],[71.807140737430231,21.484321552912967],[71.806892760746166,21.484194094910123],[71.806294208480878,21.483891398259534],[71.805781525778272,21.483804396414719],[71.804927094762192,21.483678043811583],[71.803336792932768,21.482929445363062],[71.802524548390878,21.482547176718992],[71.801515424328386,21.481957399751415]]]}},
{"type":"Feature","properties":{"Layer":"Drainage","Categories":"Stream","Feature_Co":"DRST","Validation":"Yes","Year_Updat":"2012-2013","Projtn_Dtm":"LCC_WGS1984","Cont_Offcr":null,"Cont_No":null,"Scale_mapi":"10000","Data_Sour":"Satellite Image","Proj_code":null,"Remarks":null},"geometry":{"type":"MultiLineString","coordinates":[[[71.809851510305563,21.485763570660019],[71.808433292225104,21.485630285813787],[71.807229153885643,21.485363939446234]],[[71.807229153885643,21.485363939446234],[71.807142884066849,21.485344856831428],[71.806074481944279,21.485019038460614],[71.804510749105589,21.484734089328935],[71.803912431742276,21.484543308040013],[71.803695356158329,21.484480323210683]],[[71.803695356158329,21.484480323210683],[71.802433827449605,21.484114281834888],[71.801185625796535,21.483572903078493],[71.80114043769116,21.483526258482009]],[[71.80114043769116,21.483526258482009],[71.800706276247979,21.483078101074408],[71.800252833354776,21.482719159276542],[71.799816508549853,21.482376174706793],[71.79916669608771,21.482057554980358],[71.798704718577582,21.481698624144808]]]}},
{"type":"Feature","properties":{"Layer":"Drainage","Categories":"Stream","Feature_Co":"DRST","Validation":"Yes","Year_Updat":"2012-2013","Projtn_Dtm":"LCC_WGS1984","Cont_Offcr":null,"Cont_No":null,"Scale_mapi":"10000","Data_Sour":"Satellite Image","Proj_code":null,"Remarks":null},"geometry":{"type":"MultiLineString","coordinates":[[[71.798298112616649,21.483362226957624],[71.799015021462623,21.483073140471642],[71.799604457873002,21.483104063399672],[71.800048801784044,21.483191206946312],[71.800390630374054,21.483270538971087],[71.800749591833551,21.48337382325937],[71.80114043769116,21.483526258482009]]]}},
{"type":"Feature","properties":{"Layer":"Drainage","Categories":"Stream","Feature_Co":"DRST","Validation":"Yes","Year_Updat":"2012-2013","Projtn_Dtm":"LCC_WGS1984","Cont_Offcr":null,"Cont_No":null,"Scale_mapi":"10000","Data_Sour":"Satellite Image","Proj_code":null,"Remarks":null},"geometry":{"type":"MultiLineString","coordinates":[[[71.802477021108928,21.485568813537487],[71.80230906981744,21.485745404951512],[71.802010388494807,21.485881853034876],[71.80148149015659,21.486218580881719],[71.800935587918758,21.486595310655421],[71.80067979327724,21.486819619687115],[71.80046649374404,21.486939922210272],[71.800279065345777,21.487180096895909],[71.800279393304251,21.487339988188861]],[[71.803695356158329,21.484480323210683],[71.803383343868873,21.484784107075228],[71.803076438235351,21.485072469278254],[71.802667047049013,21.485369011134544],[71.802477021108928,21.485568813537487]]]}},
{"type":"Feature","properties":{"Layer":"Drainage","Categories":"Stream","Feature_Co":"DRST","Validation":"Yes","Year_Updat":"2012-2013","Projtn_Dtm":"LCC_WGS1984","Cont_Offcr":null,"Cont_No":null,"Scale_mapi":"10000","Data_Sour":"Satellite Image","Proj_code":null,"Remarks":null},"geometry":{"type":"MultiLineString","coordinates":[[[71.801904983879837,21.488616194353835],[71.802398285435572,21.487584000069681],[71.802439921241145,21.487064276190864],[71.802472800245425,21.486440638403106],[71.802497797958111,21.486136798595069],[71.802477021108928,21.485568813537487]]]}},
{"type":"Feature","properties":{"Layer":"Drainage","Categories":"Stream","Feature_Co":"DRST","Validation":"Yes","Year_Updat":"2012-2013","Projtn_Dtm":"LCC_WGS1984","Cont_Offcr":null,"Cont_No":null,"Scale_mapi":"10000","Data_Sour":"Satellite Image","Proj_code":null,"Remarks":null},"geometry":{"type":"MultiLineString","coordinates":[[[71.802764461510236,21.487039704798253],[71.803199780607372,21.48688701835566],[71.80349861199096,21.486822519216485],[71.803678073206484,21.486862166190694],[71.803891602260137,21.486853783473588],[71.803985429539367,21.486789656100644],[71.80409639018923,21.486749481279201],[71.804250309076167,21.486829147073497],[71.80441265359417,21.486852835231542],[71.804711567542611,21.486828306739387],[71.804907679819934,21.486660062636965],[71.805154859167217,21.486403784558455],[71.805359512154197,21.486235524333964],[71.805675124327664,21.486027087999652],[71.806170313247293,21.485914257315461],[71.806708009221325,21.485705412067247],[71.807229153885643,21.485363939446234]]]}},
{"type":"Feature","properties":{"Layer":"Drainage","Categories":"Stream","Feature_Co":"DRST","Validation":"Yes","Year_Updat":"2012-2013","Projtn_Dtm":"LCC_WGS1984","Cont_Offcr":null,"Cont_No":null,"Scale_mapi":"10000","Data_Sour":"Satellite Image","Proj_code":null,"Remarks":null},"geometry":{"type":"MultiLineString","coordinates":[[[71.811616194590172,21.478188225932353],[71.812363925326778,21.477542525297523],[71.813779114474684,21.476592367522581],[71.814365796796167,21.476382813735356],[71.815012970271368,21.476059443012058],[71.815984317808429,21.475849158392272],[71.816773901833443,21.475847664306276],[71.817481681392451,21.475467318792735],[71.817946262837509,21.474973732017453],[71.818572764354442,21.474460885378566],[71.818936524103606,21.474156989464948],[71.81954368257135,21.474061079489875],[71.820454107833811,21.473775084860854],[71.821708493345866,21.473393673134431],[71.82251659867886,21.472615160211596],[71.823162399632409,21.471685355909067],[71.823404337604941,21.47123008448915],[71.823828604992059,21.470831310205877],[71.823888711754464,21.470546941475948],[71.823988679684319,21.469978243153573],[71.824067773382581,21.46912533282104],[71.824085671177301,21.468064089204844],[71.824084665362179,21.467609287284045],[71.823780200994662,21.467249823888874],[71.823798896344726,21.466548631636787],[71.824039986094164,21.465714357458697],[71.824463900355653,21.465163980841801],[71.824665083542271,21.464595085447193],[71.824582721980221,21.463969889726339],[71.824338031765919,21.463174457194196],[71.824036568989939,21.462434652966877]],[[71.793838905744465,21.477614010515694],[71.797283576696458,21.479010233663537],[71.800644292631915,21.478928423043605],[71.805057410634333,21.47865512623704],[71.807263565318493,21.478328933348699],[71.80839742691731,21.478364745902901],[71.808802628739087,21.478496649049756],[71.809673051803316,21.478419238388039],[71.810421675975249,21.478190448152628],[71.81070504068424,21.478152021455877],[71.811110203663532,21.478264968914718],[71.811616194590172,21.478188225932353]],[[71.824036568989939,21.462434652966877],[71.824036557420555,21.462434624574893]]]}},
{"type":"Feature","properties":{"Layer":"Drainage","Categories":"Stream","Feature_Co":"DRST","Validation":"Yes","Year_Updat":"2012-2013","Projtn_Dtm":"LCC_WGS1984","Cont_Offcr":null,"Cont_No":null,"Scale_mapi":"10000","Data_Sour":"Satellite Image","Proj_code":null,"Remarks":null},"geometry":{"type":"MultiLineString","coordinates":[[[71.819982389155882,21.461391688760404],[71.819759998003079,21.461856758481478],[71.819214323134318,21.462274704610081],[71.818264013566434,21.462807120394533],[71.818001911275474,21.463300323551397],[71.817416394475984,21.464021542459133],[71.816850583576752,21.464496369669323],[71.816507251045678,21.464876023251517],[71.816204609724593,21.465350350099019],[71.816063962206002,21.46584332053601],[71.81590294678881,21.466279478778599],[71.815660993311994,21.466734739803254],[71.81545944586172,21.467152023913343],[71.814630884185178,21.467835790931179],[71.814065496334891,21.468519059863699],[71.814046185688682,21.468954950101299],[71.813945611313088,21.469258341684551],[71.813804790267469,21.469675509751685],[71.813684253957732,21.470111589810667],[71.813685024771303,21.470471641591406],[71.813523916248769,21.470869897266308],[71.813160274682872,21.471230631840029],[71.813039330349895,21.471477210472507],[71.813039775722061,21.471685661484202],[71.813040342567191,21.471950962764311],[71.813040909420977,21.472216264035918],[71.813122700431592,21.472595114217121],[71.81312346996306,21.472955165910232],[71.812881658946949,21.473486223143052],[71.812882589812503,21.473922075154395],[71.812883075490788,21.474149476194803]]]}},
{"type":"Feature","properties":{"Layer":"Drainage","Categories":"Stream","Feature_Co":"DRST","Validation":"Yes","Year_Updat":"2012-2013","Projtn_Dtm":"LCC_WGS1984","Cont_Offcr":null,"Cont_No":null,"Scale_mapi":"10000","Data_Sour":"Satellite Image","Proj_code":null,"Remarks":null},"geometry":{"type":"MultiLineString","coordinates":[[[71.816534160821021,21.46025980764588],[71.81579021111645,21.46093574031898],[71.814616809370165,21.461279054604343],[71.813140150059567,21.461812430535915],[71.812553806811678,21.462154630498766],[71.811765505385097,21.462724607212312],[71.811118745056802,21.463218516285067],[71.810532431560162,21.463579659345175],[71.810290265047612,21.463940162325507],[71.810290826691201,21.464205463920692],[71.810291027280329,21.464300214488372],[71.810291187752327,21.464376014941788],[71.810291548817119,21.464546565959324],[71.810251622018072,21.464811942639365],[71.810252063273452,21.465020393872567],[71.810232260245343,21.465228882649658],[71.809949641717466,21.465608410310892],[71.809828536214354,21.465779186352936],[71.809545555363059,21.465988162335766],[71.80938396023943,21.466159012985482],[71.809019800435479,21.466273387299474],[71.808777346324021,21.466501237295262],[71.808615829549495,21.466709987431855],[71.808110513946986,21.467089922764043],[71.807503734115429,21.467356342053279],[71.807139569825395,21.467470712310242],[71.806613249743293,21.467490628205208],[71.806066961932643,21.467643230289202],[71.805703191088199,21.467947098571535],[71.805036458036142,21.468592622247069],[71.803478513783389,21.469031310828608]]]}},
{"type":"Feature","properties":{"Layer":"Drainage","Categories":"Stream","Feature_Co":"DRST","Validation":"Yes","Year_Updat":"2012-2013","Projtn_Dtm":"LCC_WGS1984","Cont_Offcr":null,"Cont_No":null,"Scale_mapi":"10000","Data_Sour":"Satellite Image","Proj_code":null,"Remarks":null},"geometry":{"type":"MultiLineString","coordinates":[[[71.798432151974723,21.474856695299867],[71.797084706369603,21.473017417782049],[71.796555735471969,21.472479329217197],[71.794633740421943,21.471269914528786],[71.794200671296622,21.470686730282583],[71.793768236040989,21.470417976603152],[71.793143130844626,21.469790207737621],[71.792373798645002,21.469027931663327],[71.791886673829922,21.465390343222566],[71.792374735632791,21.463247842404069]],[[71.792374735632791,21.463247842404069],[71.792695359651333,21.461840327396615],[71.79324575436587,21.461120658987955],[71.793316653635998,21.460581506285347],[71.793710842618452,21.459738582753971],[71.793889974971023,21.459333996818899],[71.793888759383719,21.45872759188763],[71.793995643415514,21.458188375563992],[71.794102796994437,21.45778391581646],[71.794676439501373,21.456704849292318],[71.795754103030262,21.455725958495528],[71.796042207572711,21.455826516876556],[71.796428750618176,21.455665808403971],[71.797075451441856,21.455134055170536],[71.797074376503204,21.454603450744809],[71.797343410163933,21.454173434416493],[71.798934039901567,21.453286256489541],[71.799472863860871,21.452805220644862],[71.800469997215686,21.452070691096015],[71.800874017670139,21.451665693658818],[71.801681480217724,21.450577760205892],[71.802183907672216,21.449644617450144]]]}},
{"type":"Feature","properties":{"Layer":"Drainage","Categories":"Stream","Feature_Co":"DRST","Validation":"Yes","Year_Updat":"2012-2013","Projtn_Dtm":"LCC_WGS1984","Cont_Offcr":null,"Cont_No":null,"Scale_mapi":"10000","Data_Sour":"Satellite Image","Proj_code":null,"Remarks":null},"geometry":{"type":"MultiLineString","coordinates":[[[71.793366902171982,21.476693299155851],[71.791745166383521,21.475660193455575],[71.791393686909856,21.475382870309524],[71.791230766669798,21.474903082740362],[71.790555560474147,21.474727388996751],[71.789961438349295,21.47460208575637],[71.789474145446661,21.473895456256773],[71.788878881653659,21.473189011797277],[71.788121859722096,21.472583911615235],[71.787418484433502,21.471801847173342],[71.787011401849682,21.470690801189718],[71.786685552442478,21.469705949481135],[71.786144601566079,21.469151003196242],[71.785225801040951,21.468621966864177],[71.784007440112759,21.466729018938569],[71.783303382434937,21.465567932958152]],[[71.783303382434937,21.465567932958152],[71.78313996297868,21.464810200867497],[71.783301331158185,21.464506724097095],[71.783489642067153,21.464177934543606],[71.783438931933176,21.46401292553411]],[[71.783438931933176,21.46401292553411],[71.783326662853327,21.463647604441906],[71.783298840491966,21.463218113156238],[71.783372101404851,21.462848671703409]],[[71.783372101404851,21.462848671703409],[71.783539423221242,21.462004891105035],[71.784023661094878,21.461170259648409],[71.784238663878597,21.460689822026943],[71.784804604165046,21.460234054019786],[71.785722020604481,21.460080887867182],[71.787043960762162,21.459750154329715],[71.787825472165935,21.459117137374246],[71.788361372566044,21.457120123694214],[71.788575509932613,21.456210143327386],[71.788574415967418,21.45565427167114],[71.788410434395615,21.454618608142518],[71.787867003989334,21.452775053853554],[71.78694815244566,21.452170224147626],[71.786596491941339,21.451766554858793],[71.78586608844374,21.450908726216856],[71.784973706504459,21.450025903105079],[71.784271045210332,21.449547025003884],[71.784026671394258,21.448789429692845],[71.784078790825248,21.447829194876828],[71.78501801458043,21.445048226627996],[71.787147206664187,21.443553833719147]],[[71.787147206664187,21.443553833719147],[71.788605527308434,21.444031399163112],[71.792195656255274,21.444353642130505],[71.794970759423549,21.444158100758681]]]}},
{"type":"Feature","properties":{"Layer":"Drainage","Categories":"Stream","Feature_Co":"DRST","Validation":"Yes","Year_Updat":"2012-2013","Projtn_Dtm":"LCC_WGS1984","Cont_Offcr":null,"Cont_No":null,"Scale_mapi":"10000","Data_Sour":"Satellite Image","Proj_code":null,"Remarks":null},"geometry":{"type":"MultiLineString","coordinates":[[[71.792193515374976,21.438616197811406],[71.785543776318775,21.437846227674356],[71.781765975214057,21.438080031068225],[71.779257583551129,21.438842244902244],[71.777531571242662,21.439476791016396],[71.776910281437864,21.439174615160628],[71.776127591401917,21.439150640777203],[71.77612873238067,21.439757048065847],[71.775617198355448,21.440414834183361],[71.773513083634256,21.44092362586305],[71.772351614778643,21.440394911280386],[71.771352688443997,21.440194396876716],[71.771245390789645,21.440548309497824],[71.770598751905183,21.441130498126761],[71.769222686002436,21.441309586023003],[71.76784730841247,21.441867667355872],[71.767037432868378,21.441742625867587],[71.765013594046991,21.441897444193884],[71.764555772827535,21.442250281737497]],[[71.764555772827535,21.442250281737497],[71.764450995198317,21.442331032228658],[71.763267674873347,21.442773491652943],[71.762523986077213,21.442874148597518],[71.761825712348795,21.442903667614704],[71.761355001015261,21.442847552271235],[71.760505043602166,21.442948366134914],[71.759867442593318,21.44294935711779],[71.7597155573538,21.442906954655882],[71.75933633447184,21.443078095240867],[71.759002804253143,21.44333444062045],[71.75809324317818,21.444074907015231],[71.757562478670749,21.444402617126858],[71.756545541729196,21.444517880529887],[71.75548291115858,21.444547931169485]]]}},
{"type":"Feature","properties":{"Layer":"Drainage","Categories":"Stream","Feature_Co":"DRST","Validation":"Yes","Year_Updat":"2012-2013","Projtn_Dtm":"LCC_WGS1984","Cont_Offcr":null,"Cont_No":null,"Scale_mapi":"10000","Data_Sour":"Satellite Image","Proj_code":null,"Remarks":null},"geometry":{"type":"MultiLineString","coordinates":[[[71.761151312363154,21.446943160891323],[71.760982884430788,21.447012459375635],[71.760634015331888,21.447183555563612],[71.760558587897663,21.447453714583357],[71.760559042296734,21.447709542737218],[71.760848071469411,21.448035984961038],[71.761046139181445,21.448433632121922],[71.761107548422672,21.448817279562888],[71.761077944153584,21.449243707094212],[71.760517258907768,21.449827301946435],[71.759743521341107,21.450126971503536],[71.759045513627157,21.450327031320558],[71.758742129517074,21.450469627751332],[71.758469559183524,21.45086800484416],[71.757953977954458,21.451209905393959]],[[71.757953977954458,21.451209905393959],[71.757619877744645,21.451153569192162],[71.757073207346977,21.45108334627551],[71.756753990999982,21.450856432931356],[71.756253041289924,21.450885626157749],[71.756004542377681,21.450945078060823],[71.755703505115562,21.450939542303161],[71.75521023963968,21.450886331348588],[71.754883510280152,21.45083886137224],[71.754428705533584,21.450803577494035],[71.754127907533473,21.450935946278193],[71.75384001204479,21.451122258852926],[71.753654541456271,21.451278435777674],[71.753398586063014,21.451416731272001],[71.753245273493576,21.451650806900233],[71.753072838949777,21.45193887519979],[71.752925640670853,21.452005053608929],[71.752803906733092,21.451981253596767],[71.752656450055085,21.451897532447227],[71.752534736896848,21.451885724183725],[71.752304223519801,21.451922047809759],[71.751913732413485,21.452042555857371],[71.751497693106472,21.45220507331581],[71.751218911287808,21.452283824995042]],[[71.751218911287808,21.452283824995042],[71.750880613836642,21.452379388195865]],[[71.750880613836642,21.452379388195865],[71.749897238524852,21.452657170100323]],[[71.764555772827535,21.442250281737497],[71.764285797158252,21.443326183467281],[71.763847106878487,21.444193851286137],[71.763575072625329,21.444876490262768],[71.763576042897824,21.445416571947362],[71.763470540021373,21.445843119503834],[71.76307664250794,21.446298545924485],[71.762697465814838,21.44649811945326],[71.761711058952883,21.44671285538778],[71.761151312363154,21.446943160891323]]]}},
{"type":"Feature","properties":{"Layer":"Drainage","Categories":"Stream","Feature_Co":"DRST","Validation":"Yes","Year_Updat":"2012-2013","Projtn_Dtm":"LCC_WGS1984","Cont_Offcr":null,"Cont_No":null,"Scale_mapi":"10000","Data_Sour":"Satellite Image","Proj_code":null,"Remarks":null},"geometry":{"type":"MultiLineString","coordinates":[[[71.751218911287808,21.452283824995042],[71.751166505187967,21.45246406445418],[71.750927990989311,21.452816186934967],[71.750814855137321,21.453242737939583],[71.750735914809397,21.453690556685299],[71.750748103341436,21.45415955791043],[71.750896530505784,21.454393845161142],[71.751261487081905,21.454734402599183],[71.751603415937339,21.454925760393067],[71.751968100732526,21.455106423679869],[71.752366836439421,21.455223077620566],[71.752776922721736,21.455318394395739],[71.752856813424685,21.455424868994992],[71.753039295049703,21.455595145623619],[71.753199537416904,21.456074582065565],[71.753268668079144,21.456543496728187],[71.753280772982706,21.456959200024727],[71.75321265451835,21.45707655793975],[71.753224446360534,21.457311049714072],[71.753361549091125,21.457577330352535],[71.753646608189371,21.457800748518423],[71.753874899731471,21.458120188073867],[71.754160016102546,21.458375583826804],[71.754171661750306,21.458524799499532],[71.754103709562671,21.458738093234818],[71.754001799384099,21.459068693276844],[71.753911441922028,21.459495211438607],[71.753752780063834,21.459932492674852],[71.753650868291672,21.460263092472029],[71.753742463102625,21.46055076071503],[71.753857017121547,21.460944989288347],[71.753698390475705,21.461403589403513],[71.753699073054079,21.461797990693441],[71.753643372828861,21.462512263105747],[71.753747168287674,21.463268931657119],[71.753770422748275,21.4635460438991]]]}},
{"type":"Feature","properties":{"Layer":"Drainage","Categories":"Stream","Feature_Co":"DRST","Validation":"Yes","Year_Updat":"2012-2013","Projtn_Dtm":"LCC_WGS1984","Cont_Offcr":null,"Cont_No":null,"Scale_mapi":"10000","Data_Sour":"Satellite Image","Proj_code":null,"Remarks":null},"geometry":{"type":"MultiLineString","coordinates":[[[71.750238289741901,21.44900110511654],[71.750376598224278,21.449981575919107],[71.75053820939786,21.451271138181998],[71.750595687719112,21.451590838235941],[71.750618915914202,21.451857291869455],[71.750630757746066,21.452123762543977],[71.750744840968579,21.452251506078547],[71.750880613836642,21.452379388195865]]]}},
{"type":"Feature","properties":{"Layer":"Drainage","Categories":"Stream","Feature_Co":"DRST","Validation":"Yes","Year_Updat":"2012-2013","Projtn_Dtm":"LCC_WGS1984","Cont_Offcr":null,"Cont_No":null,"Scale_mapi":"10000","Data_Sour":"Satellite Image","Proj_code":null,"Remarks":null},"geometry":{"type":"MultiLineString","coordinates":[[[71.766489822814094,21.452252045969793],[71.766167420485047,21.453067420603261],[71.765925710915013,21.4537310642249],[71.765805799913338,21.454584016678304],[71.765928082073771,21.455038628716895],[71.766252726422849,21.45545501823003],[71.766253276965585,21.455758221538236],[71.76592980041724,21.455986139090573],[71.765869586545833,21.456270488690443],[71.765829753041331,21.456630606922065],[71.765830234029295,21.456895909789246],[71.765972658430755,21.457293638875154],[71.765993761171373,21.45776736176424],[71.765853123014409,21.458355043242385],[71.76544900945369,21.458772590519473],[71.764561887152041,21.460763772361627],[71.764421172143443,21.461313552121471],[71.7645838068496,21.461692299980033]],[[71.761151312363154,21.446943160891323],[71.761643327685718,21.44748422310791],[71.762149782181638,21.447710834059226],[71.762615686405255,21.447899606522583],[71.763364503587269,21.447822628794071],[71.764457569865911,21.447820905274227],[71.765247006554546,21.447819656070497],[71.765814330997728,21.44812196050562],[71.765996887044736,21.448330123540099],[71.766118648662939,21.448500482485169],[71.766078783281003,21.448841650859229],[71.765938256675,21.449486183605934],[71.766161918028502,21.450035386031299],[71.766264677433966,21.450887984866096],[71.766306504123534,21.451626978893518],[71.766489822814094,21.452252045969793]]]}},
{"type":"Feature","properties":{"Layer":"Drainage","Categories":"Stream","Feature_Co":"DRST","Validation":"Yes","Year_Updat":"2012-2013","Projtn_Dtm":"LCC_WGS1984","Cont_Offcr":null,"Cont_No":null,"Scale_mapi":"10000","Data_Sour":"Satellite Image","Proj_code":null,"Remarks":null},"geometry":{"type":"MultiLineString","coordinates":[[[71.770902697860222,21.463198205836861],[71.771146713526576,21.463785267861372],[71.771694254264617,21.464296035793318],[71.771978130614443,21.464541927513363],[71.773984685958283,21.465808318312522],[71.77418787481885,21.466205940159174],[71.774229427579755,21.466774378868962],[71.774230030405505,21.467096531735276],[71.774129693546385,21.467570451867914],[71.774110122348603,21.467930538220635],[71.774353520294156,21.46817649204036],[71.774758877413262,21.468422179494254],[71.774941365001922,21.468573481372989],[71.775346688587405,21.468800217205551],[71.775630508516514,21.469008202112683]],[[71.766489822814094,21.452252045969793],[71.766632519961604,21.452801376444341],[71.766572412027799,21.453142577013249],[71.766553030422216,21.453616364541894],[71.766918434913876,21.454184290026276],[71.767365539509569,21.455150039622659],[71.767569559876435,21.456021425466481],[71.768361745804171,21.457498276794393],[71.768787862488395,21.458047150140935],[71.769600838113661,21.459808215365427],[71.769723380618728,21.460395475513518],[71.769946410201413,21.46058461824536],[71.770351738911899,21.460830316902392],[71.770513688935921,21.460830055105617],[71.770837694008932,21.460886381604841],[71.771141735959588,21.461094341780385],[71.771405291136588,21.461302367080101],[71.771405957758418,21.461662420603187],[71.771224779779615,21.462212271451914],[71.770962554327824,21.462724352901812],[71.770902697860222,21.463198205836861]]]}},
{"type":"Feature","properties":{"Layer":"Drainage","Categories":"Stream","Feature_Co":"DRST","Validation":"Yes","Year_Updat":"2012-2013","Projtn_Dtm":"LCC_WGS1984","Cont_Offcr":null,"Cont_No":null,"Scale_mapi":"10000","Data_Sour":"Satellite Image","Proj_code":null,"Remarks":null},"geometry":{"type":"MultiLineString","coordinates":[[[71.768586783691362,21.469834522358124],[71.768181640903961,21.469702520949774],[71.768099204754094,21.468906743528752],[71.768280194314357,21.468243195245893],[71.768339679437361,21.467560891485785],[71.768216407797553,21.466575677083664],[71.768255197262818,21.465647053335612],[71.768638312958757,21.464812628024742],[71.769122958442225,21.464148590624834],[71.769648645588134,21.463787689484857],[71.770902697860222,21.463198205836861]]]}},
{"type":"Feature","properties":{"Layer":"Drainage","Categories":"Stream","Feature_Co":"DRST","Validation":"Yes","Year_Updat":"2012-2013","Projtn_Dtm":"LCC_WGS1984","Cont_Offcr":null,"Cont_No":null,"Scale_mapi":"10000","Data_Sour":"Satellite Image","Proj_code":null,"Remarks":null},"geometry":{"type":"MultiLineString","coordinates":[[[71.777440077452269,21.465587151375185],[71.77921036624501,21.462844143152083],[71.780646156671082,21.4608653016071],[71.781016276505667,21.459943839315713],[71.780979061067214,21.459303804987403],[71.780581189003769,21.458260104076899],[71.780363262572081,21.457216100606527],[71.780361458903243,21.456272802667506],[71.779855830125811,21.455330348034035],[71.779710402054661,21.454555736641741],[71.779709502430521,21.45408408750929],[71.779401717655475,21.453090766331488],[71.779427600618547,21.452509582035589],[71.77966882532526,21.45162483388776],[71.779963978538206,21.450714728110416],[71.780206210833839,21.450360584586651],[71.780205341987724,21.449905779857868],[71.78015073534759,21.449577400125811],[71.779312518795919,21.448770256664858],[71.778636487144382,21.448089174017298],[71.778338070631392,21.447281125890363],[71.77830902029639,21.446194692190112],[71.778900904068479,21.44520829302132],[71.779574756794872,21.444752362429526],[71.780735028707539,21.444624085428735],[71.781409696840186,21.444597685562925],[71.781678370708178,21.443965558037601],[71.781919714033691,21.443156606886841],[71.783455709369392,21.441941195769367],[71.78469633150938,21.441509551099649],[71.785830175430519,21.441684488278966],[71.786803920388351,21.442794571956192],[71.787147206664187,21.443553833719147]]]}},
{"type":"Feature","properties":{"Layer":"Drainage","Categories":"Stream","Feature_Co":"DRST","Validation":"Yes","Year_Updat":"2012-2013","Projtn_Dtm":"LCC_WGS1984","Cont_Offcr":null,"Cont_No":null,"Scale_mapi":"10000","Data_Sour":"Satellite Image","Proj_code":null,"Remarks":null},"geometry":{"type":"MultiLineString","coordinates":[[[71.809974672796017,21.480013565773007],[71.810352283062485,21.479861263951175],[71.811052974529744,21.479304090530452],[71.811429829639948,21.478798051503784],[71.811616194590172,21.478188225932353]],[[71.807599421240894,21.480169554402824],[71.808085599601227,21.48029499347814],[71.808922396429281,21.480268182340009],[71.809489081178185,21.480166066691417],[71.809974672796017,21.480013565773007]]]}},
{"type":"Feature","properties":{"Layer":"Drainage","Categories":"Stream","Feature_Co":"DRST","Validation":"Yes","Year_Updat":"2012-2013","Projtn_Dtm":"LCC_WGS1984","Cont_Offcr":null,"Cont_No":null,"Scale_mapi":"10000","Data_Sour":"Satellite Image","Proj_code":null,"Remarks":null},"geometry":{"type":"MultiLineString","coordinates":[[[71.809974672796017,21.480013565773007],[71.809651906800198,21.480570035085513],[71.809653082166435,21.481125904013748],[71.809627315576151,21.481707089676917],[71.809546970229817,21.482010440865636],[71.809305024936236,21.482490959158206],[71.808900784315213,21.482820175909705]]]}},
{"type":"Feature","properties":{"Layer":"Drainage","Categories":"Stream","Feature_Co":"DRST","Validation":"Yes","Year_Updat":"2012-2013","Projtn_Dtm":"LCC_WGS1984","Cont_Offcr":null,"Cont_No":null,"Scale_mapi":"10000","Data_Sour":"Satellite Image","Proj_code":null,"Remarks":null},"geometry":{"type":"MultiLineString","coordinates":[[[71.824655926582437,21.49868945916942],[71.824854047464797,21.499001750509859],[71.824869644418868,21.499186483552371],[71.824702748248598,21.499257870871546],[71.824383827038631,21.499258490463482],[71.824064842856529,21.499230684433392],[71.823715894151633,21.499387699245588],[71.823625213848842,21.499586850893238],[71.823610781576733,21.499927980468769]],[[71.817160559366528,21.494856986193792],[71.817444653170867,21.495140698300709],[71.817829949162785,21.495405267308342],[71.81813367584617,21.495404689249067],[71.818518437544441,21.495422906276197],[71.819065434824324,21.495554513305727],[71.81991165744256,21.495941372246463],[71.820397777406981,21.496011503596726],[71.820641102269676,21.496167375132067],[71.820990919686139,21.496408317189395],[71.821264774753871,21.496635192009997],[71.821295522154685,21.496805683779716],[71.821280678946792,21.496962050645596],[71.821417888098424,21.497203400485873],[71.821615718910834,21.4973877832151],[71.82163178020086,21.497785704340544],[71.821677652390036,21.497927741744849],[71.821860204115538,21.498069515858777],[71.822073035577247,21.498168593678223],[71.822301085256569,21.498281854434154],[71.822468388734606,21.498395232142315],[71.822969547769134,21.498394264007459],[71.823318746193593,21.498350950830307],[71.823531359038569,21.498350539208648],[71.824017457133692,21.498406447376102],[71.824427842971957,21.498561989157349],[71.824655926582437,21.49868945916942]],[[71.813022432915801,21.491377968297723],[71.813428608278244,21.49194571059045],[71.81419912972099,21.492455916757166],[71.814746601225366,21.492814938650113],[71.815436343365263,21.493420041685749],[71.816206511010265,21.493759688001624],[71.816753705157765,21.493986052901274],[71.817118871756875,21.494307512122859],[71.817160559366528,21.494856986193792]]]}},
{"type":"Feature","properties":{"Layer":"Drainage","Categories":"Stream","Feature_Co":"DRST","Validation":"Yes","Year_Updat":"2012-2013","Projtn_Dtm":"LCC_WGS1984","Cont_Offcr":null,"Cont_No":null,"Scale_mapi":"10000","Data_Sour":"Satellite Image","Proj_code":null,"Remarks":null},"geometry":{"type":"MultiLineString","coordinates":[[[71.827088811201961,21.500034906987462],[71.82768058710046,21.499806346195104],[71.828151409035414,21.499819634531924],[71.828576702622769,21.49984722366138],[71.829047173116791,21.499704171984039],[71.829259435965454,21.499547415561736],[71.829380577973993,21.499390838563297]]]}},
{"type":"Feature","properties":{"Layer":"Drainage","Categories":"Stream","Feature_Co":"DRST","Validation":"Yes","Year_Updat":"2012-2013","Projtn_Dtm":"LCC_WGS1984","Cont_Offcr":null,"Cont_No":null,"Scale_mapi":"10000","Data_Sour":"Satellite Image","Proj_code":null,"Remarks":null},"geometry":{"type":"MultiLineString","coordinates":[[[71.819097853407158,21.498813868899717],[71.819204842380813,21.499126341111438],[71.819387672495395,21.499396030536328],[71.81963115723326,21.499622965984944],[71.819965639150183,21.499792876508128],[71.820649231420035,21.499876841171758],[71.820922656066216,21.499904741247047],[71.821226485614773,21.49994679497804]]]}},
{"type":"Feature","properties":{"Layer":"Drainage","Categories":"Stream","Feature_Co":"DRST","Validation":"Yes","Year_Updat":"2012-2013","Projtn_Dtm":"LCC_WGS1984","Cont_Offcr":null,"Cont_No":null,"Scale_mapi":"10000","Data_Sour":"Satellite Image","Proj_code":null,"Remarks":null},"geometry":{"type":"MultiLineString","coordinates":[[[71.824655926582437,21.49868945916942],[71.824640361494914,21.498518938599045],[71.824503240365047,21.498320229048748],[71.824533077708679,21.498078557414299],[71.824669220995929,21.497836679204784],[71.824805458486097,21.497637438408173]],[[71.825274725150678,21.49695432203778],[71.825517455951186,21.496840148706273],[71.82576031293307,21.496782825059341],[71.826291965981184,21.496838637832113],[71.826519985040662,21.496937680324525],[71.826960551752109,21.497007881526297],[71.82711209889554,21.496865459182501],[71.827324455157594,21.496751342710823],[71.827582815880078,21.496836111729827],[71.82796235015924,21.496778516839342]],[[71.824805458486097,21.497637438408173],[71.824865699822894,21.497409920156969],[71.824986876409653,21.497267558776379],[71.82507761660662,21.497096831393691],[71.825274725150678,21.49695432203778]]]}},
{"type":"Feature","properties":{"Layer":"Drainage","Categories":"Stream","Feature_Co":"DRST","Validation":"Yes","Year_Updat":"2012-2013","Projtn_Dtm":"LCC_WGS1984","Cont_Offcr":null,"Cont_No":null,"Scale_mapi":"10000","Data_Sour":"Satellite Image","Proj_code":null,"Remarks":null},"geometry":{"type":"MultiLineString","coordinates":[[[71.820819475472931,21.494404673056788],[71.821123262364523,21.494432514626855],[71.82132080815839,21.494488985150703],[71.821472982708997,21.494630818211938],[71.821640468768493,21.494829471964973],[71.821883761683978,21.494971129203467],[71.822096432212817,21.494999144502771],[71.822233233967665,21.495055731024642],[71.822628077540529,21.495054969045785],[71.822856060038959,21.495139804110735],[71.823160099880823,21.495281342069791],[71.823388020215233,21.495337751369703],[71.823585788065358,21.495493706780167],[71.823586479481932,21.495806382076527],[71.823556609556093,21.496033841108638],[71.823723942835898,21.496161430122232],[71.823982269038837,21.496231992242993],[71.82424078444204,21.496387829028638],[71.824332627547236,21.496714539915413],[71.824303231116616,21.497155186695224],[71.824395043357598,21.497467685000625],[71.824805458486097,21.497637438408173]]]}},
{"type":"Feature","properties":{"Layer":"Drainage","Categories":"Stream","Feature_Co":"DRST","Validation":"Yes","Year_Updat":"2012-2013","Projtn_Dtm":"LCC_WGS1984","Cont_Offcr":null,"Cont_No":null,"Scale_mapi":"10000","Data_Sour":"Satellite Image","Proj_code":null,"Remarks":null},"geometry":{"type":"MultiLineString","coordinates":[[[71.825274725150678,21.49695432203778],[71.825121755046254,21.496457179814627],[71.825090182329674,21.495917163521909],[71.825119386733789,21.495391241501572],[71.825224996083335,21.495078359344756],[71.825103000578693,21.494851195587799],[71.824950822325036,21.494709365883587],[71.824783552756969,21.494610203096251],[71.823917779654963,21.494540820928972],[71.823780946307679,21.494470023269869],[71.823536898334041,21.493987268412177],[71.823201860762651,21.493561539495133],[71.823201389955287,21.493348351728947],[71.822942912413339,21.493206725715613],[71.822654063199167,21.493065157945754],[71.822592974260843,21.492908937519797],[71.822759143405506,21.492510664379058],[71.822804419362711,21.492382663692517],[71.822803384930225,21.491913650515077],[71.822513943385189,21.491502044534325],[71.822173380176366,21.491149163491833],[71.822027778178892,21.490973563426017],[71.822027408813312,21.490805677989083],[71.822001378182975,21.49062185284108],[71.821804595106386,21.490478329492266],[71.821548071002582,21.490358904607703],[71.821376704110051,21.49011939687961],[71.821214055204479,21.489959818004824],[71.820948902853829,21.489800435862485],[71.820555656476131,21.489657288212072],[71.820222222116627,21.489522019604919],[71.81996566600661,21.489386603145316],[71.819752064613041,21.489363028240181],[71.819572596208261,21.489323398629104],[71.819401652408686,21.489275757949674],[71.819016950855413,21.489132590306944],[71.818777724134165,21.489109063066024],[71.818606502428224,21.488933508780487],[71.818469274906448,21.48867794370716],[71.818298158375754,21.488550356384426],[71.818075721227132,21.48839088823458],[71.817767865616617,21.488231582219708],[71.817562530638156,21.488080075434031],[71.817229119897576,21.487952795301926],[71.816801593435684,21.487753741670705],[71.816570634541421,21.487602282211096],[71.816297018690562,21.487474886916754],[71.815895172140543,21.487299766081168],[71.815544629226167,21.487148531167115],[71.815185596838504,21.48702129527631],[71.814895105966016,21.486989864513706],[71.814570568166687,21.487014459437116]],[[71.814570568166687,21.487014459437116],[71.814528116673998,21.487134458130789],[71.814392013906044,21.487398535564992],[71.814341432291059,21.487710419566959],[71.814342187613136,21.488062179919545],[71.814274212935047,21.488230194057202],[71.814086994462357,21.488558324023433],[71.813677736214615,21.488910854448218],[71.813388012063996,21.489239176002055],[71.813268561538663,21.48930335664453],[71.812892920320891,21.489399995415173],[71.812816367225594,21.489552035848142],[71.812680190853754,21.489784133665314],[71.812390206814342,21.48999253521016],[71.812219469093336,21.490040821805337],[71.811775131588519,21.48996970012907],[71.811510397612764,21.49000217217305],[71.8113484226471,21.490154371155462],[71.811143737239519,21.490306649511187],[71.810716890737197,21.490427362509035],[71.810272857766606,21.490500138820757],[71.80970901590706,21.490469206433605],[71.809204512496166,21.490222308525407]],[[71.809204512496166,21.490222308525407],[71.809169888505778,21.490006518751329],[71.80916948324878,21.489814649419767],[71.808869956774558,21.489551381927715],[71.808630208266692,21.489280008903073],[71.808262668145602,21.489168763051154],[71.807664411885895,21.489017968356517]]]}},
{"type":"Feature","properties":{"Layer":"Drainage","Categories":"Stream","Feature_Co":"DRST","Validation":"Yes","Year_Updat":"2012-2013","Projtn_Dtm":"LCC_WGS1984","Cont_Offcr":null,"Cont_No":null,"Scale_mapi":"10000","Data_Sour":"Satellite Image","Proj_code":null,"Remarks":null},"geometry":{"type":"MultiLineString","coordinates":[[[71.809204512496166,21.490222308525407],[71.808973793639609,21.490182762338801],[71.808615096401923,21.490215403511854],[71.808290651263633,21.49028795366398],[71.808128638936253,21.490424160452708],[71.808018029947959,21.490632223624434],[71.807933013174647,21.490824250389384],[71.807762390622173,21.490928494344168],[71.807232900349618,21.490985430799327],[71.806814540310341,21.491082134507899],[71.806481583722118,21.491170685969841],[71.806191236780919,21.491211191177982],[71.805875480621765,21.491355672029563],[71.805644894366822,21.491380077716482],[71.805465160138695,21.491212520036257],[71.805464609554534,21.490948699650449]],[[71.805464609554534,21.490948699650449],[71.805386997072219,21.490597079636501],[71.805326475865343,21.490467063160651]],[[71.805326475865343,21.490467063160651],[71.805275450311882,21.490357445802051],[71.804974830289197,21.489566530402353],[71.804914720002841,21.489414742891253]]]}},
{"type":"Feature","properties":{"Layer":"Drainage","Categories":"Stream","Feature_Co":"DRST","Validation":"Yes","Year_Updat":"2012-2013","Projtn_Dtm":"LCC_WGS1984","Cont_Offcr":null,"Cont_No":null,"Scale_mapi":"10000","Data_Sour":"Satellite Image","Proj_code":null,"Remarks":null},"geometry":{"type":"MultiLineString","coordinates":[[[71.803839111583073,21.489744480174313],[71.804069612564973,21.489680104203845],[71.804223368386474,21.489679824364853],[71.80439429130891,21.489719486063176],[71.80458246466128,21.489839062038637],[71.804676692894986,21.489966803695005],[71.80478803861466,21.490110503253035],[71.804942111323854,21.490262119357265],[71.805053324239992,21.490341862262557],[71.805215806142343,21.490429506046709],[71.805326475865343,21.490467063160651]]]}},
{"type":"Feature","properties":{"Layer":"Drainage","Categories":"Stream","Feature_Co":"DRST","Validation":"Yes","Year_Updat":"2012-2013","Projtn_Dtm":"LCC_WGS1984","Cont_Offcr":null,"Cont_No":null,"Scale_mapi":"10000","Data_Sour":"Satellite Image","Proj_code":null,"Remarks":null},"geometry":{"type":"MultiLineString","coordinates":[[[71.803252678737223,21.491176576900617],[71.803825047739778,21.491199520965004],[71.804371591158784,21.491126575051549],[71.804653413047205,21.491094083132346],[71.804969419741681,21.49106952294165],[71.805131685747952,21.49105323754501],[71.805464609554534,21.490948699650449]]]}},
{"type":"Feature","properties":{"Layer":"Drainage","Categories":"Stream","Feature_Co":"DRST","Validation":"Yes","Year_Updat":"2012-2013","Projtn_Dtm":"LCC_WGS1984","Cont_Offcr":null,"Cont_No":null,"Scale_mapi":"10000","Data_Sour":"Satellite Image","Proj_code":null,"Remarks":null},"geometry":{"type":"MultiLineString","coordinates":[[[71.811394382488643,21.486327839269151],[71.811820138795426,21.486592347375307],[71.812448045826088,21.48670487550006],[71.812934101400231,21.486760816517517],[71.813663246322818,21.48687315046848],[71.814089008248416,21.487137652708384],[71.814570568166687,21.487014459437116]]]}},
{"type":"Feature","properties":{"Layer":"Drainage","Categories":"Stream","Feature_Co":"DRST","Validation":"Yes","Year_Updat":"2012-2013","Projtn_Dtm":"LCC_WGS1984","Cont_Offcr":null,"Cont_No":null,"Scale_mapi":"10000","Data_Sour":"Satellite Image","Proj_code":null,"Remarks":null},"geometry":{"type":"MultiLineString","coordinates":[[[71.804720962979218,21.499984233249588],[71.804436844583194,21.499681549442155],[71.804294431105518,21.49935965694737],[71.804394690554673,21.498885721365873],[71.804495185999173,21.498525485983087],[71.804211228539714,21.498298601889235],[71.803906865675728,21.497995953939782],[71.803562045807197,21.49771232905151],[71.8035210371971,21.497466051982698],[71.803216441883976,21.497049702398144]]]}},
{"type":"Feature","properties":{"Layer":"Drainage","Categories":"Stream","Feature_Co":"DRST","Validation":"Yes","Year_Updat":"2012-2013","Projtn_Dtm":"LCC_WGS1984","Cont_Offcr":null,"Cont_No":null,"Scale_mapi":"10000","Data_Sour":"Satellite Image","Proj_code":null,"Remarks":null},"geometry":{"type":"MultiLineString","coordinates":[[[71.803384521963679,21.499986665788153],[71.803180774251544,21.499380631952505],[71.802592690294588,21.498964795610931],[71.802388986493824,21.498377710730573],[71.802104954287785,21.498112922908142],[71.801293595446168,21.497432183717144],[71.801050025511145,21.49714837093104],[71.800543457209315,21.496978731858107],[71.799510812407917,21.496999536472391],[71.798862350773362,21.496754346079694],[71.798801063017251,21.496489153888373],[71.798901648127796,21.496166821748478]]]}},
{"type":"Feature","properties":{"Layer":"Drainage","Categories":"Stream","Feature_Co":"DRST","Validation":"Yes","Year_Updat":"2012-2013","Projtn_Dtm":"LCC_WGS1984","Cont_Offcr":null,"Cont_No":null,"Scale_mapi":"10000","Data_Sour":"Satellite Image","Proj_code":null,"Remarks":null},"geometry":{"type":"MultiLineString","coordinates":[[[71.797066836745714,21.500016970381786],[71.796883787088646,21.499619343183216],[71.796295988406854,21.499336134900652],[71.795566410748251,21.499034225298974],[71.795221260215101,21.498580032512603],[71.794775020215425,21.498201817895893],[71.794086063232626,21.497956680421403],[71.793639980169544,21.497654262957344],[71.793151096813588,21.497451944842986]],[[71.793151096813588,21.497451944842986],[71.792910416272122,21.49735234153712],[71.792281758287146,21.496879689151811],[71.79163270464862,21.496331269381667]]]}},
{"type":"Feature","properties":{"Layer":"Drainage","Categories":"Stream","Feature_Co":"DRST","Validation":"Yes","Year_Updat":"2012-2013","Projtn_Dtm":"LCC_WGS1984","Cont_Offcr":null,"Cont_No":null,"Scale_mapi":"10000","Data_Sour":"Satellite Image","Proj_code":null,"Remarks":null},"geometry":{"type":"MultiLineString","coordinates":[[[71.793151096813588,21.497451944842986],[71.79363956184234,21.497445812217407],[71.794104978918611,21.497293392454004],[71.794469303904506,21.497216950152133],[71.794914432448479,21.497045613770471]]]}},
{"type":"Feature","properties":{"Layer":"Drainage","Categories":"Stream","Feature_Co":"DRST","Validation":"Yes","Year_Updat":"2012-2013","Projtn_Dtm":"LCC_WGS1984","Cont_Offcr":null,"Cont_No":null,"Scale_mapi":"10000","Data_Sour":"Satellite Image","Proj_code":null,"Remarks":null},"geometry":{"type":"MultiLineString","coordinates":[[[71.778615320982581,21.49766104562578],[71.779891323474033,21.497829464069937],[71.780438260377665,21.49794224774103],[71.780863486561259,21.497941533386793],[71.781288822020144,21.497997668210981],[71.781835359054412,21.497901996340453],[71.782219977700649,21.497844496593537],[71.782462854145749,21.497787235677869],[71.782746118204642,21.497673055619131],[71.782968488799682,21.497483177645499],[71.78329243287871,21.497463678493322],[71.783980928667162,21.497481459723609],[71.78466924024822,21.497404487701903],[71.785782849309257,21.497364686157724],[71.78645117022333,21.497420392006063],[71.78693721533908,21.497457458198575],[71.787281444725465,21.49745686661673],[71.787847888838684,21.497190589614707],[71.788252042534381,21.496772989654811],[71.788413285037535,21.496393708519392],[71.788675246270017,21.49574895120637],[71.788836449173147,21.495350719560737]],[[71.788836449173147,21.495350719560737],[71.788814031500849,21.494251649828389],[71.788224702287891,21.493172508962218],[71.787514489195402,21.49239677629744],[71.786965747333326,21.491355461063957],[71.785483175217323,21.489065031083069]],[[71.785483175217323,21.489065031083069],[71.784854060554309,21.48832704818216],[71.783516549170614,21.487722917222555],[71.782563419487559,21.486947574435199],[71.781568748513536,21.485622740954565],[71.781080051798583,21.484183349994751]]]}},
{"type":"Feature","properties":{"Layer":"Drainage","Categories":"Stream","Feature_Co":"DRST","Validation":"Yes","Year_Updat":"2012-2013","Projtn_Dtm":"LCC_WGS1984","Cont_Offcr":null,"Cont_No":null,"Scale_mapi":"10000","Data_Sour":"Satellite Image","Proj_code":null,"Remarks":null},"geometry":{"type":"MultiLineString","coordinates":[[[71.794404973772288,21.495435750751106],[71.794688796146701,21.495605801621544],[71.794952561618445,21.495870638091585],[71.795094721859414,21.49607883855413],[71.795176174900803,21.496306096288798],[71.795581644791397,21.496551731165717],[71.795865202475184,21.496589129515478],[71.796027230022887,21.496607792631863],[71.796148913709487,21.496702327642051],[71.796189948062889,21.496967556753887],[71.796190331653776,21.497157057393967]],[[71.790754440654496,21.495265032552229],[71.79102302235772,21.495214274171339],[71.791832923335861,21.495193911341151],[71.792784525352943,21.495154346190958],[71.793209856882385,21.495210450723491],[71.793857998027022,21.495304062713799],[71.794404973772288,21.495435750751106]],[[71.788836449173147,21.495350719560737],[71.789808526901197,21.495424836808361],[71.790516998697612,21.495309905537898],[71.790754440654496,21.495265032552229]]]}},
{"type":"Feature","properties":{"Layer":"Drainage","Categories":"Stream","Feature_Co":"DRST","Validation":"Yes","Year_Updat":"2012-2013","Projtn_Dtm":"LCC_WGS1984","Cont_Offcr":null,"Cont_No":null,"Scale_mapi":"10000","Data_Sour":"Satellite Image","Proj_code":null,"Remarks":null},"geometry":{"type":"MultiLineString","coordinates":[[[71.79631125819003,21.495519654351291],[71.796511008968181,21.495526777095947],[71.797138443199174,21.495393011457974],[71.797665057947157,21.495467874597985],[71.798090585109023,21.495618716992137],[71.798313666433287,21.49578887001806]],[[71.794404973772288,21.495435750751106],[71.795012504997345,21.495472579386348],[71.795437761716357,21.495490778086815],[71.796004758040169,21.495508724645756],[71.79631125819003,21.495519654351291]]]}},
{"type":"Feature","properties":{"Layer":"Drainage","Categories":"Stream","Feature_Co":"DRST","Validation":"Yes","Year_Updat":"2012-2013","Projtn_Dtm":"LCC_WGS1984","Cont_Offcr":null,"Cont_No":null,"Scale_mapi":"10000","Data_Sour":"Satellite Image","Proj_code":null,"Remarks":null},"geometry":{"type":"MultiLineString","coordinates":[[[71.79631125819003,21.495519654351291],[71.796673611696349,21.495829690595663],[71.797240801894702,21.495942383267014],[71.797706904286144,21.496131054692071],[71.797869201561255,21.496282366467906]]]}},
{"type":"Feature","properties":{"Layer":"Drainage","Categories":"Stream","Feature_Co":"DRST","Validation":"Yes","Year_Updat":"2012-2013","Projtn_Dtm":"LCC_WGS1984","Cont_Offcr":null,"Cont_No":null,"Scale_mapi":"10000","Data_Sour":"Satellite Image","Proj_code":null,"Remarks":null},"geometry":{"type":"MultiLineString","coordinates":[[[71.793206515725757,21.493542844105534],[71.793733198022579,21.493655619906392],[71.794442306118171,21.493862823370637],[71.795475082964742,21.493917850612725],[71.796629273413913,21.493934755681785],[71.797884821156956,21.494008322512883],[71.798917406514036,21.49396857811724],[71.799990215863119,21.493796104189485],[71.800698826973601,21.493756930160384],[71.800982146586776,21.493680619505842]],[[71.790754440654496,21.495265032552229],[71.790718655308709,21.494892651617953],[71.790636833625769,21.494475890793023],[71.790879098392224,21.49411541644703],[71.791405101851382,21.493887098151905],[71.792032382732003,21.493677551374226],[71.792578820425391,21.493543944411797],[71.793206515725757,21.493542844105534]]]}},
{"type":"Feature","properties":{"Layer":"Drainage","Categories":"Stream","Feature_Co":"DRST","Validation":"Yes","Year_Updat":"2012-2013","Projtn_Dtm":"LCC_WGS1984","Cont_Offcr":null,"Cont_No":null,"Scale_mapi":"10000","Data_Sour":"Satellite Image","Proj_code":null,"Remarks":null},"geometry":{"type":"MultiLineString","coordinates":[[[71.795000922188294,21.49320368507464],[71.795331777099676,21.493141148190261],[71.796728363209937,21.492873371917856],[71.797659815952557,21.492890665347741],[71.798854262451158,21.492793782578659],[71.799785365436634,21.492640513552018],[71.801081009714466,21.492524483168346]],[[71.793206515725757,21.493542844105534],[71.795000922188294,21.49320368507464]]]}},
{"type":"Feature","properties":{"Layer":"Drainage","Categories":"Stream","Feature_Co":"DRST","Validation":"Yes","Year_Updat":"2012-2013","Projtn_Dtm":"LCC_WGS1984","Cont_Offcr":null,"Cont_No":null,"Scale_mapi":"10000","Data_Sour":"Satellite Image","Proj_code":null,"Remarks":null},"geometry":{"type":"MultiLineString","coordinates":[[[71.796982284185745,21.488286985547084],[71.796962805529162,21.488666023169785],[71.796922886988114,21.488950346345277],[71.796822455956644,21.489348477886857],[71.797004877034453,21.489442904517826],[71.797106307651703,21.489537474957459],[71.797127170779504,21.489840640224045],[71.797127555443979,21.490030141009655],[71.797107807738129,21.490276528024971],[71.797047641265877,21.490560887176034],[71.796865910568968,21.4908075620143],[71.796643760306026,21.491092208702035],[71.79660368693888,21.491300731428584],[71.796543327120119,21.491490339999704],[71.796381765665032,21.491699078221188],[71.796078582731667,21.491964917714668],[71.795957631131998,21.492230433993761],[71.795594084804364,21.492685880943284],[71.795189734097079,21.492989798052616],[71.795000922188294,21.49320368507464]]]}},
{"type":"Feature","properties":{"Layer":"Drainage","Categories":"Stream","Feature_Co":"DRST","Validation":"Yes","Year_Updat":"2012-2013","Projtn_Dtm":"LCC_WGS1984","Cont_Offcr":null,"Cont_No":null,"Scale_mapi":"10000","Data_Sour":"Satellite Image","Proj_code":null,"Remarks":null},"geometry":{"type":"MultiLineString","coordinates":[[[71.785483175217323,21.489065031083069],[71.786353044775822,21.488665589404658],[71.786817996350592,21.488285788812394],[71.78699974104515,21.488039124670703],[71.786837464121817,21.48788780195795],[71.786472898513153,21.48783157677958],[71.786350857764688,21.487547533449202],[71.786471711874171,21.48722517351387],[71.786551848253879,21.486789182299255],[71.786814432187683,21.486466579037341],[71.787097782444732,21.486409242038338],[71.787765197024484,21.486029090887758],[71.78877662280189,21.485553592227994],[71.789200989191443,21.485135954798913],[71.789544365078299,21.48471845661561],[71.789867829694089,21.484471543773473],[71.790697278874418,21.484129000233583],[71.791586483638724,21.483293643992166],[71.792718903860873,21.482590508485352],[71.793346286451296,21.482456757473248]]]}},
{"type":"Feature","properties":{"Layer":"Drainage","Categories":"Stream","Feature_Co":"DRST","Validation":"Yes","Year_Updat":"2012-2013","Projtn_Dtm":"LCC_WGS1984","Cont_Offcr":null,"Cont_No":null,"Scale_mapi":"10000","Data_Sour":"Satellite Image","Proj_code":null,"Remarks":null},"geometry":{"type":"MultiLineString","coordinates":[[[71.778214776559665,21.499992581596121],[71.778090580185804,21.498571527214786],[71.778231313888895,21.498040688650821],[71.778615320982581,21.49766104562578]],[[71.778615320982581,21.49766104562578],[71.778735730987165,21.497092340190807],[71.778471018597855,21.496315825299586],[71.778016851071555,21.495625529085832],[71.777759510379255,21.494838897405483],[71.777148683683308,21.493058596497832],[71.776668576937226,21.491955862989681]],[[71.776668576937226,21.491955862989681],[71.776538588162097,21.491657295005567],[71.776253935805201,21.491032410260239],[71.776070131911027,21.490198906495074],[71.775603683160341,21.489801722803382],[71.775380137965769,21.489366237323257],[71.774994399488108,21.488817317423802],[71.774973511145177,21.488476248611978],[71.774973083999072,21.48824884718535],[71.775114175701759,21.487907511776786],[71.774971838188478,21.487585592988928]],[[71.774971838188478,21.487585592988928],[71.774464550742763,21.486998971268537],[71.774160130549618,21.486620467283043],[71.774078538209622,21.48629844799893]]]}},
{"type":"Feature","properties":{"Layer":"Drainage","Categories":"Stream","Feature_Co":"DRST","Validation":"Yes","Year_Updat":"2012-2013","Projtn_Dtm":"LCC_WGS1984","Cont_Offcr":null,"Cont_No":null,"Scale_mapi":"10000","Data_Sour":"Satellite Image","Proj_code":null,"Remarks":null},"geometry":{"type":"MultiLineString","coordinates":[[[71.774971838188478,21.487585592988928],[71.776348521126437,21.487507521540387],[71.777117672328359,21.487373596708309],[71.777623462261062,21.487164305330076],[71.777703589068082,21.486709367949047],[71.777520357403802,21.486179067299869],[71.777519243865271,21.485591613566907],[71.777862366708277,21.485022538055144],[71.778777004729122,21.484210894760633],[71.779034395211497,21.483812511436867],[71.779215966988474,21.483471104929357],[71.779351982583137,21.483129774359984],[71.77956392294594,21.482788316706028],[71.779912364705766,21.48236135442297],[71.780291691298288,21.482204379768266],[71.780489150967071,21.482232473827874],[71.780944347072946,21.482046945096961],[71.78135417822169,21.481960979963237],[71.781612049736836,21.481818419347661],[71.781611557764236,21.481562592683328],[71.781838429335323,21.481093193243883],[71.782293921529444,21.481063999391925],[71.782946597446795,21.48092076955318],[71.783750432258415,21.480421964705425],[71.784660610242256,21.479951400244332],[71.784979241667216,21.479822943629642]],[[71.784979241667216,21.479822943629642],[71.786240104801294,21.480090829596836],[71.787683441501031,21.480486305798248],[71.788488545394571,21.480641257321622],[71.790615692571606,21.481277141305934],[71.791724530499678,21.481445761465579],[71.792013327449354,21.481587383515077]]]}},
{"type":"Feature","properties":{"Layer":"Drainage","Categories":"Stream","Feature_Co":"DRST","Validation":"Yes","Year_Updat":"2012-2013","Projtn_Dtm":"LCC_WGS1984","Cont_Offcr":null,"Cont_No":null,"Scale_mapi":"10000","Data_Sour":"Satellite Image","Proj_code":null,"Remarks":null},"geometry":{"type":"MultiLineString","coordinates":[[[71.784979241667216,21.479822943629642],[71.786617860957463,21.479137935643742],[71.788120725848657,21.478922162742162],[71.789775798122946,21.478890876880133],[71.791020431918597,21.478632887462844]]]}},
{"type":"Feature","properties":{"Layer":"Drainage","Categories":"Stream","Feature_Co":"DRST","Validation":"Yes","Year_Updat":"2012-2013","Projtn_Dtm":"LCC_WGS1984","Cont_Offcr":null,"Cont_No":null,"Scale_mapi":"10000","Data_Sour":"Satellite Image","Proj_code":null,"Remarks":null},"geometry":{"type":"MultiLineString","coordinates":[[[71.768595114330822,21.496571328046876],[71.769041038601145,21.496816962694162],[71.769061879706129,21.497139081932623],[71.768840013622835,21.497613193209144],[71.768881172952732,21.497973180069902],[71.769144966257343,21.498275957883351],[71.769338630315758,21.498687370609986],[71.769415715476256,21.499199436319127],[71.769465270222327,21.500030854836272]]]}},
{"type":"Feature","properties":{"Layer":"Drainage","Categories":"Stream","Feature_Co":"DRST","Validation":"Yes","Year_Updat":"2012-2013","Projtn_Dtm":"LCC_WGS1984","Cont_Offcr":null,"Cont_No":null,"Scale_mapi":"10000","Data_Sour":"Satellite Image","Proj_code":null,"Remarks":null},"geometry":{"type":"MultiLineString","coordinates":[[[71.773116904461816,21.499956075354977],[71.773034740784837,21.499330854580766],[71.772973321804059,21.498970902002416],[71.772972826826759,21.4987056006259],[71.7730331847889,21.498497050266373],[71.773194999516164,21.498402034938536],[71.77345795242428,21.498250003461397],[71.773417029641124,21.498022668556921],[71.773173123095646,21.497530363451961],[71.772990247306069,21.497189559512012],[71.772827055779246,21.496545520628903],[71.772846279764124,21.495995934535184],[71.772844937101581,21.495275830515297],[71.772763377912895,21.494972761049883],[71.772215012513087,21.494082997544648],[71.771688027789807,21.493799602751352]],[[71.771688027789807,21.493799602751352],[71.770816859569877,21.493535714647884],[71.770431372012865,21.493119435231026],[71.769702017152284,21.492893212004681],[71.769175564303751,21.492894060920513],[71.768304197429217,21.492516458865733],[71.767696094775587,21.492157380833628],[71.767047741042347,21.491931016129421],[71.766622186624886,21.491742193896236],[71.765953175149605,21.491288455691393],[71.765729621785923,21.490834006973813],[71.765324354468305,21.490664099289759],[71.764919259571457,21.490588941258309],[71.764716438103079,21.490399760831082],[71.764452805214646,21.490172776024622],[71.76412839558644,21.489926936675211],[71.763702406901643,21.489491755125979],[71.763985225731645,21.489131255031769],[71.764328957139327,21.488865409064523],[71.764672515983861,21.4885048117217],[71.764752820883956,21.48812568073496],[71.764711606219777,21.487727792027204],[71.764548872998731,21.487311145495887],[71.764244443364163,21.486913673063569],[71.764081541488281,21.486402275312575],[71.763696262585682,21.486080730319941],[71.763087687177418,21.485437382696091],[71.76318865048691,21.485285622160482],[71.763430968399263,21.484925186652283],[71.763854996278326,21.484280211050503],[71.763894943822109,21.483976944789287],[71.763549278795608,21.483162631513885]]]}},
{"type":"Feature","properties":{"Layer":"Drainage","Categories":"Stream","Feature_Co":"DRST","Validation":"Yes","Year_Updat":"2012-2013","Projtn_Dtm":"LCC_WGS1984","Cont_Offcr":null,"Cont_No":null,"Scale_mapi":"10000","Data_Sour":"Satellite Image","Proj_code":null,"Remarks":null},"geometry":{"type":"MultiLineString","coordinates":[[[71.769629892874079,21.486715569599813],[71.76977239242612,21.487132243753813],[71.769935804150805,21.487908937492815],[71.770058477731894,21.488553045543458],[71.770261058537614,21.488609568604105],[71.770504309785068,21.488760776500754],[71.77088929496621,21.48891175435114],[71.770930456627866,21.489271741054118],[71.771093210184247,21.489688381061796],[71.771134442791151,21.490086267915824],[71.771135530961345,21.49067372164815],[71.770872694322065,21.490882599848771],[71.770812792087654,21.491337501164054],[71.770996006225374,21.491867809030712],[71.770996848322994,21.492322611832179],[71.77105811907775,21.492606765042314],[71.771484068281978,21.49300402712776],[71.771727539233765,21.49326893375267],[71.771688027789807,21.493799602751352]]]}},
{"type":"Feature","properties":{"Layer":"Drainage","Categories":"Stream","Feature_Co":"DRST","Validation":"Yes","Year_Updat":"2012-2013","Projtn_Dtm":"LCC_WGS1984","Cont_Offcr":null,"Cont_No":null,"Scale_mapi":"10000","Data_Sour":"Satellite Image","Proj_code":null,"Remarks":null},"geometry":{"type":"MultiLineString","coordinates":[[[71.776668576937226,21.491955862989681],[71.778897539836635,21.491717418983761],[71.779853932054706,21.491545268495965],[71.780536811092531,21.49128829622245],[71.781037210922136,21.49090371455911],[71.78152258625127,21.490604432457484]]]}},
{"type":"Feature","properties":{"Layer":"Drainage","Categories":"Stream","Feature_Co":"DRST","Validation":"Yes","Year_Updat":"2012-2013","Projtn_Dtm":"LCC_WGS1984","Cont_Offcr":null,"Cont_No":null,"Scale_mapi":"10000","Data_Sour":"Satellite Image","Proj_code":null,"Remarks":null},"geometry":{"type":"MultiLineString","coordinates":[[[71.757556047863076,21.485957653838678],[71.754899736750588,21.484589660800999]],[[71.754899736750588,21.484589660800999],[71.753773174459027,21.484009463355775]],[[71.753773174459027,21.484009463355775],[71.753592734497261,21.483740223092187],[71.753483759328489,21.483167670850563],[71.753770722219798,21.482594517861287],[71.754202127329009,21.482290658932914],[71.754380986456709,21.481650290686972],[71.754469933981554,21.48111173803726]],[[71.754469933981554,21.48111173803726],[71.754559082765496,21.48057196279159],[71.755168805336112,21.479324529933319],[71.756246664614565,21.478211135018427],[71.757936209302102,21.476995722722211],[71.758835317409662,21.476590061793612],[71.759410724870506,21.476319655736521],[71.759804852342455,21.475308365202608],[71.759730896232966,21.474196733536239],[71.759728686310126,21.472950233068158],[71.75969030581328,21.47160272068205],[71.759184278402444,21.470390690729296],[71.759145665535115,21.468908420861549],[71.758675642785605,21.467696333071018],[71.758889860526708,21.46671901128142],[71.759449778023452,21.466010140939016]],[[71.759449778023452,21.466010140939016],[71.759715788329132,21.465673361760082],[71.759408575426406,21.464941095608246],[71.759191429383776,21.464259223264861],[71.759513905735972,21.463450179248916],[71.759674426407358,21.462641386049746],[71.759430201324662,21.461909021830163],[71.758916016499228,21.461151808195773],[71.758833613650268,21.460343391361157],[71.758616299043126,21.459560450018746],[71.758507041179655,21.458827875409693],[71.75845198953688,21.458221552025989],[71.758451232360812,21.457792013860104],[71.758450163438638,21.457185607000071],[71.758475773684694,21.456402289714191],[71.758339661855501,21.455745557255224],[71.758095455300634,21.455013190301734],[71.758202528016781,21.454507684516102],[71.758066063555361,21.45364881594007],[71.757984025660093,21.453042533610851],[71.757955879893771,21.452385634053286],[71.757874065350762,21.451905686420496],[71.757953977954458,21.451209905393959]]]}},
{"type":"Feature","properties":{"Layer":"Drainage","Categories":"Stream","Feature_Co":"DRST","Validation":"Yes","Year_Updat":"2012-2013","Projtn_Dtm":"LCC_WGS1984","Cont_Offcr":null,"Cont_No":null,"Scale_mapi":"10000","Data_Sour":"Satellite Image","Proj_code":null,"Remarks":null},"geometry":{"type":"MultiLineString","coordinates":[[[71.749914280743965,21.496462544393832],[71.750359039102023,21.496044974385388],[71.750561363392364,21.495949920140916],[71.751168627410479,21.49583530719304],[71.751411545767894,21.495797041453169],[71.75157353470513,21.495796797614684],[71.751776379530924,21.496004944105469],[71.751796889041785,21.496156514684344],[71.752141475550189,21.496364447032466],[71.752526331555316,21.496439666504383],[71.753215082620159,21.496609175686576],[71.753903539312546,21.496608130819276],[71.754348813630969,21.496493752424954],[71.754915150235178,21.49613283580679],[71.755400555752786,21.495809941378443],[71.755946969980243,21.495638553557061],[71.756877639903706,21.495201271057599],[71.757322707606875,21.494973183996965],[71.75795007687266,21.494782714770444],[71.758314214767708,21.494592650371171]]]}},
{"type":"Feature","properties":{"Layer":"Drainage","Categories":"Stream","Feature_Co":"DRST","Validation":"Yes","Year_Updat":"2012-2013","Projtn_Dtm":"LCC_WGS1984","Cont_Offcr":null,"Cont_No":null,"Scale_mapi":"10000","Data_Sour":"Satellite Image","Proj_code":null,"Remarks":null},"geometry":{"type":"MultiLineString","coordinates":[[[71.754980123063078,21.498558359656801],[71.755082028793581,21.498937207613498],[71.755163454616891,21.499183435543809],[71.755224631604619,21.499429694362725],[71.755225160533371,21.499732896344092],[71.754881155973436,21.499866072794873],[71.754233017705971,21.499772309587904],[71.753686651743635,21.499981592141548]]]}},
{"type":"Feature","properties":{"Layer":"Drainage","Categories":"Stream","Feature_Co":"DRST","Validation":"Yes","Year_Updat":"2012-2013","Projtn_Dtm":"LCC_WGS1984","Cont_Offcr":null,"Cont_No":null,"Scale_mapi":"10000","Data_Sour":"Satellite Image","Proj_code":null,"Remarks":null},"geometry":{"type":"MultiLineString","coordinates":[[[71.783303382434937,21.465567932958152],[71.783894319425372,21.465894643031948],[71.78451519762379,21.465918855006969],[71.784866002875248,21.465867723997352],[71.785244144665498,21.465993414319136],[71.785703461950519,21.466220032950179]]]}},
{"type":"Feature","properties":{"Layer":"Drainage","Categories":"Stream","Feature_Co":"DRST","Validation":"Yes","Year_Updat":"2012-2013","Projtn_Dtm":"LCC_WGS1984","Cont_Offcr":null,"Cont_No":null,"Scale_mapi":"10000","Data_Sour":"Satellite Image","Proj_code":null,"Remarks":null},"geometry":{"type":"MultiLineString","coordinates":[[[71.783438931933176,21.46401292553411],[71.784268882968348,21.464175853659182],[71.784728143963562,21.46437720822091],[71.785133519862896,21.464629187285968],[71.785350098051879,21.464957288407732],[71.785674597791484,21.465259937984271],[71.78621489088971,21.465486416924755],[71.786863254679488,21.465763242690549]]]}},
{"type":"Feature","properties":{"Layer":"Drainage","Categories":"Stream","Feature_Co":"DRST","Validation":"Yes","Year_Updat":"2012-2013","Projtn_Dtm":"LCC_WGS1984","Cont_Offcr":null,"Cont_No":null,"Scale_mapi":"10000","Data_Sour":"Satellite Image","Proj_code":null,"Remarks":null},"geometry":{"type":"MultiLineString","coordinates":[[[71.783372101404851,21.462848671703409],[71.784078174242808,21.463266566979456],[71.784618310363769,21.463417250600763],[71.785104561587161,21.463618558238803],[71.785779808698422,21.463844808620848],[71.786265865507332,21.46394504534171],[71.786590216633712,21.464171892563417],[71.787292807496002,21.46457495861457]]]}},
{"type":"Feature","properties":{"Layer":"Drainage","Categories":"Stream","Feature_Co":"DRST","Validation":"Yes","Year_Updat":"2012-2013","Projtn_Dtm":"LCC_WGS1984","Cont_Offcr":null,"Cont_No":null,"Scale_mapi":"10000","Data_Sour":"Satellite Image","Proj_code":null,"Remarks":null},"geometry":{"type":"MultiLineString","coordinates":[[[71.792374735632791,21.463247842404069],[71.793757165353782,21.464164138763852],[71.794718695509886,21.465060827579407],[71.795487565849314,21.465598499119636],[71.79619306459999,21.466435739245906],[71.796769514032448,21.466734177379013],[71.797346937966793,21.467511747626379]]]}},
{"type":"Feature","properties":{"Layer":"Drainage","Categories":"Stream","Feature_Co":"DRST","Validation":"Yes","Year_Updat":"2012-2013","Projtn_Dtm":"LCC_WGS1984","Cont_Offcr":null,"Cont_No":null,"Scale_mapi":"10000","Data_Sour":"Satellite Image","Proj_code":null,"Remarks":null},"geometry":{"type":"MultiLineString","coordinates":[[[71.799368074547672,21.448259795778764],[71.800872828649929,21.444962439975409],[71.802017549695108,21.441658824546785],[71.802626639111594,21.440377529927282],[71.802517159939455,21.439636562341406],[71.801976296887673,21.439098509269815],[71.802263609503285,21.438828476076988],[71.802767585535534,21.438928633510731],[71.803091575450438,21.438995425998872],[71.803486975220338,21.438792573708298],[71.803557896767302,21.438287105012257],[71.803375960999617,21.437310443753269],[71.803337246720289,21.437231762628254]]]}},
{"type":"Feature","properties":{"Layer":"Drainage","Categories":"Stream","Feature_Co":"DRST","Validation":"Yes","Year_Updat":"2012-2013","Projtn_Dtm":"LCC_WGS1984","Cont_Offcr":null,"Cont_No":null,"Scale_mapi":"10000","Data_Sour":"Satellite Image","Proj_code":null,"Remarks":null},"geometry":{"type":"MultiLineString","coordinates":[[[71.824036557420555,21.462434624574893],[71.82652764459398,21.457797812299294],[71.826523480780452,21.455928069072367],[71.826748814209054,21.455515790580691]]]}},
{"type":"Feature","properties":{"Layer":"Drainage","Categories":"Stream","Feature_Co":"DRST","Validation":"Yes","Year_Updat":"2012-2013","Projtn_Dtm":"LCC_WGS1984","Cont_Offcr":null,"Cont_No":null,"Scale_mapi":"10000","Data_Sour":"Satellite Image","Proj_code":null,"Remarks":null},"geometry":{"type":"MultiLineString","coordinates":[[[71.825362011675324,21.451592816898692],[71.824760696228353,21.452141461504407],[71.823845604818544,21.453305513544297],[71.82338966956263,21.454620275363457],[71.822988097153797,21.456111799326322],[71.819771287676744,21.461337379024343]]]}},
{"type":"Feature","properties":{"Layer":"Drainage","Categories":"Stream","Feature_Co":"DRST","Validation":"Yes","Year_Updat":"2012-2013","Projtn_Dtm":"LCC_WGS1984","Cont_Offcr":null,"Cont_No":null,"Scale_mapi":"10000","Data_Sour":"Satellite Image","Proj_code":null,"Remarks":null},"geometry":{"type":"MultiLineString","coordinates":[[[71.817691352906692,21.460802260819086],[71.818563261876648,21.45546756038458]],[[71.818563261876648,21.45546756038458],[71.818613520793704,21.455160043310997],[71.817715498679235,21.451775981365106],[71.817306386661727,21.449805935842498],[71.817601630183475,21.449047367352232],[71.817681449200649,21.448516609900874],[71.817706413721055,21.447581685260165],[71.817628186771643,21.447023038333608]],[[71.817628186771643,21.447023038333608],[71.817596761483841,21.446798617739809],[71.817595120492399,21.446040612116164],[71.817513279046707,21.44563649602507]],[[71.817513279046707,21.44563649602507],[71.817836487298536,21.445332679102233],[71.818159639418951,21.445003594703806],[71.818185641719396,21.444548739967161],[71.818265840061855,21.44419485002523],[71.818211095890192,21.443841216603634],[71.818195244298636,21.443796994633541]]]}},
{"type":"Feature","properties":{"Layer":"Drainage","Categories":"Stream","Feature_Co":"DRST","Validation":"Yes","Year_Updat":"2012-2013","Projtn_Dtm":"LCC_WGS1984","Cont_Offcr":null,"Cont_No":null,"Scale_mapi":"10000","Data_Sour":"Satellite Image","Proj_code":null,"Remarks":null},"geometry":{"type":"MultiLineString","coordinates":[[[71.813618525556421,21.441727457739869],[71.813565629317949,21.442232896393662],[71.813917123845414,21.442535441375128],[71.814538502354182,21.442837478722243],[71.815025430095687,21.443367169542807],[71.815782408949758,21.443972150571994],[71.816107903570568,21.444729545239575],[71.816486943021758,21.445284702236201],[71.81729725967179,21.445586371726836],[71.817513279046707,21.44563649602507]]]}},
{"type":"Feature","properties":{"Layer":"Drainage","Categories":"Stream","Feature_Co":"DRST","Validation":"Yes","Year_Updat":"2012-2013","Projtn_Dtm":"LCC_WGS1984","Cont_Offcr":null,"Cont_No":null,"Scale_mapi":"10000","Data_Sour":"Satellite Image","Proj_code":null,"Remarks":null},"geometry":{"type":"MultiLineString","coordinates":[[[71.817628186771643,21.447023038333608],[71.818189970856167,21.44654482153566],[71.818755859881648,21.4461394735341],[71.819024814314247,21.445709422871559],[71.819827536038943,21.444978422843487]]]}},
{"type":"Feature","properties":{"Layer":"Drainage","Categories":"Stream","Feature_Co":"DRST","Validation":"Yes","Year_Updat":"2012-2013","Projtn_Dtm":"LCC_WGS1984","Cont_Offcr":null,"Cont_No":null,"Scale_mapi":"10000","Data_Sour":"Satellite Image","Proj_code":null,"Remarks":null},"geometry":{"type":"MultiLineString","coordinates":[[[71.818563261876648,21.45546756038458],[71.821893452022763,21.451385440080625],[71.82272192913365,21.450720587449695],[71.822680444043215,21.450265862587543],[71.822719469143181,21.449602530216026],[71.822313919102797,21.449281158246638],[71.822252818221969,21.449110724052591],[71.822252277008957,21.448864372412814]],[[71.822252277008957,21.448864372412814],[71.822312253526732,21.448523153197943],[71.821764723005685,21.448069401709805],[71.821460554686553,21.447823633456899],[71.821581507361074,21.447595998587857],[71.821965935800534,21.447519458694252],[71.822419713479434,21.447345363947914]]]}},
{"type":"Feature","properties":{"Layer":"Drainage","Categories":"Stream","Feature_Co":"DRST","Validation":"Yes","Year_Updat":"2012-2013","Projtn_Dtm":"LCC_WGS1984","Cont_Offcr":null,"Cont_No":null,"Scale_mapi":"10000","Data_Sour":"Satellite Image","Proj_code":null,"Remarks":null},"geometry":{"type":"MultiLineString","coordinates":[[[71.822252277008957,21.448864372412814],[71.822474939072521,21.448863943545497],[71.823243383583872,21.448521357475524],[71.823374545346468,21.448459644437804]]]}},
{"type":"Feature","properties":{"Layer":"Drainage","Categories":"Stream","Feature_Co":"DRST","Validation":"Yes","Year_Updat":"2012-2013","Projtn_Dtm":"LCC_WGS1984","Cont_Offcr":null,"Cont_No":null,"Scale_mapi":"10000","Data_Sour":"Satellite Image","Proj_code":null,"Remarks":null},"geometry":{"type":"MultiLineString","coordinates":[[[71.828006746921801,21.463455852633125],[71.829001458404548,21.461584803679489]]]}},
{"type":"Feature","properties":{"Layer":"Drainage","Categories":"Stream","Feature_Co":"DRST","Validation":"Yes","Year_Updat":"2012-2013","Projtn_Dtm":"LCC_WGS1984","Cont_Offcr":null,"Cont_No":null,"Scale_mapi":"10000","Data_Sour":"Satellite Image","Proj_code":null,"Remarks":null},"geometry":{"type":"MultiLineString","coordinates":[[[71.74989910493737,21.483609539219874],[71.750507835133618,21.483407428201652],[71.750991396226311,21.483339636187367],[71.751528784990811,21.483322061740349],[71.751976863713779,21.483455520079094],[71.752281689433943,21.48362272678272],[71.752443088441339,21.483723083000697],[71.752639968470973,21.483622185642702],[71.752926331037074,21.483470852727351],[71.753051815492938,21.483520962750035],[71.753123703122029,21.483654987096195],[71.75321356284492,21.483822517480469],[71.753339163737493,21.483939693698925],[71.753608105899474,21.484073419040875],[71.753773174459027,21.484009463355775]]]}},
{"type":"Feature","properties":{"Layer":"Drainage","Categories":"Stream","Feature_Co":"DRST","Validation":"Yes","Year_Updat":"2012-2013","Projtn_Dtm":"LCC_WGS1984","Cont_Offcr":null,"Cont_No":null,"Scale_mapi":"10000","Data_Sour":"Satellite Image","Proj_code":null,"Remarks":null},"geometry":{"type":"MultiLineString","coordinates":[[[71.754469933981554,21.48111173803726],[71.755448246660748,21.481203519956402],[71.755788986758958,21.4814209653821],[71.756272890786192,21.481554357428138],[71.75664960727849,21.481855579161266],[71.757008352697767,21.482123294356352],[71.757510173901409,21.482256655231492],[71.758173042777841,21.482289166050506]]]}},
{"type":"Feature","properties":{"Layer":"Drainage","Categories":"Stream","Feature_Co":"DRST","Validation":"Yes","Year_Updat":"2012-2013","Projtn_Dtm":"LCC_WGS1984","Cont_Offcr":null,"Cont_No":null,"Scale_mapi":"10000","Data_Sour":"Satellite Image","Proj_code":null,"Remarks":null},"geometry":{"type":"MultiLineString","coordinates":[[[71.754899736750588,21.484589660800999],[71.755794815298643,21.484757519338544],[71.756528940292966,21.484555194497744],[71.757066156028529,21.484437002622226],[71.757191554343223,21.484436809714335],[71.757531950681042,21.484453052230762]]]}},
{"type":"Feature","properties":{"Layer":"Drainage","Categories":"Stream","Feature_Co":"DRST","Validation":"Yes","Year_Updat":"2012-2013","Projtn_Dtm":"LCC_WGS1984","Cont_Offcr":null,"Cont_No":null,"Scale_mapi":"10000","Data_Sour":"Satellite Image","Proj_code":null,"Remarks":null},"geometry":{"type":"MultiLineString","coordinates":[[[71.759449778023452,21.466010140939016],[71.759632576065755,21.466878344079642],[71.759901759975591,21.467162959491365],[71.760171004465917,21.467481107706153],[71.760332688736511,21.467749122902489],[71.760655760829991,21.468117486520683],[71.760871362017753,21.468486017154582],[71.761015315762265,21.46885465932084],[71.761230590158974,21.469038756579444],[71.761714757389583,21.469339799662382],[71.761949084591805,21.470160999542866],[71.762361637718016,21.470478919494155]]]}},
{"type":"Feature","properties":{"Layer":"Drainage","Categories":"Stream","Feature_Co":"DRST","Validation":"Yes","Year_Updat":"2012-2013","Projtn_Dtm":"LCC_WGS1984","Cont_Offcr":null,"Cont_No":null,"Scale_mapi":"10000","Data_Sour":"Satellite Image","Proj_code":null,"Remarks":null},"geometry":{"type":"MultiLineString","coordinates":[[[71.814018558875063,21.493653969117268],[71.815022275556089,21.494311243918212],[71.815862370580049,21.494461772659292],[71.816810989133714,21.494688148802428],[71.817160559366528,21.494856986193792]]]}},
{"type":"Feature","properties":{"Layer":"Drainage","Categories":"River","Feature_Co":"DRRV","Validation":"Yes","Year_Updat":"2012-2013","Projtn_Dtm":"LCC_WGS1984","Cont_Offcr":null,"Cont_No":null,"Scale_mapi":"10000","Data_Sour":"Satellite Image","Proj_code":null,"Remarks":null},"geometry":{"type":"MultiLineString","coordinates":[[[71.757202778212573,21.523663036701596],[71.757864205840619,21.524526567216018],[71.758341903572017,21.525004264947381],[71.758746171588569,21.525353902150922]]]}},
{"type":"Feature","properties":{"Layer":"Drainage","Categories":"Stream","Feature_Co":"DRST","Validation":"Yes","Year_Updat":"2012-2013","Projtn_Dtm":"LCC_WGS1984","Cont_Offcr":null,"Cont_No":null,"Scale_mapi":"10000","Data_Sour":"Satellite Image","Proj_code":null,"Remarks":null},"geometry":{"type":"MultiLineString","coordinates":[[[71.744771081065338,21.511817825312601],[71.744991015215277,21.511857813339812],[71.745330913446949,21.511957783408011],[71.745530853583247,21.512057753476039],[71.745810769774067,21.512237699598792],[71.746170662019452,21.512417645721467],[71.746450578210258,21.512417645721442],[71.747070392632793,21.512417645721467],[71.747450278891733,21.512337669666898],[71.747810171137033,21.512257693612366],[71.748170063382346,21.512277687625978],[71.74842566906851,21.512301696908001]]]}},
{"type":"Feature","properties":{"Layer":"Drainage","Categories":"Stream","Feature_Co":"DRST","Validation":"Yes","Year_Updat":"2012-2013","Projtn_Dtm":"LCC_WGS1984","Cont_Offcr":null,"Cont_No":null,"Scale_mapi":"10000","Data_Sour":"Satellite Image","Proj_code":null,"Remarks":null},"geometry":{"type":"MultiLineString","coordinates":[[[71.750921739508158,21.508348863947749],[71.750861757467248,21.509128630479317],[71.750861757467263,21.509323572112304],[71.750966726038854,21.509593491296265],[71.751176663181923,21.510103338643795],[71.751191658692122,21.510373257827858],[71.751191658692107,21.510658172522003],[71.751131676651269,21.511317974971814],[71.751071694610332,21.51259259334066],[71.750966726038797,21.513237400280246],[71.750741793385529,21.513597292525585],[71.750696806854819,21.513957184770909],[71.750666138928381,21.514632867046107]],[[71.753680913389047,21.50001136026432],[71.753635926858294,21.500566194142415],[71.753485971756163,21.500776131285665],[71.753366007674359,21.500911090877494],[71.753291030123236,21.501166014551448],[71.753171066041432,21.501540902306932],[71.753021110939244,21.501705852919372],[71.752751191755252,21.501810821490984],[71.752286330938333,21.501975772103282],[71.751866456652124,21.502230695777047],[71.751671515019254,21.502485619450926],[71.751596537468089,21.502950480267799],[71.751551550937435,21.503310372513162],[71.75155155093745,21.503745242309641],[71.751641523998728,21.50422509863661],[71.751671515019282,21.504540004351366],[71.751656519509055,21.504944883127372],[71.751566546447648,21.505184811290952],[71.751506564406824,21.505439734964781],[71.751341613794466,21.505814622720241],[71.751131676651212,21.50591959129175],[71.751026708079678,21.506024559863334],[71.750966726038783,21.506219501496297],[71.751011712569422,21.506999268027812],[71.750951730528612,21.507629079457203],[71.750921739508129,21.508153922314904],[71.750921739508158,21.508348863947749]]]}},
{"type":"Feature","properties":{"Layer":"Drainage","Categories":"Stream","Feature_Co":"DRST","Validation":"Yes","Year_Updat":"2012-2013","Projtn_Dtm":"LCC_WGS1984","Cont_Offcr":null,"Cont_No":null,"Scale_mapi":"10000","Data_Sour":"Satellite Image","Proj_code":null,"Remarks":null},"geometry":{"type":"MultiLineString","coordinates":[[[71.754610635022814,21.508363859458036],[71.754445684410356,21.508363859458036],[71.754280733797884,21.508393850478509],[71.754115783185441,21.508528810070487],[71.753995819103693,21.508738747213624],[71.753830868491278,21.508678765172718],[71.753590940327641,21.508498819050054],[71.753381003184543,21.508393850478431],[71.753126079510878,21.508363859458061],[71.752841164816559,21.508378854968207],[71.752661218693945,21.508453832519347],[71.752541254612098,21.508513814560253],[71.752286330938389,21.508543805580686],[71.751851461141868,21.508543805580647],[71.751581541957904,21.508528810070437],[71.751281631753557,21.508438837009201],[71.750921739508158,21.508348863947749]]]}},
{"type":"Feature","properties":{"Layer":"Drainage","Categories":"Stream","Feature_Co":"DRST","Validation":"Yes","Year_Updat":"2012-2013","Projtn_Dtm":"LCC_WGS1984","Cont_Offcr":null,"Cont_No":null,"Scale_mapi":"10000","Data_Sour":"Satellite Image","Proj_code":null,"Remarks":null},"geometry":{"type":"MultiLineString","coordinates":[[[71.774636434746611,21.521743388327504],[71.774667269266061,21.521610799893832],[71.774811406769558,21.521271047207101],[71.774904066593166,21.52091070344844],[71.774914362129124,21.520673906121264],[71.774873179985335,21.520540064153831],[71.774574609442425,21.520087060571576],[71.774420176402984,21.5198502632444],[71.774317221043376,21.519603170381302],[71.774451063010886,21.519314895374418],[71.774646678194145,21.51916046233498],[71.774945248736998,21.51900602929549],[71.775254114815866,21.518964847151715],[71.775439434463166,21.518903073935935],[71.775738005006005,21.518779527504336],[71.775995393405097,21.518450070353655],[71.776263077340104,21.517832338195973],[71.776376328235713,21.517471994437351],[71.776530761275055,21.51713224175057],[71.776561647882971,21.516895444423497],[71.776664603242608,21.516658647096371],[71.776983764857363,21.516442440841214],[71.77716908450472,21.516298303337685],[71.777302926472231,21.516123279226324],[71.777457359511629,21.515824708683457],[71.777611792550985,21.515557024748418],[71.777786816662442,21.515484955996815],[71.777858885414162,21.515268749741622],[71.77774563451851,21.515001065806608],[71.77749854165549,21.514753972943534],[71.777457359511573,21.514527471152253],[71.777539723799293,21.514228900609488],[71.777550019335266,21.514053876498132],[71.777642679158959,21.513765601491208],[71.777745634518567,21.513569986307996],[71.778003022917616,21.513281711301062],[71.7779824318457,21.512890480934484],[71.777879476486078,21.512643388071425],[71.777879476486078,21.51233452199256],[71.77792065862991,21.512149202345345],[71.778003022917588,21.511994769305819],[71.778044205061462,21.511809449658553],[71.778023613989518,21.511665312155085],[71.777725043446594,21.511521174651655],[71.777539723799322,21.511428514828022],[71.777580905943211,21.511222604108749],[71.777519132727392,21.511068171069322],[71.777354404152007,21.510872555886049],[71.777282335400329,21.510697531774664],[71.777354404152049,21.510409256767794],[71.777416177367812,21.510193050512587],[71.777292630936273,21.510018026401255],[71.777127902360903,21.509832706754004],[71.777014651465251,21.509894479969695],[71.776849922889966,21.509915071041689],[71.776798445210105,21.509791524610154],[71.776932287177601,21.50968856925055],[71.777199971112566,21.509523840675111],[71.777374995223951,21.509420885315482],[71.777786816662385,21.509379703171632],[71.778054500597364,21.509379703171696],[71.778311888996456,21.509225270132244],[71.77851779971563,21.508772266549911],[71.77860016400335,21.508525173686838],[71.778486913107798,21.508257489751887],[71.77838395774809,21.5080927611764],[71.778342775604301,21.507958919208956],[71.778291297924525,21.507814781705552],[71.778250115780637,21.507722121881816],[71.778301593460455,21.507557393306485],[71.778404548820035,21.507444142410868],[71.778456026499882,21.507217640619803],[71.778404548820035,21.50705291204434],[71.778239820244679,21.507011729900441],[71.778075091669322,21.507063207580288]],[[71.778075091669322,21.507063207580288],[71.777879476485992,21.507083798652246],[71.77774563451851,21.506980843292627],[71.777539723799293,21.50688818346902],[71.777261744328385,21.506805819181295],[71.777082651358924,21.506753583765747]],[[71.777082651358924,21.506753583765747],[71.777014651465265,21.506733750429632],[71.77688080949774,21.506424884350729],[71.776849922889923,21.506188087023641],[71.777014651465308,21.505992471840365],[71.777220562184453,21.505827743264991],[71.777405881831925,21.505652719153559],[71.777519132727349,21.505549763794004],[71.777539723799336,21.505343853074756],[71.777405881831868,21.505065873603847],[71.777313222008061,21.504787894132782],[71.777199971112566,21.504684938773241],[71.777066129145112,21.50459227894957],[71.776952878249489,21.504406959302241],[71.776952878249503,21.50424223072692],[71.777035242537195,21.504026024471749],[71.777189675576594,21.503809818216478],[71.77735440415195,21.503603907497293],[71.777550019335294,21.503490656601667],[71.777704452374692,21.503243563738671],[71.777838294342203,21.502934697659793],[71.778157455957043,21.502358147645975],[71.778239820244679,21.501925735135536],[71.778301593460441,21.501513913697156],[71.778332480068372,21.501060910114848],[71.778319072174966,21.500549629088393],[71.77826442206495,21.500251155410794],[71.778214776559665,21.499992581596121]]]}},
{"type":"Feature","properties":{"Layer":"Drainage","Categories":"Stream","Feature_Co":"DRST","Validation":"Yes","Year_Updat":"2012-2013","Projtn_Dtm":"LCC_WGS1984","Cont_Offcr":null,"Cont_No":null,"Scale_mapi":"10000","Data_Sour":"Satellite Image","Proj_code":null,"Remarks":null},"geometry":{"type":"MultiLineString","coordinates":[[[71.77446135854683,21.506435179886587],[71.77473933801771,21.506496953102392],[71.775140863920271,21.506589612926128],[71.775346774639544,21.50662049953398],[71.775542389822846,21.506620499534016],[71.77577918714988,21.506641090605935],[71.77611893983665,21.506641090605935],[71.776376328235685,21.506630795069938],[71.776849922889852,21.506774932573457],[71.777082651358924,21.506753583765747]]]}},
{"type":"Feature","properties":{"Layer":"Drainage","Categories":"Stream","Feature_Co":"DRST","Validation":"Yes","Year_Updat":"2012-2013","Projtn_Dtm":"LCC_WGS1984","Cont_Offcr":null,"Cont_No":null,"Scale_mapi":"10000","Data_Sour":"Satellite Image","Proj_code":null,"Remarks":null},"geometry":{"type":"MultiLineString","coordinates":[[[71.789482545514545,21.506404293278784],[71.789070724076112,21.506476362030551],[71.788823631213006,21.50657931739018],[71.788504469598237,21.506671977213877],[71.788133830303622,21.50674404596559],[71.787948510656307,21.506558726318275],[71.787732304401075,21.506486657566533],[71.787382256178432,21.506393997742826],[71.786980730275914,21.506363111134998],[71.786774819556655,21.506208678095561],[71.786486544549746,21.506043949520073],[71.786064427575397,21.506033653984229],[71.785817334712263,21.505889516480746],[71.785292262378292,21.505745378977295],[71.785137829338879,21.505652719153687],[71.784962805227536,21.505611537009813],[71.784726007900375,21.505508581650155],[71.784540688253045,21.505405626290511],[71.784273004318052,21.505354148610753],[71.783964138239227,21.50540562629055],[71.783686158768319,21.505477695042302],[71.783552316800822,21.505539468258021],[71.783336110545619,21.505786561121155],[71.783099313218486,21.505982176304407]],[[71.783099313218486,21.505982176304407],[71.782872811427296,21.506023358448243],[71.78272867392387,21.505961585232512],[71.782563945348528,21.505971880768474],[71.782388921237185,21.506043949520212],[71.781987395334596,21.506105722735917],[71.781637347111996,21.506136609343834],[71.781379958712947,21.506146904879806],[71.781019614954289,21.50609542720002],[71.780700453339449,21.506085131664047],[71.780473951548316,21.506085131664076],[71.780123903325645,21.506105722735942],[71.779928288142415,21.506116018271875],[71.779598830991588,21.506023358448321],[71.779310555984722,21.506013062912348],[71.778795779186609,21.506064540592092],[71.77845602649991,21.506167495951672],[71.778322184532399,21.506249860239357],[71.778178047028931,21.506404293278798],[71.77813686488507,21.506569021854144],[71.778136864885127,21.506713159357613],[71.778075091669322,21.507063207580288]]]}},
{"type":"Feature","properties":{"Layer":"Drainage","Categories":"Stream","Feature_Co":"DRST","Validation":"Yes","Year_Updat":"2012-2013","Projtn_Dtm":"LCC_WGS1984","Cont_Offcr":null,"Cont_No":null,"Scale_mapi":"10000","Data_Sour":"Satellite Image","Proj_code":null,"Remarks":null},"geometry":{"type":"MultiLineString","coordinates":[[[71.785621719529061,21.507320595979408],[71.785529059705411,21.507227936155761],[71.785384922201928,21.507073503116363],[71.785230489162515,21.506960252220736],[71.785034873979214,21.506795523645362],[71.784880440939801,21.506589612926177],[71.784674530220585,21.506466066494589],[71.784427437357451,21.506229269167402],[71.784324481997928,21.506167495951697],[71.784170048958515,21.506146904879742],[71.783922956095367,21.506146904879778],[71.783809705199829,21.506146904879703],[71.78356261233678,21.505971880768474],[71.783490543585003,21.505971880768474],[71.783099313218486,21.505982176304407]]]}},
{"type":"Feature","properties":{"Layer":"Drainage","Categories":"Stream","Feature_Co":"DRST","Validation":"Yes","Year_Updat":"2012-2013","Projtn_Dtm":"LCC_WGS1984","Cont_Offcr":null,"Cont_No":null,"Scale_mapi":"10000","Data_Sour":"Satellite Image","Proj_code":null,"Remarks":null},"geometry":{"type":"MultiLineString","coordinates":[[[71.765907356662666,21.517333609932273],[71.765838788892367,21.517596453051613],[71.765770221122111,21.517859296171157],[71.76551880596439,21.518316414639656],[71.765267390806727,21.518659253491151],[71.765095971381001,21.518944952533985],[71.76482170029989,21.519162083806563],[71.764513145333567,21.519493494696238],[71.764204590367214,21.519710625968855],[71.76396460317126,21.520110604628851],[71.763873179477514,21.520362019786489],[71.763873179477528,21.520830566216819],[71.763873179477571,21.521230544876829],[71.763873179477557,21.521516243919638],[71.763918891324394,21.521779087039107],[71.764193162405533,21.522007646273376],[71.764490289410091,21.522179065699078],[71.764547429218638,21.522476192703682],[71.764490289410105,21.523081874674499],[71.764341725907812,21.523413285564214],[71.764364581831245,21.523733268492109],[71.764113166673496,21.524076107343564],[71.763918891324494,21.524293238616142],[71.76358748043468,21.52445323008023],[71.763313209353569,21.524636077467594],[71.763153217889567,21.5248646367018],[71.763038938272416,21.525230331476635],[71.762936086616975,21.52550460255792],[71.762858815990398,21.525710657562147]],[[71.765673415781663,21.514814677122725],[71.765678797428379,21.514922310010604],[71.765873072777524,21.515242292938641],[71.765998780356384,21.515562275866586],[71.766033064241498,21.515813691024238],[71.765975924432965,21.516145101914052],[71.765975924432965,21.516430800956886],[71.765964496471256,21.516647932229414],[71.765941640547823,21.516933631272316],[71.765907356662666,21.517333609932273]],[[71.765741471106111,21.514358819958019],[71.765724509275259,21.51443090765688],[71.765667369466627,21.514693750776324],[71.765673415781663,21.514814677122725]],[[71.767905995784574,21.506011147797246],[71.767735830536893,21.506088495605596],[71.767541555187776,21.506454190380406],[71.767324423915213,21.50673988942328],[71.767141576527862,21.50694559273413],[71.766810165638034,21.507014160504411],[71.766501610671796,21.506899880887264],[71.766284479399232,21.50687702496386],[71.766113059973534,21.506934164772439],[71.76602163627976,21.507071300312901],[71.765918784624319,21.507299859547324],[71.765815932968948,21.507459851011234],[71.765610229658108,21.507551274705037],[71.765415954308963,21.507585558590112],[71.765233106921514,21.507825545786147],[71.765107399342654,21.508031249097009],[71.764970263802056,21.508454083680412],[71.764901696031771,21.508739782723246],[71.764878840108409,21.508991197880984],[71.765004547687226,21.509162617306689],[71.765393098385516,21.509642591698672],[71.76550737800271,21.509985430550124],[71.765495950040986,21.510202561822638],[71.765393098385545,21.510465404941968],[71.765164539151201,21.510876811563808],[71.764993119725489,21.511116798759716],[71.764924551955289,21.511311074108924],[71.764901696031743,21.511551061304871],[71.764970263802056,21.511928184041501],[71.765153111189534,21.512236739007779],[71.765415954308949,21.512556721935777],[71.765655941504932,21.512796709131802],[71.765747365198678,21.513048124289437],[71.765770221122096,21.513310967408891],[71.765735937237025,21.513493814796234],[71.765735937236897,21.513573810528207],[71.76581593296892,21.514042356958601],[71.765741471106111,21.514358819958019]],[[71.769621444219737,21.50372290753074],[71.769438596832288,21.503871471032998],[71.769370029061974,21.50405431842043],[71.769324317215208,21.504260021731341],[71.769312889253428,21.504545720774164],[71.769141469827758,21.504797135931891],[71.768890054670038,21.505048551089594],[71.768615783588928,21.505585665290116],[71.768387224354655,21.50571137286903],[71.767987245694613,21.50597421598841],[71.767905995784574,21.506011147797246]],[[71.773116904461816,21.499956075354977],[71.773153896304848,21.500264790244522],[71.773175540312863,21.500488794365651],[71.773152684389387,21.500763065446769],[71.773095544580883,21.500945912834251],[71.772992692925371,21.50114018818336],[71.77284412942322,21.50114018818331],[71.772592714265414,21.50103733652784],[71.772398438916227,21.500957340795853],[71.772147023758549,21.501025908566124],[71.771987032294618,21.50117447206847],[71.771861324715687,21.501380175379346],[71.771804184907126,21.501585878690221],[71.771712761213536,21.501791582001044],[71.77154134178771,21.502031569197054],[71.771449918094063,21.50216870473762],[71.771278498668295,21.502260128431374],[71.771187074974563,21.502180132699312],[71.771141363127711,21.502008713273547],[71.770901375931757,21.501883005694811],[71.770707100582584,21.502031569197054],[71.770729956506031,21.502294412316484],[71.770729956506045,21.502614395244443],[71.770764240391202,21.502911522249047],[71.77075281242945,21.503174365368423],[71.770638532812328,21.503437208487892],[71.770547109118567,21.503642911798703],[71.770398545616331,21.50379147530105],[71.770147130458625,21.503791475301036],[71.769872859377514,21.503757191415914],[71.769621444219737,21.50372290753074]]]}},
{"type":"Feature","properties":{"Layer":"Drainage","Categories":"Stream","Feature_Co":"DRST","Validation":"Yes","Year_Updat":"2012-2013","Projtn_Dtm":"LCC_WGS1984","Cont_Offcr":null,"Cont_No":null,"Scale_mapi":"10000","Data_Sour":"Satellite Image","Proj_code":null,"Remarks":null},"geometry":{"type":"MultiLineString","coordinates":[[[71.769465270222327,21.500030854836272],[71.76931816370039,21.500715882735104],[71.769311706845585,21.500932187369486],[71.769334739939495,21.501070244825048],[71.769360452853348,21.501275948135948],[71.769360452853348,21.50143022561905],[71.769480446451311,21.501584503102166],[71.769514730336468,21.501755922527916],[71.769463304508761,21.501944483896143],[71.769317597996917,21.502107332350569],[71.769223317312779,21.502210184006053],[71.769266172169239,21.502364461489165],[71.769429020623662,21.502458742173324],[71.769514730336525,21.50254445188617],[71.769609011020634,21.50275015519707],[71.769609011020677,21.502947287536607],[71.769626152963184,21.50317013278999],[71.769566156164245,21.503281555416759],[71.769549014221681,21.503452974842475],[71.769583298106866,21.503598681354315],[71.769621444219737,21.50372290753074]]]}},
{"type":"Feature","properties":{"Layer":"Drainage","Categories":"Stream","Feature_Co":"DRST","Validation":"Yes","Year_Updat":"2012-2013","Projtn_Dtm":"LCC_WGS1984","Cont_Offcr":null,"Cont_No":null,"Scale_mapi":"10000","Data_Sour":"Satellite Image","Proj_code":null,"Remarks":null},"geometry":{"type":"MultiLineString","coordinates":[[[71.765263528578771,21.503701533009657],[71.765323525377866,21.503830097578987],[71.765357809262994,21.504052942832487],[71.765366380234255,21.504232933229478],[71.765469231889725,21.504550059166981],[71.765503515774853,21.504790046362928],[71.765589225487702,21.504961465788771],[71.76570064811439,21.505047175501588],[71.765983490166889,21.505090030358087],[71.766352041932109,21.505124314243197],[71.766652025927144,21.505167169099568],[71.767063432548767,21.505184311042065],[71.767277706830995,21.505244307841149],[71.767431984314101,21.505347159496608],[71.767551977912134,21.505467153094575],[71.767620545682348,21.505664285434161],[71.767723397337789,21.505809991946066],[71.767843390935795,21.505878559716223],[71.767905995784574,21.506011147797246]]]}},
{"type":"Feature","properties":{"Layer":"Drainage","Categories":"Stream","Feature_Co":"DRST","Validation":"Yes","Year_Updat":"2012-2013","Projtn_Dtm":"LCC_WGS1984","Cont_Offcr":null,"Cont_No":null,"Scale_mapi":"10000","Data_Sour":"Satellite Image","Proj_code":null,"Remarks":null},"geometry":{"type":"MultiLineString","coordinates":[[[71.765907356662666,21.517333609932273],[71.766197764448975,21.517209383755873],[71.766300616104459,21.517063677243904],[71.766386325817237,21.516823690047996],[71.766463464558811,21.51666084159357],[71.766549174271617,21.516429425368834],[71.766549174271674,21.516258005943207],[71.76651489038656,21.516078015546142],[71.766523461357792,21.515872312235356],[71.766557745242949,21.515426621728508],[71.766634883984494,21.515178063561173],[71.76681487438151,21.515049498991957],[71.766943438950761,21.514860937623606],[71.767054861577478,21.514612379456345],[71.767166284204222,21.514338108375213],[71.767277706830953,21.513943843696087],[71.767414842371537,21.513703856500115],[71.767586261797248,21.513481011246629],[71.767671971510097,21.513155314337762],[71.767886245792241,21.512658198003255],[71.768074807160545,21.512289646237928],[71.768263368528821,21.511869668644927],[71.768263368528764,21.511646823391402],[71.768280510471399,21.511423978138108],[71.768366220184205,21.511243987741068],[71.768426216983272,21.511021142487692],[71.768469071839675,21.510815439176792],[71.7684947847535,21.510592593923434],[71.7684947847535,21.510395461583794],[71.768554781552567,21.510172616330408],[71.768606207380245,21.509881203306701],[71.768683346121804,21.50965835805324],[71.768751913892075,21.509375516000706],[71.76878619777716,21.509152670747294],[71.768811910691085,21.508946967436572],[71.768931904289047,21.508826973838541],[71.769034755944517,21.508595557613884],[71.769077610800949,21.508398425274219],[71.769077610800935,21.508132725164334],[71.769111894686105,21.507867025054601],[71.769171891485044,21.507421334547718],[71.769223317312793,21.507121350552673],[71.769283314111789,21.506838508500252],[71.769369023824652,21.506529953533995],[71.769446162566197,21.506187114682632],[71.769531872279003,21.505972840400329],[71.769694720733455,21.505784279032042],[71.769951849872072,21.50559571766383],[71.770294688723482,21.505098601329298],[71.770440395235312,21.504858614133312]]]}},
{"type":"Feature","properties":{"Layer":"Drainage","Categories":"Stream","Feature_Co":"DRST","Validation":"Yes","Year_Updat":"2012-2013","Projtn_Dtm":"LCC_WGS1984","Cont_Offcr":null,"Cont_No":null,"Scale_mapi":"10000","Data_Sour":"Satellite Image","Proj_code":null,"Remarks":null},"geometry":{"type":"MultiLineString","coordinates":[[[71.814163640987587,21.521320704653633],[71.814642246996868,21.521546712943028],[71.81535666902343,21.521737225483395],[71.815817074329473,21.52194361406886],[71.816071091049992,21.522134126609256],[71.816340983815621,21.522229382879519],[71.816515620311066,21.522372267284858],[71.816991901662064,21.522515151690136],[71.817436430923024,21.522578655870248],[71.817785703913771,21.522642160050395],[71.818500125940346,21.522658036095415],[71.818688029597396,21.522783305200115]],[[71.813737312429879,21.521260944132408],[71.814070709375613,21.521276820177388],[71.814163640987587,21.521320704653633]],[[71.805457100365985,21.516836986147929],[71.805545273191896,21.516879155702654],[71.805894546182628,21.517117296378256],[71.806434331713845,21.517307808918638],[71.80672010052443,21.517434817278922],[71.80730751419074,21.517641205864436],[71.807720291361704,21.517942850720086],[71.808101316442446,21.518133363260471],[71.808561721748518,21.51835562789099],[71.809339647955213,21.518831909242003],[71.809942937666506,21.51927643850297],[71.810450971107642,21.519578083358681],[71.810704987828274,21.519736843809017],[71.811006632683856,21.519911480304405],[71.811324153584565,21.520101992844864],[71.811800434935606,21.520229001205085],[71.81210207979133,21.520435389790549],[71.812340220466794,21.520578274195827],[71.812498980917184,21.520641778375978],[71.812895882043037,21.520879919051527],[71.813213402943759,21.521006927411815],[71.813546799889451,21.521118059727055],[71.813737312429879,21.521260944132408]],[[71.798403910614184,21.512419892173291],[71.798353107270117,21.512826318926166],[71.798322625263594,21.512999050296184],[71.798342946601366,21.5132124243414],[71.798515677971238,21.513405477049083],[71.798729052016498,21.513496923068459],[71.798983068737101,21.513517244406099],[71.799155800107087,21.513679815107263],[71.799277728132893,21.513750939789041],[71.799450459502907,21.513832225139595],[71.799582548197648,21.51394399249666],[71.799704476223468,21.514035438516114],[71.799816243580494,21.514147205873076],[71.799948332275193,21.514248812561252],[71.800182027658167,21.514411383262484],[71.800811989125108,21.514685721320692],[71.801502914605052,21.51514295141769],[71.801848377344996,21.515336004125295],[71.802112554734421,21.515488414157637],[71.802909849716016,21.515863088820488],[71.803322626886981,21.516021849270821],[71.803671899877742,21.516180609721232],[71.804179933318835,21.516434626441651],[71.80518012415601,21.516704519207302],[71.805457100365985,21.516836986147929]]]}},
{"type":"Feature","properties":{"Layer":"Drainage","Categories":"Stream","Feature_Co":"DRST","Validation":"Yes","Year_Updat":"2012-2013","Projtn_Dtm":"LCC_WGS1984","Cont_Offcr":null,"Cont_No":null,"Scale_mapi":"10000","Data_Sour":"Satellite Image","Proj_code":null,"Remarks":null},"geometry":{"type":"MultiLineString","coordinates":[[[71.805079470030506,21.50101962175458],[71.805170916049903,21.501131389111546],[71.805343647419903,21.50124315646865],[71.805485896783409,21.501476851851596],[71.805628146146972,21.50163942255276],[71.805668788822302,21.501791832585038],[71.805729752835106,21.502127134656213],[71.805780556179258,21.502370990707917],[71.805932966211643,21.502604686090823],[71.806014251562203,21.502736774785564],[71.806136179588066,21.503011112843673],[71.806176822263353,21.50318384421379],[71.8060853762439,21.503549628291349],[71.805932966211557,21.503641074310753],[71.805861841529847,21.503763002336569],[71.805882162867491,21.503935733706587],[71.806044733568655,21.504108465076616],[71.806207304269819,21.504220232433656],[71.806288589620422,21.504423445810101],[71.806319071626859,21.504575855842443],[71.806461320990351,21.504728265874693],[71.806573088347406,21.504840033231822],[71.806644213029159,21.505053407277003],[71.806603570353914,21.505246459984683],[71.80659340968505,21.505459834029939],[71.806644213029173,21.505693529412923],[71.806695016373283,21.505886582120464],[71.806857587074461,21.506120277503381],[71.806918551087463,21.506272687535699],[71.807030318444347,21.506567346931543],[71.807050639782005,21.506821363652076],[71.80715224647021,21.507146505054358],[71.807233531820827,21.507319236424465],[71.807365620515597,21.507471646456782],[71.807457066534994,21.507603735151513],[71.807497709210253,21.507827269865579],[71.807426584528514,21.508000001235558],[71.807375781184405,21.508142250598976],[71.80737578118439,21.508304821300257],[71.807436745197322,21.508558838020786],[71.807467227203759,21.50886365808546],[71.807538351885498,21.509005907448962],[71.807599315898457,21.509188799487728],[71.807609476567336,21.509320888182483],[71.807518030547868,21.509452976877149],[71.807345299177854,21.509564744234112],[71.807314817171445,21.509727314935294],[71.807375781184376,21.50986956429881],[71.807518030547882,21.509981331655887],[71.807700922586719,21.510082938344102],[71.807782207937279,21.510225187707643],[71.807954939307223,21.51047920442819],[71.80802606398899,21.510692578473407],[71.808046385326634,21.510804345830447],[71.808076867333156,21.510966916531679],[71.808066706664277,21.511149808570483],[71.808107349339537,21.511373343284486],[71.808158152683646,21.511556235323344],[71.808269920040743,21.51168832401806],[71.808351205391304,21.511830573381616],[71.808422330073086,21.511962662076318],[71.808462972748373,21.512196357459175],[71.808544258098962,21.512450374179693],[71.808625543449523,21.512653587556251],[71.808737310806606,21.512907604276755],[71.808838917494796,21.513141299659573],[71.80903197020244,21.513456280393132],[71.809235183578878,21.5135477264126],[71.809468878961795,21.513568047750251],[71.809763538357629,21.513578208418984],[71.809936269727572,21.513669654438402],[71.810271571798765,21.513832225139566],[71.810423981831093,21.513943992496671],[71.810647516545203,21.514065920522512],[71.810871051259284,21.514167527210688],[71.810921854603379,21.514289455236618],[71.811013300622804,21.514441865268921],[71.81109458597335,21.514614596638914],[71.811277478012187,21.514756846002445],[71.81146037005098,21.514868613359383],[71.81165342275861,21.515071826735941],[71.81179567212213,21.515295361449997],[71.81194808215443,21.515488414157716],[71.812100492186801,21.515610342183518],[71.812263062887894,21.515813555559948],[71.812374830244963,21.515986286929941],[71.812435794257937,21.516159018299945],[71.812598364959058,21.516392713682826],[71.8127507749914,21.516595927059306],[71.812903185023714,21.516677212409821],[71.813126719737824,21.516748337091649],[71.813248647763729,21.516788979766911],[71.813401057796057,21.516799140435737],[71.813472182477753,21.516839783111013],[71.81354330715952,21.516931229130453],[71.813655074516532,21.517073478493867],[71.813736359867178,21.517215727857437],[71.813787163211373,21.517388459227391],[71.81379732388011,21.517601833272682],[71.8138989305683,21.51784568932435],[71.813980215918846,21.518150509389073],[71.814041179931834,21.518313080090266],[71.81404117993182,21.51847565079132],[71.814020858594219,21.518597578817147],[71.814020858594205,21.518760149518453],[71.814081822607065,21.518851595537768],[71.814193589964162,21.519064969583098],[71.814315517989996,21.519308825634791],[71.814325678658847,21.519654288374827],[71.814335839327669,21.520101357802915],[71.814315517990082,21.520538266562401],[71.814274875314752,21.52072115860118],[71.814224071970685,21.520812604620545],[71.814173268626561,21.520995496659364],[71.814163107957725,21.521168228029332],[71.814163640987587,21.521320704653633]]]}},
{"type":"Feature","properties":{"Layer":"Drainage","Categories":"Stream","Feature_Co":"DRST","Validation":"Yes","Year_Updat":"2012-2013","Projtn_Dtm":"LCC_WGS1984","Cont_Offcr":null,"Cont_No":null,"Scale_mapi":"10000","Data_Sour":"Satellite Image","Proj_code":null,"Remarks":null},"geometry":{"type":"MultiLineString","coordinates":[[[71.807857799377885,21.52096605216045],[71.808170200629945,21.520909251932732],[71.80865300256508,21.520895051875851],[71.808965403817112,21.520951852103504],[71.809263605012291,21.520966052160475],[71.809519206036711,21.521008652331208],[71.809916807630316,21.521008652331155],[71.81017240865468,21.521051252501913],[71.81027180905312,21.521108052729602],[71.810357009394622,21.521264253355589],[71.810683610703592,21.521420453981641],[71.810967611841818,21.521534054436955],[71.811180612695466,21.521619254778432],[71.811450413776868,21.52166185494918],[71.811620814459815,21.521704455119963],[71.812103616394808,21.521633454835328],[71.812444417760787,21.521534054436945],[71.812785219126667,21.52144885409535],[71.813324821289342,21.521321053583229],[71.813737312429879,21.521260944132408]],[[71.782695298528395,21.507177796898095],[71.782624298243803,21.507461798036278],[71.782524897845434,21.507703199003885],[71.782340297105563,21.507944599971438],[71.782240896707222,21.508157600825047],[71.78229769693489,21.508384801735733],[71.782411297390226,21.508470002077146],[71.782510697788538,21.508725603101581],[71.782539097902401,21.508981204126094],[71.782567498016206,21.509336205548809],[71.782610098186922,21.509591806573322],[71.782851499154447,21.509719607085493],[71.782965099609783,21.509804807426907],[71.783320101032572,21.510074608508326],[71.783462101601643,21.510301809418845],[71.783604102170827,21.5106284107279],[71.78388810330911,21.510940811979975],[71.784086904105848,21.511196413004484],[71.784370905244074,21.511494614199574],[71.78452710587014,21.511622414711862],[71.7846549063824,21.511792815394781],[71.784910507406821,21.512233017159041],[71.785038307918981,21.512517018297263],[71.785080908089753,21.512730019151014],[71.785080908089782,21.512928819947835],[71.785208708602013,21.513156020858379],[71.785265508829781,21.513312221484391],[71.785265508829653,21.513582022565771],[71.785336509114188,21.51388022376096],[71.785393309341828,21.514121624728464],[71.78542170945569,21.514348825639122],[71.785492709740325,21.514533426378922],[71.785719910650911,21.514718027118771],[71.785961311618379,21.514774827346489],[71.786415713439624,21.514931027972498],[71.786855915203887,21.515101428655417],[71.78711151622835,21.515243429224572],[71.787423917480396,21.515484830192101],[71.787551717992642,21.515981832183986],[71.78762271827722,21.516166432923924],[71.787764718846319,21.516351033663788],[71.788048719984545,21.516592434631328],[71.788176520496791,21.516720235143527],[71.788332721122785,21.516777035371192],[71.788574122090324,21.516777035371142],[71.788801323000939,21.516805435484965],[71.788943323570109,21.516876435769564],[71.789113724253056,21.517089436623277],[71.789227324708264,21.517515438330655],[71.78941192544815,21.517714239127386],[71.789710126643357,21.518055040493312],[71.79007932812307,21.518339041631574],[71.790377529318249,21.518552042485247],[71.790576330115002,21.518665642940604],[71.79076093085483,21.518708243111249],[71.790973931708592,21.518750843282007],[71.791144332391553,21.518807643509721],[71.791272132903771,21.518864443737321],[71.791414133472955,21.519063244534117],[71.791513533871282,21.519247845273991],[71.791627134326561,21.519347245672414],[71.791811735066446,21.519503446298415],[71.791953735635602,21.519617046753769],[71.791953735635545,21.519815847550539],[71.792010535863227,21.519972048176488],[71.792081536147734,21.520043048461094],[71.792166736489321,21.520227649201008],[71.792266136887619,21.52051165033923],[71.792564338082855,21.520682051022213],[71.792834139164157,21.52075305130667],[71.793032939960938,21.520781451420586],[71.793174940530093,21.520951852103504],[71.793231740757733,21.521108052729502],[71.793160740473112,21.521306853526308],[71.793132340359321,21.521448854095542],[71.793132340359321,21.521704455119913],[71.793189140586975,21.521917455973576],[71.793416341497547,21.52198845625816],[71.793529941952912,21.522031056428904],[71.793785542977332,21.522073656599677],[71.794083744172454,21.522173056997985],[71.794225744741624,21.522258257339463],[71.79433934519696,21.522400257908643],[71.794538145993656,21.522471258193139],[71.79469434661975,21.52255645853468],[71.795120348327146,21.522641658876122],[71.795446949636158,21.522812059559126],[71.795830351172739,21.522939860071389],[71.79615695248178,21.52305346052658],[71.796455153676916,21.52318126103884],[71.796739154815157,21.523266461380292],[71.797108356294913,21.523266461380292],[71.797392357433154,21.523252261323425],[71.797846759254398,21.523223861209598],[71.79827276096178,21.523209661152617],[71.798471561758575,21.5231244608112],[71.798854963295256,21.523138660868032],[71.799238364831879,21.523195461095785],[71.799650166482294,21.523238061266479],[71.800147168474311,21.52325226132341],[71.800502169897115,21.523266461380345],[71.800814571149147,21.523266461380331],[71.801240572856543,21.523266461380345],[71.801623974393181,21.523266461380331],[71.801964775759103,21.523209661152666],[71.802277177011206,21.523081860640442],[71.802546978092479,21.522897259900517],[71.802688978661664,21.522712659160703],[71.803001379913781,21.522613258762359],[71.803413181564224,21.522613258762359],[71.803697182702493,21.522613258762359],[71.804023784011463,21.522599058705399],[71.804492385889574,21.522513858363936],[71.804662786572536,21.522499658307002],[71.804989387881506,21.522499658306952],[71.805145588507543,21.522499658306966],[71.805273389019789,21.522357657737885],[71.805585790271934,21.522343457680964],[71.80602599203614,21.522315057567141],[71.80623899288986,21.522286657453364],[71.806324193231319,21.522102056713464],[71.806494593914266,21.521931656030482],[71.806608194369559,21.521732855233726],[71.806721794824881,21.521534054436945],[71.806906395564823,21.521377853810943],[71.807190396703049,21.521193253071083],[71.807516998012062,21.521065452558872],[71.807857799377885,21.52096605216045]]]}},
{"type":"Feature","properties":{"Layer":"Drainage","Categories":"Stream","Feature_Co":"DRST","Validation":"Yes","Year_Updat":"2012-2013","Projtn_Dtm":"LCC_WGS1984","Cont_Offcr":null,"Cont_No":null,"Scale_mapi":"10000","Data_Sour":"Satellite Image","Proj_code":null,"Remarks":null},"geometry":{"type":"MultiLineString","coordinates":[[[71.800644170466242,21.518239641233148],[71.800814571149161,21.518310641517772],[71.80107017217361,21.518452642086913],[71.801339973254997,21.518566242542168],[71.801638174450147,21.518736643225161],[71.801964775759131,21.518850243680404],[71.80227717701122,21.518892843851148],[71.802561178149489,21.518935444021945],[71.803015579970634,21.519034844420215],[71.803441581678044,21.519120044761742],[71.803725582816327,21.519162644932514],[71.804052184125311,21.519191045046352],[71.804364585377428,21.51923364521711],[71.804705386743251,21.51936144572927],[71.805102988336813,21.519475046184599],[71.80547218981657,21.519531846412267],[71.805741990897957,21.519602846696813],[71.80604019209315,21.519631246810661],[71.806253192946784,21.519673846981345],[71.806395193515939,21.519872647778204],[71.806494593914323,21.519957848119656],[71.806906395564809,21.520170848973343],[71.807133596475367,21.520312849542464],[71.807332397272134,21.52044065005466],[71.807502797955138,21.520568450566834],[71.807857799377885,21.52096605216045]]]}},
{"type":"Feature","properties":{"Layer":"Drainage","Categories":"Stream","Feature_Co":"DRST","Validation":"Yes","Year_Updat":"2012-2013","Projtn_Dtm":"LCC_WGS1984","Cont_Offcr":null,"Cont_No":null,"Scale_mapi":"10000","Data_Sour":"Satellite Image","Proj_code":null,"Remarks":null},"geometry":{"type":"MultiLineString","coordinates":[[[71.802859379344625,21.509265205264313],[71.802859379344667,21.509464006061108],[71.802930379629188,21.509648606800987],[71.803029780027572,21.509989408166874],[71.803043980084453,21.510301809418909],[71.803086580255254,21.510585810557092],[71.803114980369074,21.510912411866123],[71.803100780312178,21.511139612776809],[71.803100780312121,21.511409413858161],[71.803100780312135,21.511736015167028],[71.803100780312235,21.51206261647598],[71.803100780312235,21.512318217500404],[71.803214380767443,21.512687418980295],[71.8033989815073,21.512971420118518],[71.803626182417929,21.513156020858418],[71.803768182987028,21.513326421541372],[71.804194184694481,21.514150024842341],[71.804634386458702,21.515129828769268],[71.804946787710776,21.515655230875005],[71.805188188678358,21.516123832753205],[71.805315989190561,21.516422033948309],[71.805457100365985,21.516836986147929]]]}},
{"type":"Feature","properties":{"Layer":"Drainage","Categories":"Stream","Feature_Co":"DRST","Validation":"Yes","Year_Updat":"2012-2013","Projtn_Dtm":"LCC_WGS1984","Cont_Offcr":null,"Cont_No":null,"Scale_mapi":"10000","Data_Sour":"Satellite Image","Proj_code":null,"Remarks":null},"geometry":{"type":"MultiLineString","coordinates":[[[71.82494184249218,21.512503269634333],[71.824917599267309,21.512769945109515],[71.824747896692131,21.513000255747158],[71.824553950891968,21.513351782509837],[71.824420613154373,21.513679066047516],[71.824347883479319,21.513994227972685],[71.824335761866863,21.514515457310459],[71.824384248316974,21.515036686648244],[71.824505464441927,21.515327605348425],[71.824784261529587,21.515448821473424],[71.825123666679758,21.515594280823532],[71.825426706992403,21.515715496948488],[71.825669139242592,21.515885199523648],[71.825887328267683,21.516212483061341],[71.825947936330209,21.516515523373958],[71.825911571492668,21.516951901424147],[71.825826720205143,21.517267063349351],[71.82577823375513,21.517448887536947],[71.825923693105253,21.517909508812224],[71.82597217955518,21.518164062674817],[71.826141882130329,21.518309522024964],[71.82627521986791,21.518685292012631],[71.826396435992947,21.518964089100272],[71.826517652117971,21.519255007800442],[71.826663111468108,21.519594412950582],[71.826839436472184,21.519994082959911]],[[71.825406604661737,21.505641717600565],[71.825475193442401,21.505763653080798],[71.825535801504998,21.506054571781057],[71.825560044729968,21.506272760806151],[71.825487315054957,21.506454584993669],[71.825135788292272,21.506793990143986],[71.824796383142115,21.507133395294066],[71.824650923792063,21.507278854644252],[71.824590315729452,21.507497043669282],[71.824505464441941,21.507715232694466],[71.824469099604485,21.508054637844605],[71.824553950891996,21.508503137507383],[71.824638802179521,21.508842542657526],[71.824650923791992,21.509242555870241],[71.824675167017006,21.509460744895332],[71.824699410241976,21.510103190358091],[71.824663045404549,21.510430473895834],[71.82474789669206,21.5108304871085],[71.824881234429682,21.511097162583692],[71.824905477654681,21.511278986771252],[71.824820626367142,21.51144868934632],[71.824687288629505,21.511642635146405],[71.82468728862959,21.511933553846674],[71.824820626367128,21.51224871577174],[71.82494184249218,21.512503269634333]],[[71.824819140707376,21.503040266790826],[71.82494184249218,21.503096898329492],[71.825196396354812,21.50343630347971],[71.825281247642366,21.503702978954774],[71.825160031517299,21.503824195079897],[71.824905477654639,21.503909046367383],[71.824711531854561,21.504018140880046],[71.824614558954494,21.504139357005016],[71.824420613154373,21.504333302805225],[71.824505464441941,21.504551491830295],[71.824663045404549,21.504624221505317],[71.824832747979599,21.504648464730355],[71.824990328942221,21.504842410530447],[71.825184274742284,21.505181815680565],[71.825257004417338,21.505375761480632],[71.825406604661737,21.505641717600565]],[[71.823522749279419,21.501071706659275],[71.823511492216426,21.501218048391024],[71.823620586728978,21.501399872578595],[71.823705438016646,21.501496845478705],[71.823814532529084,21.501763520953851],[71.82405696477916,21.501981709978956],[71.824153937679242,21.502224142229075],[71.824153937679242,21.502442331254183],[71.824250910579309,21.50272112834184],[71.824384248316875,21.502854466079373],[71.824626680567022,21.502951438979419],[71.824819140707376,21.503040266790826]],[[71.823656951566477,21.500005887140468],[71.823632708341506,21.500224076165562],[71.823620586729106,21.500454386803131],[71.823596343503965,21.500672575828276],[71.823535735441425,21.500902886465884],[71.823522749279419,21.501071706659275]]]}},
{"type":"Feature","properties":{"Layer":"Drainage","Categories":"Stream","Feature_Co":"DRST","Validation":"Yes","Year_Updat":"2012-2013","Projtn_Dtm":"LCC_WGS1984","Cont_Offcr":null,"Cont_No":null,"Scale_mapi":"10000","Data_Sour":"Satellite Image","Proj_code":null,"Remarks":null},"geometry":{"type":"MultiLineString","coordinates":[[[71.828234375489259,21.504472701348995],[71.828243466698581,21.504581795861515],[71.828243466698567,21.504718164002174],[71.828198010651647,21.504863623352321],[71.828179828232948,21.505063629958656],[71.82815255460477,21.50519090688995],[71.828061642511003,21.505327275030687],[71.827988912835963,21.505454551961982],[71.827934365579708,21.50558182889333],[71.827861635904569,21.505654558568278],[71.827716176554546,21.50566364977778],[71.827597990832629,21.505618193730726],[71.827543443576374,21.50548182559012],[71.827507078738819,21.505354548658772],[71.827425257854401,21.505245454146262],[71.827270707294957,21.505227271727552],[71.827179795201118,21.505263636565076],[71.827125247944878,21.505345457449359],[71.827097974316715,21.505481825590195],[71.826997971013512,21.505600011312016],[71.826897967710323,21.505554555265142],[71.826788873197856,21.505427278333897],[71.826634322638327,21.505445460752519],[71.826534319335209,21.505527281637018],[71.826388859985045,21.505554555265078],[71.826197944588145,21.505572737683906],[71.826116123703741,21.505627284940179],[71.826034302819309,21.50566364977778],[71.825861569841138,21.505645467358953],[71.82571611049103,21.505609102521504],[71.825534286303409,21.505609102521415],[71.825406604661737,21.505641717600565]]]}},
{"type":"Feature","properties":{"Layer":"Drainage","Categories":"Stream","Feature_Co":"DRST","Validation":"Yes","Year_Updat":"2012-2013","Projtn_Dtm":"LCC_WGS1984","Cont_Offcr":null,"Cont_No":null,"Scale_mapi":"10000","Data_Sour":"Satellite Image","Proj_code":null,"Remarks":null},"geometry":{"type":"MultiLineString","coordinates":[[[71.827343436969969,21.500027099962253],[71.827070700688566,21.500145285684251],[71.826743417150865,21.500254380196761],[71.8265979578008,21.500318018662423],[71.826507045707089,21.50045438680317],[71.826407042403829,21.500554390106291],[71.826343403938168,21.500608937362642],[71.82632522151944,21.500736214293937],[71.826316130310076,21.50088167364401],[71.82631613031009,21.501027132994068],[71.826316130310076,21.501208957181674],[71.826316130310047,21.501318051694174],[71.826316130310062,21.501472602253706],[71.826316130310019,21.501681700069391],[71.826179762169318,21.501790794581961],[71.825988846772375,21.501799885791286],[71.825743384119107,21.501763520953787],[71.825552468722123,21.501754429744437],[71.825452465418991,21.501799885791375],[71.825361553325166,21.50200898360707],[71.825343370906367,21.502236263841549],[71.825279732440791,21.502272628679062],[71.825234276393914,21.502518091332369],[71.825197911556359,21.502681733101202],[71.82503426978748,21.502818101241836],[71.824834263181131,21.502927195754371],[71.824819140707376,21.503040266790826]]]}},
{"type":"Feature","properties":{"Layer":"Drainage","Categories":"Stream","Feature_Co":"DRST","Validation":"Yes","Year_Updat":"2012-2013","Projtn_Dtm":"LCC_WGS1984","Cont_Offcr":null,"Cont_No":null,"Scale_mapi":"10000","Data_Sour":"Satellite Image","Proj_code":null,"Remarks":null},"geometry":{"type":"MultiLineString","coordinates":[[[71.820870495891583,21.500018008752917],[71.820988681613528,21.500108920846717],[71.821097776126081,21.5001816505217],[71.821343238779349,21.50026347140615],[71.821497789338821,21.500281653824949],[71.821579610223239,21.500345292290586],[71.821688704735834,21.500418021965633],[71.821770525620195,21.500572572525154],[71.821870528923384,21.500708940665763],[71.822043261901598,21.500772579131411],[71.822215994879826,21.500781670340785],[71.822516004789421,21.500718031875099],[71.822670555348779,21.500727123084538],[71.822806923489509,21.500799852759599],[71.822934200420818,21.500890764853398],[71.823125115817732,21.500990768156594],[71.82325239274914,21.501027132994068],[71.823522749279419,21.501071706659275]]]}},
{"type":"Feature","properties":{"Layer":"Drainage","Categories":"Stream","Feature_Co":"DRST","Validation":"Yes","Year_Updat":"2012-2013","Projtn_Dtm":"LCC_WGS1984","Cont_Offcr":null,"Cont_No":null,"Scale_mapi":"10000","Data_Sour":"Satellite Image","Proj_code":null,"Remarks":null},"geometry":{"type":"MultiLineString","coordinates":[[[71.827768251826711,21.509047840529036],[71.82756813321447,21.509111035880316],[71.827273221575425,21.50908997076322],[71.827083635521646,21.509037307970495],[71.826736061090031,21.509089970763249],[71.82657807271184,21.509153166114462],[71.82642008433379,21.509247959141298],[71.826283161072737,21.509363817285251],[71.826177835487371,21.509500740546148],[71.826072509902048,21.509658728924261],[71.826030379667856,21.509764054509638],[71.826061977343457,21.509890445212143],[71.826093575019073,21.510016835914662],[71.826177835487314,21.510174824292577],[71.826241030838659,21.510322280112188],[71.826272628514189,21.510448670814707],[71.826230498280054,21.510585594075664],[71.826083042460496,21.510648789426945],[71.825956651758105,21.510764647570859],[71.825798663380013,21.510901570831845],[71.825735468028796,21.511027961534236],[71.825714402911643,21.511207015029367],[71.825693337794661,21.51129127549779],[71.825682805236099,21.51150192666854],[71.825630142443387,21.511607252253942],[71.825588012209195,21.511744175514963],[71.825535349416569,21.511838968541799],[71.825451088948284,21.512049619712514],[71.825356295921438,21.512165477856492],[71.82520884010188,21.512333998793046],[71.82511404707499,21.512418259261391],[71.82494184249218,21.512503269634333]]]}},
{"type":"Feature","properties":{"Layer":"Drainage","Categories":"Stream","Feature_Co":"DRST","Validation":"Yes","Year_Updat":"2012-2013","Projtn_Dtm":"LCC_WGS1984","Cont_Offcr":null,"Cont_No":null,"Scale_mapi":"10000","Data_Sour":"Satellite Image","Proj_code":null,"Remarks":null},"geometry":{"type":"MultiLineString","coordinates":[[[71.833036048521919,21.515154902866954],[71.833095775973419,21.514975720512464],[71.833081732562036,21.51455441817096],[71.833039602327858,21.514161202652094],[71.83305364573927,21.513725856899221],[71.832885124802644,21.513585422785397],[71.832857037979863,21.513416901848778],[71.832857037979934,21.512981556095855],[71.832857037979934,21.51258834057699],[71.832772777511593,21.512307472349338]]]}},
{"type":"Feature","properties":{"Layer":"Drainage","Categories":"Stream","Feature_Co":"DRST","Validation":"Yes","Year_Updat":"2012-2013","Projtn_Dtm":"LCC_WGS1984","Cont_Offcr":null,"Cont_No":null,"Scale_mapi":"10000","Data_Sour":"Satellite Image","Proj_code":null,"Remarks":null},"geometry":{"type":"MultiLineString","coordinates":[[[71.762255366484169,21.505705315882295],[71.762424715976621,21.506029902409388],[71.762467053349667,21.506382713851789],[71.762523503180446,21.50667907546331],[71.762594065468861,21.506947212159446],[71.762608177926666,21.507285911144198],[71.762678740215108,21.507525822925022],[71.762678740215108,21.50783629699427],[71.762664627757431,21.508132658605859],[71.762692852672785,21.50842902021747],[71.762777527418919,21.50878183165981],[71.762721077588168,21.509303992594504],[71.762721077588211,21.509656804036883],[71.762721077588196,21.510037840394673],[71.762721077588182,21.51027775217543],[71.762763414961285,21.510545888871707],[71.762918651996031,21.510715238363936],[71.763017439199785,21.510884587856346],[71.763088001488228,21.511025712433298],[71.763158563776727,21.511378523875678],[71.763299688353683,21.511660773029501],[71.763370250642126,21.511914797268087],[71.763440812930583,21.51214059659118],[71.763525487676745,21.512281721168087],[71.763652499796024,21.512451070660408],[71.763708949626817,21.512592195237414],[71.763779511915274,21.512789769645071],[71.763850074203731,21.51300145651053],[71.763948861407584,21.513170806002837],[71.764019423696084,21.51339660532593],[71.764132323357614,21.513551842360613],[71.764344010223056,21.51356595481829],[71.764428684969261,21.513692966937555],[71.764485134800012,21.513932878718368],[71.764583922003894,21.514102228210724],[71.765007295734719,21.514172790499202],[71.765402444550134,21.514215127872227],[71.765557681584752,21.514229240329978],[71.765741471106111,21.514358819958019]]]}},
{"type":"Feature","properties":{"Layer":"Drainage","Categories":"Stream","Feature_Co":"DRST","Validation":"Yes","Year_Updat":"2012-2013","Projtn_Dtm":"LCC_WGS1984","Cont_Offcr":null,"Cont_No":null,"Scale_mapi":"10000","Data_Sour":"Satellite Image","Proj_code":null,"Remarks":null},"geometry":{"type":"MultiLineString","coordinates":[[[71.749352513695584,21.515145060133626],[71.749575302446814,21.515479243260458],[71.7496727725255,21.515855199278143],[71.749784166901051,21.51616153381114],[71.749839864088855,21.516509641234872],[71.749909485573639,21.516774202876938],[71.749937334167583,21.517052688815991],[71.75009050143403,21.517372947645796],[71.750187971512688,21.517470417724518],[71.750410760263875,21.517581812100008],[71.750536078936449,21.517804600851285],[71.750577851827288,21.517985616711659],[71.750605700421175,21.518222329759734],[71.750619624718169,21.518472967104977],[71.750703170499847,21.518807150231719],[71.75085633776628,21.519099560467776],[71.751190520893076,21.519405895000656],[71.751413309644306,21.519726153830486],[71.751580401207747,21.519935018284738],[71.751803189958935,21.520171731332926],[71.752206994570528,21.520631233132328],[71.752485480509549,21.520895794774408],[71.752763966448555,21.521146432119508],[71.753014603793616,21.521257826495013],[71.753390559811365,21.521355296573745],[71.753850061610748,21.521480615246315],[71.754198169034481,21.52174517688842],[71.75451842786434,21.521981889936583],[71.75492223247592,21.522274300172501],[71.755437431463108,21.522566710408494],[71.756091873419791,21.522817347753584],[71.756537450922224,21.523054060801787],[71.756829861158181,21.523235076662122],[71.757202778212573,21.523663036701596]]]}},
{"type":"Feature","properties":{"Layer":"Drainage","Categories":"Stream","Feature_Co":"DRST","Validation":"Yes","Year_Updat":"2012-2013","Projtn_Dtm":"LCC_WGS1984","Cont_Offcr":null,"Cont_No":null,"Scale_mapi":"10000","Data_Sour":"Satellite Image","Proj_code":null,"Remarks":null},"geometry":{"type":"MultiLineString","coordinates":[[[71.765673415781663,21.514814677122725],[71.765382664224106,21.514791526008896],[71.764980651512602,21.514791526008871],[71.764453009828728,21.51482921470059],[71.764151500295156,21.514816651803418],[71.763975619733884,21.514791526008871],[71.763812302069852,21.5145779567559],[71.763648984405748,21.514565393858668],[71.763397726461122,21.514640771242082],[71.763096216927465,21.51474127441994],[71.762882647674445,21.515030221056339],[71.76263138972979,21.515331730589882],[71.762329880196177,21.515771431993169],[71.762204251223849,21.515972438348918],[71.762040933559817,21.516110630218385],[71.761299722623036,21.515959875451632],[71.760545948788973,21.515821683582114],[71.759679108879823,21.515670928815311],[71.759251970373853,21.515457359562213],[71.75898814953193,21.51536941928164],[71.758900209251323,21.515143287131433],[71.758887646354054,21.515017658159053],[71.758297190184024,21.514477453577989]]]}},
{"type":"Feature","properties":{"Layer":"Drainage","Categories":"Stream","Feature_Co":"DRST","Validation":"Yes","Year_Updat":"2012-2013","Projtn_Dtm":"LCC_WGS1984","Cont_Offcr":null,"Cont_No":null,"Scale_mapi":"10000","Data_Sour":"Satellite Image","Proj_code":null,"Remarks":null},"geometry":{"type":"MultiLineString","coordinates":[[[71.750666138928381,21.514632867046107],[71.751562270384156,21.515542175267903],[71.752297189970932,21.516644554648138],[71.753344450382116,21.517397847224526],[71.754060996979177,21.517802052997247],[71.754263099865526,21.518059274852639],[71.755016392441959,21.518426734645978],[71.755714566049363,21.518867686398057],[71.756118771822074,21.519382130108767],[71.756596469553472,21.520025184747194],[71.756816945429478,21.520411017530208],[71.756927183367537,21.521090818147929],[71.756780199450191,21.522027840621082],[71.756982302336468,21.522836252166513],[71.757202778212573,21.523663036701596]],[[71.74842566906851,21.512301696908001],[71.748585846057836,21.512473885993344],[71.74966985244825,21.513668130321701],[71.750312907086723,21.514274438980809],[71.750666138928381,21.514632867046107]],[[71.743184187095196,21.499961880028792],[71.742871846270873,21.500366085801602],[71.742632997405195,21.501064259408949],[71.742412521529118,21.501303108274602],[71.74204506173578,21.50157870311968],[71.741751093901073,21.502001281882052],[71.741548991014739,21.50249735260315],[71.741548991014696,21.502809693427558],[71.741824585859689,21.503269018169146],[71.742063434725395,21.503618104972851],[71.742430894518805,21.503875326828243],[71.742632997405224,21.504059056725019],[71.742688116374183,21.504353024559705],[71.742688116374154,21.504775603321985],[71.74276160833287,21.505290047032783],[71.74303720317792,21.506171950536842],[71.743588392868006,21.50721921094798],[71.744084463589019,21.508119487441814],[71.745921762555923,21.509773056511985],[71.747116006884355,21.510893808881814],[71.74842566906851,21.512301696908001]]]}},
{"type":"Feature","properties":{"Layer":"Drainage","Categories":"Stream","Feature_Co":"DRST","Validation":"Yes","Year_Updat":"2012-2013","Projtn_Dtm":"LCC_WGS1984","Cont_Offcr":null,"Cont_No":null,"Scale_mapi":"10000","Data_Sour":"Satellite Image","Proj_code":null,"Remarks":null},"geometry":{"type":"MultiLineString","coordinates":[[[71.747645362422219,21.454807770054234],[71.747447272297052,21.454936260946258],[71.747286658682143,21.455037982902304],[71.747120691280102,21.455102228348302],[71.746938662516627,21.455177181368576],[71.746708449668574,21.455252134388846],[71.746515713330638,21.455359210132094],[71.746360453502959,21.455423455578092],[71.746189132313688,21.455514469959891],[71.746071348996168,21.455535885108514],[71.745803659637957,21.455632253277411],[71.745509201343921,21.455696498723395],[71.745418186962198,21.455696498723409],[71.745252219560172,21.455739329020709],[71.745107667306755,21.455771451743708],[71.744995237776266,21.455782159318005],[71.744872100671515,21.455824989615344],[71.744738255992516,21.455835697189631],[71.744593703739071,21.455873173699828],[71.744508043144421,21.455910650209916],[71.744427736336959,21.4559427729329],[71.744320660593772,21.455958834294414],[71.744234999999094,21.45596954186875],[71.744020848512605,21.456028433527525],[71.743870942472,21.456065910037648],[71.74370497506996,21.456076617612009],[71.743571130390833,21.456076617611895],[71.743447993286082,21.456076617611998],[71.743410516775967,21.456071263824771],[71.743196365289435,21.456049848676212],[71.743105350907669,21.45602843352755],[71.742992921377294,21.455985603230225],[71.74282160018798,21.455958834294375],[71.742703816870417,21.455921357784213],[71.742575325978507,21.455857112338329],[71.742441481299423,21.455787513105143],[71.742280867684556,21.455744682807882],[71.742136315431154,21.455669729787648],[71.742007824539186,21.455626899490262],[71.741922163944608,21.455610838128685],[71.741804380626988,21.455573361618626],[71.741681243522237,21.455573361618626],[71.741632762005196,21.455641473688715],[71.741509030035189,21.45582231272175],[71.741413851596747,21.456022187442489],[71.741233012563654,21.45629820491401],[71.741033137842862,21.456507597478513],[71.740852298809784,21.45665036513638],[71.740623870557485,21.456755061418615],[71.740300263866743,21.456954936139407],[71.739976657176044,21.457249989298635],[71.739833889518451,21.45740227480011],[71.739700639704466,21.457516488926277],[71.739472211452153,21.457678292271606],[71.739205711824511,21.45781154208548],[71.738786926695255,21.457992381118487],[71.738377659409892,21.458144666620118],[71.738120677626057,21.458211291527071],[71.737768517403808,21.45831598780935],[71.737494086239579,21.458482550076667],[71.737252967528775,21.458647526036703],[71.737151443861123,21.458787121079723]],[[71.750023112166929,21.453490899327445],[71.749738693202957,21.453667413388509],[71.74953524929073,21.453817319429003],[71.749321097804213,21.453951164108162],[71.749171191763594,21.454052886064247],[71.748994516787221,21.454149254233219],[71.748775011513573,21.454267037550814],[71.748576921388548,21.454400882229848],[71.748427015347886,21.454475835250108],[71.7481860949256,21.45455614205763],[71.747998712374866,21.454647156439417],[71.747811329824174,21.454748878395563],[71.747645362422219,21.454807770054234]]]}},
{"type":"Feature","properties":{"Layer":"Drainage","Categories":"Stream","Feature_Co":"DRST","Validation":"Yes","Year_Updat":"2012-2013","Projtn_Dtm":"LCC_WGS1984","Cont_Offcr":null,"Cont_No":null,"Scale_mapi":"10000","Data_Sour":"Satellite Image","Proj_code":null,"Remarks":null},"geometry":{"type":"MultiLineString","coordinates":[[[71.746834618267798,21.465082556675622],[71.746717174051142,21.465215319639789],[71.746546297522357,21.465377202667071],[71.74628898345118,21.465510606272861],[71.746017179849915,21.465830375215596],[71.745937237614115,21.465926305898471]],[[71.747274771145072,21.459558407186464],[71.747274771145101,21.459756264219735],[71.747175842628394,21.459891166742501],[71.747040940105691,21.460017075763744],[71.746986979096548,21.460178958791012],[71.746906037582974,21.46043077683338],[71.746807109066197,21.460592659860687],[71.74667220654355,21.460880451909247],[71.746573278026887,21.461006360930412],[71.746402401498088,21.461132269951662],[71.746213537966284,21.461285159477406],[71.746024674434395,21.461438049003263],[71.74585379790561,21.46167188004264],[71.745772856391952,21.461932691586558],[71.745790843395014,21.4621575291245],[71.745826817401095,21.462463308175984],[71.745970713425336,21.462877009245709],[71.746087628944963,21.463155807792592],[71.746222531467751,21.463344671324567],[71.746402401498017,21.463542528357891],[71.746501330014738,21.463695417883596],[71.746618245534449,21.46386629441249],[71.746753148057167,21.464028177439697],[71.746897044081408,21.464100125451907],[71.747076914111744,21.464253014977611],[71.747166849126941,21.464450872010975],[71.747202823133009,21.464711683554903],[71.747094901114721,21.464873566582213],[71.746924024585951,21.464981488600387],[71.746834618267798,21.465082556675622]],[[71.747645362422219,21.454807770054234],[71.74768847221479,21.455025682422598],[71.747769413728392,21.455205552452892],[71.747895322749613,21.45534045497552],[71.747985257764824,21.455475357498351],[71.748102173284479,21.455610260021118],[71.748174121296643,21.455745162543831],[71.748219088804177,21.45584409106047],[71.748255062810244,21.455943019577155],[71.748237075807211,21.456059935096896],[71.748183114798167,21.456293766136273],[71.748147140792099,21.456482629668095],[71.748057205776874,21.456743441212026],[71.74787733574658,21.456932304743887],[71.74782337473755,21.457013246257574],[71.747742433223863,21.457130161777275],[71.747643504707241,21.457337012312085],[71.747625517704108,21.457534869345395],[71.747535582689011,21.457687758871202],[71.747499608682958,21.457876622403038],[71.747481621679938,21.458056492433361],[71.747481621679867,21.458344284481818],[71.747409673667818,21.458587109022748],[71.747328732154159,21.458713018043987],[71.747274771145058,21.458883894572807],[71.747229803637609,21.459081751606156],[71.747247790640643,21.459225647630401],[71.747265777643605,21.459369543654628],[71.747274771145072,21.459558407186464]]]}},
{"type":"Feature","properties":{"Layer":"Drainage","Categories":"Stream","Feature_Co":"DRST","Validation":"Yes","Year_Updat":"2012-2013","Projtn_Dtm":"LCC_WGS1984","Cont_Offcr":null,"Cont_No":null,"Scale_mapi":"10000","Data_Sour":"Satellite Image","Proj_code":null,"Remarks":null},"geometry":{"type":"MultiLineString","coordinates":[[[71.746834618267798,21.465082556675622],[71.746944509783859,21.465366710248635],[71.747152359596726,21.465638513849974],[71.747296255620938,21.465798398321333],[71.747536082328011,21.465894329004222],[71.747775909035113,21.466166132605547],[71.747887828165034,21.466405959312564],[71.747951781953603,21.466693751361035],[71.747951781953631,21.466789682044013],[71.747775909035099,21.466949566515332],[71.747679978352267,21.467173404775345],[71.747679978352252,21.467365266140991],[71.747663989905107,21.467573115953783],[71.747679978352238,21.467796954213821]]]}},
{"type":"Feature","properties":{"Layer":"Drainage","Categories":"Stream","Feature_Co":"DRST","Validation":"Yes","Year_Updat":"2012-2013","Projtn_Dtm":"LCC_WGS1984","Cont_Offcr":null,"Cont_No":null,"Scale_mapi":"10000","Data_Sour":"Satellite Image","Proj_code":null,"Remarks":null},"geometry":{"type":"MultiLineString","coordinates":[[[71.747274771145072,21.459558407186464],[71.747354647160208,21.459661304857359],[71.747373682847893,21.459794554671141],[71.747421272067101,21.459994429391998],[71.747411754223251,21.460232375488133],[71.747392718535565,21.46044176805275],[71.747373682847865,21.460679714148913],[71.747354647160165,21.461022356527341],[71.747383200691687,21.461345963218008],[71.747373682847851,21.461517284407343],[71.747421272067143,21.461679087752724],[71.747497414817857,21.461859926785795],[71.747621146787864,21.46200269444347],[71.747744878757857,21.462164497788851],[71.747821021508628,21.462345336821858],[71.747849575040206,21.462564247230354],[71.747849575040121,21.462687979200272],[71.747925717790949,21.462963996671871],[71.747925717790977,21.463163871392609],[71.747887646415563,21.463582656521858],[71.747811503664821,21.46376349555484],[71.747773432289407,21.463915781056496],[71.747735360914035,21.464134691464903],[71.747725843070199,21.464220352059538],[71.747716325226307,21.464353601873359],[71.747716325226307,21.464553476594112],[71.747801985820942,21.464743833471086],[71.747944753478663,21.464924672504107],[71.748144628199384,21.465010333098732],[71.748268360169362,21.465115029381046],[71.748449199202426,21.465257797038682],[71.74860148470394,21.465295868414067],[71.748734734517797,21.465381529008777],[71.748858466487846,21.465476707447163],[71.74900123414551,21.465514778822513],[71.749191591022409,21.465552850197959],[71.749305805148595,21.465714653543316],[71.749353394367787,21.465847903357187],[71.749362912211637,21.465990671014886],[71.749372430055516,21.466114402984804],[71.749420019274737,21.466247652798653]]]}},
{"type":"Feature","properties":{"Layer":"Drainage","Categories":"Stream","Feature_Co":"DRST","Validation":"Yes","Year_Updat":"2012-2013","Projtn_Dtm":"LCC_WGS1984","Cont_Offcr":null,"Cont_No":null,"Scale_mapi":"10000","Data_Sour":"Satellite Image","Proj_code":null,"Remarks":null},"geometry":{"type":"MultiLineString","coordinates":[[[71.725946401670569,21.456352064475801],[71.726140454621699,21.45633265918071],[71.726412128753338,21.456255038000215],[71.726644992294766,21.45623563270512],[71.727052503492246,21.456099795639325],[71.727304772328779,21.456022174458802],[71.72765406764097,21.456041579753972],[71.72778990470681,21.456022174458827],[71.728003362953061,21.456002769163671],[71.728255631789636,21.455905742688149],[71.728469090035915,21.455866932097862],[71.728837790643226,21.455866932097862],[71.729128870069914,21.455866932097887],[71.729497570677182,21.455983363868619],[71.729885676579585,21.456138606229509],[71.730176756006358,21.45631325388554],[71.730526051318421,21.456293848590487],[71.731049994286607,21.456332659180607],[71.731302263123197,21.456584928017275]],[[71.718533578935322,21.454857856751708],[71.719212764264455,21.455013099112662],[71.719581464871709,21.45532358383452],[71.720008381364337,21.455595257966227],[71.720415892561832,21.455789310917417],[71.720590540217856,21.455905742688174],[71.720920430234855,21.456080390344219],[71.721521994383536,21.456313253885579],[71.722123558532189,21.456313253885579],[71.722628096205341,21.456313253885629],[71.723190849763782,21.456216227410028],[71.723578955666127,21.456060985049103],[71.7241028986343,21.456060985049064],[71.724568625717126,21.456235632705095],[71.724782083963461,21.456352064475787],[71.724976136914634,21.456332659180749],[71.725209000456047,21.456274443295342],[71.7254806745877,21.456255038000151],[71.725674727538831,21.456274443295293],[71.725946401670569,21.456352064475801]],[[71.717204359058115,21.454317765201544],[71.717272234752642,21.454353319078702],[71.717640935359867,21.454624993210274],[71.718164878328068,21.454857856751698],[71.718533578935322,21.454857856751708]],[[71.714439061665402,21.453053164305736],[71.71486597815796,21.453130785486195],[71.715215273470079,21.453130785486195],[71.715545163487064,21.453286027847085],[71.715913864094333,21.453557701978806],[71.716457212357696,21.453906997290872],[71.716864723555091,21.454139860832257],[71.717204359058115,21.454317765201544]],[[71.713648817301959,21.452244026336356],[71.714050955762985,21.452684463698414],[71.714439061665402,21.453053164305736]]]}},
{"type":"Feature","properties":{"Layer":"Drainage","Categories":"Stream","Feature_Co":"DRST","Validation":"Yes","Year_Updat":"2012-2013","Projtn_Dtm":"LCC_WGS1984","Cont_Offcr":null,"Cont_No":null,"Scale_mapi":"10000","Data_Sour":"Satellite Image","Proj_code":null,"Remarks":null},"geometry":{"type":"MultiLineString","coordinates":[[[71.718533578935322,21.454857856751708],[71.718455957754855,21.455401205015015],[71.718242499508548,21.455789310917417],[71.718164878328125,21.456293848590487],[71.718106662442779,21.456701359787957],[71.717990230671973,21.456953628624383],[71.717912609491577,21.457322329231729],[71.717757367130574,21.457788056314541],[71.717757367130616,21.458389620463237],[71.717815583015934,21.458894158136356],[71.71802904126227,21.459786801711751],[71.718145473033005,21.460194312909245],[71.718242499508591,21.4605436082214],[71.718300715393895,21.460873498238414],[71.718378336574403,21.461242198845621],[71.718514173640202,21.461610899452843],[71.718708226591403,21.462115437125963]]]}},
{"type":"Feature","properties":{"Layer":"Drainage","Categories":"Stream","Feature_Co":"DRST","Validation":"Yes","Year_Updat":"2012-2013","Projtn_Dtm":"LCC_WGS1984","Cont_Offcr":null,"Cont_No":null,"Scale_mapi":"10000","Data_Sour":"Satellite Image","Proj_code":null,"Remarks":null},"geometry":{"type":"MultiLineString","coordinates":[[[71.714439061665402,21.453053164305736],[71.714730141092105,21.453266622551968],[71.714924194043334,21.453441270208039],[71.715254084060334,21.453712944339749],[71.715622784667602,21.45398461847142],[71.715758621733372,21.454178671422543],[71.715894458799255,21.454430940259112],[71.715913864094347,21.45464439850544],[71.715913864094446,21.454857856751698],[71.715836242913852,21.455013099112612],[71.715778027028534,21.455226557358994],[71.715797432323626,21.455362394424803],[71.715855648209029,21.455595257966191],[71.71583624291388,21.455828121507512],[71.715797432323583,21.456022174458791],[71.715758621733372,21.45615801152455]]]}},
{"type":"Feature","properties":{"Layer":"Drainage","Categories":"Stream","Feature_Co":"DRST","Validation":"Yes","Year_Updat":"2012-2013","Projtn_Dtm":"LCC_WGS1984","Cont_Offcr":null,"Cont_No":null,"Scale_mapi":"10000","Data_Sour":"Satellite Image","Proj_code":null,"Remarks":null},"geometry":{"type":"MultiLineString","coordinates":[[[71.729109464774837,21.464114182523176],[71.729342328316207,21.464444072540136],[71.729614002447917,21.464929204918061],[71.729788650103956,21.465084447279054],[71.729982703055114,21.465200879049785],[71.730293187777008,21.465239689640033],[71.730487240728195,21.465317310820364],[71.730739509564728,21.465433742591145],[71.731011183696424,21.465763632608205],[71.731127615467102,21.465918874969173],[71.73151572136949,21.46620995439595],[71.73194263786209,21.46653984441301],[71.73236955435469,21.466772707954345],[71.732738254961959,21.466850329134829]],[[71.725946401670569,21.456352064475801],[71.726101644031459,21.456720765083059],[71.726237481097328,21.457089465690306],[71.726373318163169,21.457380545117033],[71.726470344638699,21.457613408658521],[71.726567371114285,21.458137351626693],[71.726644992294794,21.458525457529031],[71.726839045245967,21.459029995202091],[71.726955477016702,21.459282264038656],[71.727168935263009,21.459573343465458],[71.727343582918991,21.459922638777524],[71.727498825279937,21.460271934089704],[71.727595851755538,21.460776471762824],[71.727731688821422,21.461164577665162],[71.727964552362835,21.461552683567515],[71.728080984133555,21.461746736518638],[71.728430279445661,21.462348300667273],[71.72862433239689,21.462775217159948],[71.728721358872463,21.463027485996566],[71.728818385348049,21.463376781308668],[71.728954222413847,21.46376488721102],[71.729109464774837,21.464114182523176]]]}},
{"type":"Feature","properties":{"Layer":"Drainage","Categories":"Stream","Feature_Co":"DRST","Validation":"Yes","Year_Updat":"2012-2013","Projtn_Dtm":"LCC_WGS1984","Cont_Offcr":null,"Cont_No":null,"Scale_mapi":"10000","Data_Sour":"Satellite Image","Proj_code":null,"Remarks":null},"geometry":{"type":"MultiLineString","coordinates":[[[71.734678784473758,21.465511363771718],[71.73508629567128,21.464987420803478],[71.735319159212651,21.464269424884154],[71.7354355909834,21.463823103096349],[71.735610238639438,21.463357376013501],[71.735998344541784,21.462697595979503],[71.736425261034441,21.462154247716235],[71.736735745756278,21.461669115338232],[71.736949204002642,21.461475062387109],[71.737376120495242,21.461242198845571],[71.737628389331746,21.460989930009116]],[[71.733308694191749,21.465572891787136],[71.733495061471572,21.465608390247255],[71.734193652095797,21.465608390247265],[71.734678784473758,21.465511363771718]],[[71.729109464774837,21.464114182523176],[71.729458760086942,21.464327640769429],[71.729788650103941,21.464327640769469],[71.73015735071121,21.464308235474313],[71.730506646023329,21.464308235474338],[71.730855941335435,21.464502288425411],[71.731166426057314,21.464541099015634],[71.731476910779193,21.464541099015761],[71.731942637862048,21.464599314901101],[71.732291933174253,21.464909799622969],[71.732738254961987,21.465239689639983],[71.73308755027405,21.465530769066845],[71.733308694191749,21.465572891787136]]]}},
{"type":"Feature","properties":{"Layer":"Drainage","Categories":"Stream","Feature_Co":"DRST","Validation":"Yes","Year_Updat":"2012-2013","Projtn_Dtm":"LCC_WGS1984","Cont_Offcr":null,"Cont_No":null,"Scale_mapi":"10000","Data_Sour":"Satellite Image","Proj_code":null,"Remarks":null},"geometry":{"type":"MultiLineString","coordinates":[[[71.733308694191749,21.465572891787136],[71.733650303832533,21.465123257869301],[71.7338249514886,21.46469634137674],[71.733921977964229,21.464211208998737],[71.733960788554469,21.463764887211084],[71.733960788554398,21.463182728357456],[71.733921977964172,21.462658785389266]],[[71.733921977964172,21.462658785389266],[71.733708519717894,21.462367705962517],[71.733417440291049,21.462290084782033],[71.73314576615941,21.462290084782047],[71.732990523798463,21.4623094900771],[71.732680039076541,21.462251274191708],[71.732524796715623,21.462212463601578]]]}},
{"type":"Feature","properties":{"Layer":"Drainage","Categories":"Stream","Feature_Co":"DRST","Validation":"Yes","Year_Updat":"2012-2013","Projtn_Dtm":"LCC_WGS1984","Cont_Offcr":null,"Cont_No":null,"Scale_mapi":"10000","Data_Sour":"Satellite Image","Proj_code":null,"Remarks":null},"geometry":{"type":"MultiLineString","coordinates":[[[71.733921977964172,21.462658785389266],[71.734096625620296,21.462619974799033],[71.734290678571384,21.462600569503941],[71.73442651563721,21.462561758913665],[71.7346787844738,21.462290084782083],[71.734814621539584,21.462096031830818],[71.734950458605383,21.461921384174776],[71.735299753917545,21.461766141813822],[71.73557142804917,21.46164971004313],[71.735881912771077,21.461494467682162],[71.735959533951572,21.461339225321197],[71.736134181607667,21.460776471762824],[71.736192397493014,21.460388365860346]]]}},
{"type":"Feature","properties":{"Layer":"Drainage","Categories":"Stream","Feature_Co":"DRST","Validation":"Yes","Year_Updat":"2012-2013","Projtn_Dtm":"LCC_WGS1984","Cont_Offcr":null,"Cont_No":null,"Scale_mapi":"10000","Data_Sour":"Satellite Image","Proj_code":null,"Remarks":null},"geometry":{"type":"MultiLineString","coordinates":[[[71.734678784473758,21.465511363771718],[71.734843729482279,21.465960919775224],[71.735283582838292,21.466426646858135],[71.735568193833387,21.466633636672668],[71.73605979464304,21.466633636672707]]]}},
{"type":"Feature","properties":{"Layer":"Drainage","Categories":"Stream","Feature_Co":"DRST","Validation":"Yes","Year_Updat":"2012-2013","Projtn_Dtm":"LCC_WGS1984","Cont_Offcr":null,"Cont_No":null,"Scale_mapi":"10000","Data_Sour":"Satellite Image","Proj_code":null,"Remarks":null},"geometry":{"type":"MultiLineString","coordinates":[[[71.722426124982718,21.445209306001662],[71.722564450190006,21.445492872676525],[71.722697700003849,21.445892622118041],[71.722897574724641,21.44636851431034],[71.723049860226112,21.44664453178185],[71.723268770634562,21.446977656316385],[71.723440091823761,21.447168013193373],[71.723601895169153,21.44719656672488],[71.723877912640688,21.44723463810033],[71.724211037175323,21.447253673787959],[71.7244489832715,21.447291745163241],[71.724677411523828,21.447358370070297],[71.724972464682949,21.447348852226369],[71.725143785872191,21.447348852226483],[71.725381731968341,21.447396441445683],[71.725495946094497,21.447396441445669]]]}},
{"type":"Feature","properties":{"Layer":"Drainage","Categories":"Stream","Feature_Co":"DRST","Validation":"Yes","Year_Updat":"2012-2013","Projtn_Dtm":"LCC_WGS1984","Cont_Offcr":null,"Cont_No":null,"Scale_mapi":"10000","Data_Sour":"Satellite Image","Proj_code":null,"Remarks":null},"geometry":{"type":"MultiLineString","coordinates":[[[71.711555363796165,21.478511056009335],[71.711778062934172,21.478651038324674],[71.712035044717865,21.478822359513881],[71.712263472970292,21.479029372617415],[71.712377177553705,21.479154839744005],[71.712504393392692,21.479382722570243],[71.712654299433197,21.479525490227854],[71.712832759005281,21.479753918480188],[71.713089740789115,21.480018038646953],[71.713296753892735,21.480196498219158],[71.713503766996482,21.480417788088456]]]}},
{"type":"Feature","properties":{"Layer":"Drainage","Categories":"Stream","Feature_Co":"DRST","Validation":"Yes","Year_Updat":"2012-2013","Projtn_Dtm":"LCC_WGS1984","Cont_Offcr":null,"Cont_No":null,"Scale_mapi":"10000","Data_Sour":"Satellite Image","Proj_code":null,"Remarks":null},"geometry":{"type":"MultiLineString","coordinates":[[[71.730910936297064,21.498103498352044],[71.731117981124001,21.49825407634231],[71.731300353378515,21.498470536868577],[71.731617374306865,21.498900049094278],[71.731883262827537,21.499176164096415],[71.732087792458742,21.499319334838315],[71.73235368097933,21.499452279098641],[71.732527531165999,21.499564770395857],[71.732691154870921,21.499728394100703],[71.732905910983746,21.499963603176653],[71.732936590428366,21.500035188547617]],[[71.717291778052015,21.484359696726582],[71.717414495830724,21.48465967351898],[71.717523578300771,21.484877838459031],[71.717673566696973,21.485123274016491],[71.717837190401937,21.485355074265218],[71.718028084724423,21.485600509822653],[71.718150802503203,21.485818674762744],[71.718164437811964,21.486064110320182],[71.718096261268172,21.486309545877706],[71.717946272871941,21.486500440200182],[71.717905366945686,21.486732240449008],[71.717987178798296,21.487059487858893],[71.718109896576919,21.487291288107695],[71.718205343738191,21.48748218243017],[71.718341696825675,21.487795794531461],[71.718464414604455,21.48808213601512],[71.718668944235617,21.488259395028884],[71.718955285719431,21.488450289351398],[71.719268897820641,21.488559371821424],[71.719596145230611,21.488695724908897],[71.719814310170648,21.488804807378912],[71.720018839801895,21.488900254540162],[71.720441534373123,21.489036607627586],[71.72072787585688,21.489282043185124],[71.72094604079679,21.489404760963847],[71.721246017589309,21.489568384668836],[71.721518723764405,21.489704737756274],[71.721655076851775,21.489936538005111],[71.721723253395552,21.490263785415074],[71.721736888704285,21.490495585663787],[71.721736888704328,21.490809197765039],[71.721791429939287,21.491122809866312],[71.722036865496875,21.491409151349988],[71.722336842289252,21.491654586907515],[71.722555007229289,21.491859116538791],[71.722841348713018,21.492159093331225],[71.723154960814298,21.492595423211267],[71.723509478841748,21.492949941238777],[71.723836726251776,21.49327718864869],[71.724163973661661,21.493604436058639],[71.724463950454208,21.493808965689915],[71.72476392724667,21.494013495321244],[71.724995727495468,21.494095307173666],[71.725172986509151,21.494231660261143],[71.725500233919149,21.494436189892404],[71.725745669476652,21.494667990141156],[71.72601837565162,21.494981602242419],[71.726195634665359,21.49518613187367],[71.726604693927868,21.495445202739855],[71.727000117881587,21.495704273606069],[71.727395541835392,21.495963344472393],[71.727790965789097,21.496222415338543],[71.728131848507772,21.496426944969819],[71.728609084314073,21.496699651144819],[71.729059049502794,21.497026898554793],[71.72941356753023,21.497190522259693],[71.729740814940371,21.497408687199822],[71.730108968276483,21.49761321683107],[71.730545298156486,21.497858652388459],[71.730818004331425,21.498035911402283],[71.730910936297064,21.498103498352044]],[[71.717238183205922,21.484286612927786],[71.717291778052015,21.484359696726582]]]}},
{"type":"Feature","properties":{"Layer":"Drainage","Categories":"Stream","Feature_Co":"DRST","Validation":"Yes","Year_Updat":"2012-2013","Projtn_Dtm":"LCC_WGS1984","Cont_Offcr":null,"Cont_No":null,"Scale_mapi":"10000","Data_Sour":"Satellite Image","Proj_code":null,"Remarks":null},"geometry":{"type":"MultiLineString","coordinates":[[[71.730910936297064,21.498103498352044],[71.730850388189808,21.498235327792777],[71.73079925578196,21.498419404460854],[71.73063563207694,21.49865461353679],[71.730543593742922,21.498889822612718],[71.730420875964171,21.499094352243979],[71.730257252259179,21.499339787801478],[71.730083402072609,21.499523864469605],[71.729919778367588,21.499748847063994],[71.729715248736355,21.499953376695192],[71.729633436883859,21.500024962066092]]]}},
{"type":"Feature","properties":{"Layer":"Drainage","Categories":"Stream","Feature_Co":"DRST","Validation":"Yes","Year_Updat":"2012-2013","Projtn_Dtm":"LCC_WGS1984","Cont_Offcr":null,"Cont_No":null,"Scale_mapi":"10000","Data_Sour":"Satellite Image","Proj_code":null,"Remarks":null},"geometry":{"type":"MultiLineString","coordinates":[[[71.744082353913086,21.500019456794977],[71.744535550516176,21.4999676628975],[71.744690932208641,21.499928817474352],[71.744898107798662,21.499889972051189],[71.745195922709286,21.499747538833116],[71.745506686094245,21.499540363243121],[71.74581744947929,21.499229599858076],[71.746076418966709,21.498996527319477],[71.746438976249081,21.498608073088221],[71.746594357941675,21.498413845972671],[71.746633203364738,21.498025391741376],[71.746646151839116,21.497870010048949],[71.746775636582825,21.497611040561441],[71.747034606070343,21.497274380227751],[71.747332420980896,21.496937719894049],[71.74768202978899,21.496950668368378],[71.74790215385336,21.497106050060918],[71.748070484020261,21.497209637855857],[71.748303556559051,21.497157843958355],[71.7485366290977,21.497054256163391],[71.748873289431373,21.496885925996583],[71.749313537560198,21.496769389727152],[71.749663146368178,21.496588111085966],[71.749909167381347,21.496393883970363],[71.750012755176243,21.496329141598473]]]}},
{"type":"Feature","properties":{"Layer":"Drainage","Categories":"Stream","Feature_Co":"DRST","Validation":"Yes","Year_Updat":"2012-2013","Projtn_Dtm":"LCC_WGS1984","Cont_Offcr":null,"Cont_No":null,"Scale_mapi":"10000","Data_Sour":"Satellite Image","Proj_code":null,"Remarks":null},"geometry":{"type":"MultiLineString","coordinates":[[[71.73694391902778,21.487389526007441],[71.737106972628482,21.487644437878675],[71.737059007287044,21.487932229927264],[71.737011041945678,21.488315952658581],[71.737011041945706,21.488867554084848],[71.737154937969947,21.489419155511165],[71.737346799335597,21.489994739608186],[71.737562643371959,21.490594306375908],[71.737682556725488,21.491169890472811],[71.737778487408335,21.491769457240519],[71.737898400761864,21.49232105866685],[71.738186192810389,21.492632833386047],[71.738402036846779,21.492968590776002]]]}},
{"type":"Feature","properties":{"Layer":"Drainage","Categories":"Stream","Feature_Co":"DRST","Validation":"Yes","Year_Updat":"2012-2013","Projtn_Dtm":"LCC_WGS1984","Cont_Offcr":null,"Cont_No":null,"Scale_mapi":"10000","Data_Sour":"Satellite Image","Proj_code":null,"Remarks":null},"geometry":{"type":"MultiLineString","coordinates":[[[71.73480076051527,21.484151980169223],[71.734807634074414,21.484145965789185],[71.73504146511371,21.483930121752771],[71.735365231168416,21.483768238725439],[71.7355091271926,21.483354537655842],[71.735635036213864,21.482886875576984],[71.735688997222923,21.482581096525497],[71.735628973609138,21.482052889215428]],[[71.735628973609138,21.482052889215428],[71.735599062207669,21.481789668392153],[71.735455166183527,21.480944279249627],[71.735293283156224,21.479775124052562],[71.735203348141027,21.478641942861628],[71.735203348141084,21.478138306776753],[71.735149387131912,21.477832527725141],[71.735131400128921,21.477454800661587],[71.735059452116928,21.477167008613101],[71.734807634074372,21.476915190570633],[71.734699712056226,21.476771294546428],[71.734429907010707,21.476627398522083],[71.73425003698037,21.476249671458401],[71.734393933004739,21.475746035373554],[71.734537829028895,21.475440256322081],[71.73457380303509,21.475062529258398],[71.734591790037996,21.4746668151916],[71.734465881016902,21.474343049137239]]]}},
{"type":"Feature","properties":{"Layer":"Drainage","Categories":"Stream","Feature_Co":"DRST","Validation":"Yes","Year_Updat":"2012-2013","Projtn_Dtm":"LCC_WGS1984","Cont_Offcr":null,"Cont_No":null,"Scale_mapi":"10000","Data_Sour":"Satellite Image","Proj_code":null,"Remarks":null},"geometry":{"type":"MultiLineString","coordinates":[[[71.73874453936287,21.482001765136193],[71.738838971128786,21.481758940595327],[71.738852461381072,21.481462155045239],[71.738785010119585,21.48116536949528],[71.738650107596854,21.480895564449696],[71.738690578353726,21.480639249656615]],[[71.738690578353726,21.480639249656615],[71.73871755885834,21.480490856881573],[71.738650107596882,21.480180581079285],[71.738420773308164,21.47993775653833],[71.738231909776545,21.479613990483795],[71.738156027107422,21.47933238146754],[71.737764619263984,21.479130102259305],[71.737310745996254,21.479194941297607],[71.736889292247511,21.479194941297646],[71.736532677537113,21.478968004663663],[71.73620848234566,21.478514131395801],[71.736013965230939,21.478092677647084],[71.736240901864861,21.477509126302802],[71.736565097056328,21.477087672554109]]]}},
{"type":"Feature","properties":{"Layer":"Drainage","Categories":"Stream","Feature_Co":"DRST","Validation":"Yes","Year_Updat":"2012-2013","Projtn_Dtm":"LCC_WGS1984","Cont_Offcr":null,"Cont_No":null,"Scale_mapi":"10000","Data_Sour":"Satellite Image","Proj_code":null,"Remarks":null},"geometry":{"type":"MultiLineString","coordinates":[[[71.739078295510183,21.486525781678424],[71.739200959564727,21.486193861030156],[71.739254920573799,21.485951036489237],[71.739322371835186,21.485802643714209],[71.739349352339715,21.485640760686849],[71.739457274357903,21.485451897154949],[71.739565196376091,21.485330484884638],[71.739727079403394,21.485195582361822],[71.739848491673811,21.485020209082325],[71.740023864953358,21.484763894289134],[71.740158767476174,21.484588521009613]]]}},
{"type":"Feature","properties":{"Layer":"Drainage","Categories":"Stream","Feature_Co":"DRST","Validation":"Yes","Year_Updat":"2012-2013","Projtn_Dtm":"LCC_WGS1984","Cont_Offcr":null,"Cont_No":null,"Scale_mapi":"10000","Data_Sour":"Satellite Image","Proj_code":null,"Remarks":null},"geometry":{"type":"MultiLineString","coordinates":[[[71.745089454682045,21.47923064248166],[71.745226720944515,21.479085775756964],[71.745375676603956,21.479048536842136],[71.745524632263326,21.478964749283747],[71.745757375481261,21.47892751036882],[71.745971499241662,21.478871651996613],[71.746194932730759,21.478732006065837],[71.746390437033867,21.478564430949035],[71.746502153778366,21.478387546103463],[71.746632489980314,21.478313068273781],[71.746753516453566,21.478136183428244],[71.746874542926832,21.477810342923213],[71.746938615791152,21.477554051573609]],[[71.746938615791152,21.477554051573609],[71.746967640213967,21.477437953774693],[71.747042118043737,21.47701901598256],[71.747088666687304,21.476795582493349],[71.74718176397441,21.476451122530946],[71.747302790447705,21.476209069584428],[71.747414507192261,21.475929777723017],[71.747535533665527,21.475780822063584],[71.747619321223993,21.475613246946757],[71.747647250410154,21.475361884271479],[71.747665869867575,21.47505466322394],[71.747712418511156,21.474766061633812],[71.747861374170469,21.474449530857434],[71.747991710372503,21.474133000081263],[71.748001020101199,21.473844398491106],[71.748177904946772,21.47367682337423],[71.748364099521098,21.473462699613801],[71.748503745451771,21.473229956396018],[71.748727178940882,21.472978593720665],[71.748922683243919,21.472764469960314],[71.748922683243848,21.472596894843498],[71.748773727584506,21.472429319726608],[71.748550294095395,21.472224505694978],[71.748354789792373,21.472019691663224],[71.748252382776542,21.471833497089015],[71.748140666031901,21.471656612243276],[71.74803825901607,21.471544895498745],[71.748047568744823,21.471349391195865],[71.748112736845826,21.471246984180031],[71.748084807659637,21.471051479877023],[71.747991710372503,21.470855975574015],[71.74780551579822,21.470790807473033],[71.747544843394309,21.470623232356143],[71.747386578006129,21.470418418324375],[71.747293480718994,21.470269462665083]]]}},
{"type":"Feature","properties":{"Layer":"Drainage","Categories":"Stream","Feature_Co":"DRST","Validation":"Yes","Year_Updat":"2012-2013","Projtn_Dtm":"LCC_WGS1984","Cont_Offcr":null,"Cont_No":null,"Scale_mapi":"10000","Data_Sour":"Satellite Image","Proj_code":null,"Remarks":null},"geometry":{"type":"MultiLineString","coordinates":[[[71.746938615791152,21.477554051573609],[71.747191073703092,21.477493812146978],[71.747321409905098,21.477484502418253],[71.747451746107245,21.477447263503365],[71.747637940681486,21.477261068929078],[71.747786896340827,21.477121422998419],[71.74797309091521,21.476907299237929],[71.74814997576064,21.476814201950869],[71.748261692505238,21.476721104663731],[71.748438577350882,21.476674556020157],[71.748699249754821,21.476618697647886],[71.748978541616182,21.476516290632041],[71.749174045919133,21.476479051717074],[71.749397479408316,21.476367334972593],[71.749537125339018,21.476181140398296],[71.74966746154108,21.4759018485369],[71.749769868556825,21.475697034505195],[71.750017419335137,21.475423875025712]]]}},
{"type":"Feature","properties":{"Layer":"Drainage","Categories":"Stream","Feature_Co":"DRST","Validation":"Yes","Year_Updat":"2012-2013","Projtn_Dtm":"LCC_WGS1984","Cont_Offcr":null,"Cont_No":null,"Scale_mapi":"10000","Data_Sour":"Satellite Image","Proj_code":null,"Remarks":null},"geometry":{"type":"MultiLineString","coordinates":[[[71.738690578353726,21.480639249656615],[71.73898440367131,21.480487669622931],[71.739178920786102,21.480268837868852],[71.739251864704158,21.480098635393293],[71.739397752540256,21.480025691475333],[71.739349123261547,21.479806859721165],[71.739251864704158,21.479393510852276],[71.738911459753254,21.47912604981936],[71.738619684081101,21.478737015589889],[71.73847379624506,21.478323666720947],[71.73808476201549,21.477958947130794],[71.738036132736752,21.477618542179929],[71.737938874179406,21.477326766507762],[71.737938874179406,21.476962046917492],[71.738084762015433,21.476718900523984],[71.738182020572864,21.476500068769866],[71.738157705933617,21.476208293097699],[71.737865930261393,21.475843573507518],[71.737696796436367,21.475363436829948]]]}},
{"type":"Feature","properties":{"Layer":"Drainage","Categories":"Stream","Feature_Co":"DRST","Validation":"Yes","Year_Updat":"2012-2013","Projtn_Dtm":"LCC_WGS1984","Cont_Offcr":null,"Cont_No":null,"Scale_mapi":"10000","Data_Sour":"Satellite Image","Proj_code":null,"Remarks":null},"geometry":{"type":"MultiLineString","coordinates":[[[71.737696796436367,21.475363436829948],[71.737426991390862,21.475057657778486],[71.737301082369527,21.474607982702668],[71.737265108363559,21.474104346617796],[71.737069400687147,21.473345019178957],[71.737004561648845,21.472891145911134],[71.736939722610686,21.472080657932946],[71.736874883572412,21.470816296686806],[71.737134239725492,21.470135486785026],[71.737588112993279,21.46958435495986],[71.737912308184548,21.469065642653675],[71.738236503375944,21.468579349866861]]]}},
{"type":"Feature","properties":{"Layer":"Drainage","Categories":"Stream","Feature_Co":"DRST","Validation":"Yes","Year_Updat":"2012-2013","Projtn_Dtm":"LCC_WGS1984","Cont_Offcr":null,"Cont_No":null,"Scale_mapi":"10000","Data_Sour":"Satellite Image","Proj_code":null,"Remarks":null},"geometry":{"type":"MultiLineString","coordinates":[[[71.735628973609138,21.482052889215428],[71.735911586385427,21.48215015791121],[71.736181391430989,21.482258079929398],[71.736464686728596,21.482406472704337],[71.7367075112696,21.482622316740766],[71.736882884549189,21.482838160777117],[71.737071748080865,21.482946082795369],[71.73726061161284,21.483040514561203],[71.737409004387828,21.482905612038447],[71.73755739716276,21.482622316740841],[71.737800221703694,21.482312040938375],[71.738164458515001,21.482163648163372],[71.738501714821979,21.482096196902091],[71.73874453936287,21.482001765136193]],[[71.73874453936287,21.482001765136193],[71.739820374225658,21.482080925355763],[71.74038770622083,21.481939092356917],[71.740841571817057,21.481683792959124],[71.741295437413157,21.481229927362978],[71.74172093640955,21.480634228767848],[71.741947869207905,21.480180363171662],[71.742146435406156,21.47944283157786],[71.74220316860567,21.478762033183454],[71.742118068806406,21.478223067788111]],[[71.742118068806406,21.478223067788111],[71.741834402808749,21.477825935391525],[71.741607470010607,21.477258603396002],[71.741692569809828,21.476946570798752],[71.742004602407349,21.476606171601563],[71.742571274257756,21.47622681297549],[71.742798867200591,21.475556607410308],[71.742742134001134,21.474563776418677],[71.742827233800483,21.473968077823674],[71.743110899798054,21.473514212227563],[71.743451298995339,21.473145446430649],[71.743678231793325,21.472975246832043],[71.744046997590274,21.472748314033964],[71.744387396787417,21.472493014635994],[71.744671062784988,21.472237715238126],[71.744756162584167,21.472039149039809],[71.744812895783866,21.471783849642083],[71.744812895783866,21.471500183644327],[71.74481289578388,21.471017951448317],[71.74450086318636,21.47053571925246],[71.744273930388275,21.470025120456711],[71.74418883058911,21.46957125486049],[71.74396189779084,21.468947189665798],[71.743508032194768,21.468039458473353],[71.743281099396725,21.467330293479286],[71.742940700199455,21.466848061283404],[71.742571934402548,21.466677861684861],[71.742203168605627,21.466110529689512],[71.742203168605627,21.465826863691884]]]}},
{"type":"Feature","properties":{"Layer":"Drainage","Categories":"Stream","Feature_Co":"DRST","Validation":"Yes","Year_Updat":"2012-2013","Projtn_Dtm":"LCC_WGS1984","Cont_Offcr":null,"Cont_No":null,"Scale_mapi":"10000","Data_Sour":"Satellite Image","Proj_code":null,"Remarks":null},"geometry":{"type":"MultiLineString","coordinates":[[[71.742682475192382,21.486400576112494],[71.742852941031487,21.48630843517655],[71.743076328004548,21.486244610327127],[71.743267802552992,21.486164829265231],[71.74347523331376,21.485941442292123],[71.743714576499201,21.48579783638078],[71.743874138622886,21.485797836380829],[71.744177306657903,21.485861661230263],[71.744480474692836,21.485829748805568],[71.744863423789582,21.485797836380829],[71.745262329098807,21.48576592395613],[71.745405935010041,21.485813792593206],[71.745565497133768,21.485829748805578]]]}},
{"type":"Feature","properties":{"Layer":"Drainage","Categories":"Stream","Feature_Co":"DRST","Validation":"Yes","Year_Updat":"2012-2013","Projtn_Dtm":"LCC_WGS1984","Cont_Offcr":null,"Cont_No":null,"Scale_mapi":"10000","Data_Sour":"Satellite Image","Proj_code":null,"Remarks":null},"geometry":{"type":"MultiLineString","coordinates":[[[71.747512155042415,21.486005267141586],[71.747639804741397,21.486420128663134],[71.747879147926895,21.486834990184633],[71.747942972776315,21.487106245794823]],[[71.745089454682045,21.47923064248166],[71.745374022585352,21.479239833098315],[71.745645278195568,21.479399395221975],[71.745884621381066,21.479590869770277],[71.745996314867625,21.479750431894026],[71.745980358655316,21.4800855123537],[71.74582079653166,21.48040463660103],[71.745565497133796,21.480787585697829],[71.745405935010083,21.481010972670909],[71.745294241523482,21.481377965555321],[71.745246372886413,21.481697089802662],[71.745278285311173,21.482016214049949],[71.745389978797704,21.482255557235533],[71.745788884106858,21.482494900421038],[71.746060139717102,21.482622550119931],[71.746363307752034,21.48281402466835],[71.746586694725181,21.483005499216731],[71.746841994123088,21.483404404525832],[71.746953687609647,21.483691616348434],[71.747049424883841,21.484058609232871],[71.747097293520937,21.484553251816308],[71.747113249733317,21.485031938187241],[71.747177074582751,21.485351062434621],[71.747288768069325,21.485734011531356],[71.747512155042415,21.486005267141586]],[[71.742118068806406,21.478223067788111],[71.742438079509952,21.478282460356247],[71.742964634518032,21.478362241418143],[71.743331627402384,21.478521803541714],[71.743746488923975,21.478665409453033],[71.744145394233101,21.478904752638474],[71.744273043932083,21.479064314762223],[71.744496430905201,21.479160052036406],[71.744751730303093,21.479160052036455],[71.745089454682045,21.47923064248166]]]}},
{"type":"Feature","properties":{"Layer":"Drainage","Categories":"Stream","Feature_Co":"DRST","Validation":"Yes","Year_Updat":"2012-2013","Projtn_Dtm":"LCC_WGS1984","Cont_Offcr":null,"Cont_No":null,"Scale_mapi":"10000","Data_Sour":"Satellite Image","Proj_code":null,"Remarks":null},"geometry":{"type":"MultiLineString","coordinates":[[[71.747512155042415,21.486005267141586],[71.747863191714572,21.486164829265281],[71.748182315961813,21.486356303813661],[71.74848548399676,21.486452041087833],[71.748708870969935,21.486499909724969]]]}},
{"type":"Feature","properties":{"Layer":"Drainage","Categories":"Stream","Feature_Co":"DRST","Validation":"Yes","Year_Updat":"2012-2013","Projtn_Dtm":"LCC_WGS1984","Cont_Offcr":null,"Cont_No":null,"Scale_mapi":"10000","Data_Sour":"Satellite Image","Proj_code":null,"Remarks":null},"geometry":{"type":"MultiLineString","coordinates":[[[71.717204359058115,21.454317765201544],[71.71722716547599,21.454840912982487],[71.717418640024391,21.455479161477129],[71.717525014773472,21.455840835624155],[71.717567564673132,21.456287609570342],[71.717333540225113,21.456436534219151],[71.717205890526145,21.456734383516704],[71.717227165476004,21.457117332613429],[71.717269715375664,21.457564106559687]]]}},
{"type":"Feature","properties":{"Layer":"Drainage","Categories":"Stream","Feature_Co":"DRST","Validation":"Yes","Year_Updat":"2012-2013","Projtn_Dtm":"LCC_WGS1984","Cont_Offcr":null,"Cont_No":null,"Scale_mapi":"10000","Data_Sour":"Satellite Image","Proj_code":null,"Remarks":null},"geometry":{"type":"MultiLineString","coordinates":[[[71.739078295510183,21.486525781678424],[71.739263893465221,21.486511504912631],[71.739492321717492,21.486497228146838],[71.739735026735602,21.48652578167837],[71.739942039839178,21.486554335209917],[71.74018474485726,21.486654272570217],[71.740406034726718,21.486775625079328],[71.74054166400154,21.486868424056848],[71.740748677105188,21.486954084651472],[71.740919998294402,21.486968361417251],[71.741241225524192,21.486939807885705],[71.741433961862029,21.486904115971249],[71.741669528497326,21.48679704022803],[71.741812296154905,21.486725656399059],[71.741997894109986,21.486689964484693],[71.742233460745112,21.486604303890161],[71.742404781934397,21.486525781678424],[71.742561826357814,21.486490089763993],[71.742682475192382,21.486400576112494]],[[71.730440230999491,21.486343305741535],[71.730585073992913,21.486319165151585],[71.730775430869869,21.486300129463867],[71.730984823434397,21.486366754370824],[71.731165662467589,21.486576146935377],[71.731384572875925,21.486785539500033],[71.731679626035231,21.486880717938508],[71.73194612566283,21.486899753626112],[71.732126964695951,21.486956860689251],[71.732298285885165,21.486956860689226],[71.732507678449736,21.486994932064636],[71.732698035326692,21.487052039127612],[71.732869356515934,21.487080592659183],[71.733002606329734,21.487061556971515],[71.733173927518976,21.487013967752304],[71.733392837927411,21.486899753626162],[71.733545123428996,21.486956860689226],[71.733659337555068,21.487080592659233],[71.733754515993539,21.487175771097682],[71.733982944245867,21.487232878160658],[71.734201854654344,21.487289985223839],[71.7345254613451,21.487328056599171],[71.734772925285071,21.487347092286903],[71.734972800005792,21.487328056599235],[71.735096531975842,21.487185288941511],[71.735216430369803,21.487082575543329],[71.735323506113033,21.487068298777615],[71.735473412153652,21.487103990692027],[71.735616179811359,21.487175374520909],[71.735766085851907,21.487289588647002],[71.735901715126658,21.487446633070505],[71.736065897933017,21.487589400728066],[71.736222942356548,21.487682199705688],[71.736365710014198,21.487803552214672],[71.736515616054689,21.487917766340779],[71.736679798861104,21.487960596638189],[71.736808289752972,21.487917766340843],[71.736886811964766,21.487782137066102],[71.736936780644882,21.487596539111053],[71.73694391902778,21.487389526007441]],[[71.73694391902778,21.487389526007441],[71.73691536549623,21.487161097755106],[71.736943919027809,21.487004053331638],[71.737036718005285,21.486982638183054],[71.737158070514326,21.486939807885719],[71.73735794523509,21.486868424056837],[71.737522128041405,21.486818455376692],[71.737707725996472,21.486804178610889],[71.737821940122615,21.486825593759551],[71.737921877482947,21.486911254354197],[71.738043229992002,21.48698263818298],[71.738193136032578,21.486996914948769],[71.738335903690228,21.48698263818299],[71.738550055176788,21.486946946268574],[71.738692822834409,21.486825593759512],[71.738878420789462,21.486675687719043],[71.739078295510183,21.486525781678424]]]}},
{"type":"Feature","properties":{"Layer":"Drainage","Categories":"River","Feature_Co":"DRRV","Validation":"Yes","Year_Updat":"2012-2013","Projtn_Dtm":"LCC_WGS1984","Cont_Offcr":null,"Cont_No":null,"Scale_mapi":"10000","Data_Sour":"Satellite Image","Proj_code":null,"Remarks":null},"geometry":{"type":"MultiLineString","coordinates":[[[71.712713495893453,21.482241678762549],[71.712860302708364,21.482164412017802],[71.713173914809616,21.482041694239165],[71.713487526910839,21.482082600165388],[71.713705691850876,21.482246223870352],[71.713869315555826,21.482505294736601],[71.714046574569551,21.482737094985353],[71.714332916053337,21.482832542146564],[71.714523810375866,21.482996165851617],[71.714796516550791,21.483296142643976],[71.714960140255783,21.483664295980354],[71.71523284643078,21.484005178699029],[71.715519187914538,21.484250614256428],[71.716078235573221,21.484332426109081],[71.716432753600728,21.484196073021529],[71.716705459775696,21.484114261169005],[71.716964530641988,21.484086990551553],[71.717141789655756,21.484155167095278],[71.717238183205922,21.484286612927786]],[[71.717291778052015,21.484359696726582],[71.717459967329617,21.484091989691681],[71.717631288518817,21.483663686718618],[71.717802609708087,21.483597061811651],[71.718021520116466,21.483616097499368],[71.718326091119579,21.48355899043634],[71.718468858777214,21.483511401217051],[71.718668733498021,21.483454294153976],[71.718849572531084,21.483368633559376],[71.71904944725182,21.483263937277012],[71.719182697065634,21.483359115715437],[71.719296911191805,21.483444776310161],[71.719430161005619,21.483578026123968],[71.719544375131818,21.483644651030861],[71.719915571041767,21.483578026124022],[71.720134481450231,21.48346381199784],[71.720391463234094,21.483349597871623],[71.720648445017872,21.483216348057788],[71.720972051708728,21.48305454471247],[71.721333729774855,21.482883223523224],[71.721704925684833,21.48280708077252],[71.721923836093211,21.482702384490203],[71.722161782189417,21.482597688207864],[71.722409246129388,21.4826452774271],[71.722685263600866,21.4826928666463],[71.722894656165508,21.482749973709417],[71.723037423823257,21.48276900939716],[71.723113566573986,21.482864187835521],[71.723265852075542,21.483092616087905],[71.723380066201628,21.483311526496301],[71.72353235170317,21.483359115715537],[71.723808369174762,21.483340080027883],[71.724055833114718,21.48332104434019],[71.72421763646004,21.483302008652487],[71.724474618243946,21.483292490808569],[71.724779189247002,21.483254419433223],[71.725083760250058,21.483292490808619],[71.725207492220051,21.483397187090986],[71.7254264026285,21.483416222778679],[71.725816634226206,21.483435258466308],[71.726178312292319,21.483397187090986],[71.726397222700811,21.483406704934815],[71.726777936454596,21.483368633559376],[71.727015882550731,21.483378151403191],[71.727253828646937,21.483454294153976],[71.727377560616915,21.483549472592436],[71.727501292586865,21.48374934731315],[71.727548881806101,21.483968257721724],[71.727663095932243,21.484348971475548],[71.72780586358995,21.484682096010044],[71.727967666935285,21.485015220544771],[71.728196095187599,21.485329309391577],[71.728376934220719,21.485557737643937],[71.728567291097562,21.485729058833016],[71.728881379944539,21.485814719427704],[71.729157397416074,21.485967004929268],[71.729262093698281,21.486100254743089],[71.729471486262995,21.486166879650021],[71.72969039667143,21.4861763974939],[71.729909307079836,21.486195433181578],[71.730080628269093,21.486319165151585],[71.730242431614442,21.486376272214613]],[[71.730242431614442,21.486376272214613],[71.730436792337869,21.486142523125647],[71.730958415425647,21.485962653095239],[71.731408090501517,21.485638887040903],[71.731767830562148,21.485548952025692],[71.732019648604563,21.485333107989202],[71.732325427655937,21.485189211964947],[71.732811076737846,21.484901419916437],[71.733602504871342,21.484613627867926],[71.734196075971369,21.484523692852882],[71.734519842025918,21.484397783831717],[71.73480076051527,21.484151980169223]],[[71.730242431614442,21.486376272214613],[71.730440230999491,21.486343305741535]]]}}
]
}
