{
"type": "FeatureCollection",
"name": "Villages",
"crs": { "type": "name", "properties": { "name": "urn:ogc:def:crs:OGC:1.3:CRS84" } },
"features": [
{"type":"Feature","properties":{"District":"Bhavnagar","Taluka":"Palitana","Village":"Dedarada","Dist_Id":"14","Taluka_Id":"14009","Village_Id":"140090101950000","S_Name":"Dedarada","Remark":null,"GUJ_NAM":"HL<,M o EFJGUZ","GUJ_NAM2":"TF,]SM o 5F,LTF6F","GUJ_NAM_1":"UFD o N[NZ0F","Popu_2001":"1733","Status":null,"BEAT":"Kanjarda","ROUND":"Palitana","RANGE":"Palitana","DIVISION":"Bhavnagar","CIRCLE":"Junagadh","VILL_TYPE":null,"FOREST_AR":null},"geometry":{"type":"MultiPolygon","coordinates":[[[[71.722024239475658,21.501650761934464],[71.722279623427923,21.501553248053575],[71.722854123794619,21.501441214085212],[71.723408807091758,21.501329204651547],[71.724062272065041,21.501022341060271],[71.724735735535063,21.50083598887576],[71.724834360041811,21.500539140198004],[71.725855259378761,21.500778844699827],[71.726319660935047,21.499952974909721],[71.726546798095114,21.499470503574475],[71.726684992307568,21.499136510624577],[71.726575660402162,21.498914121952748],[71.7270500174766,21.498125326022382],[71.727593594348846,21.497252983038081],[71.728107586077172,21.496473402408643],[71.727849623534084,21.496241944987915],[71.728096753293713,21.495879985055019],[71.728511892641336,21.495248896085492],[71.728679830383811,21.494933405454674],[71.728946292447077,21.494265429279789],[71.729152813128806,21.493282273950275],[71.729478802274244,21.492669849470154],[71.72987367486806,21.491760613385953],[71.729932944667752,21.491649263263721],[71.730130976545141,21.491574811599669],[71.730575452012289,21.490711867383531],[71.730931210035948,21.490136488423232],[71.731019688134595,21.48970056413981],[71.731137550766093,21.489051334329496],[71.731235759084427,21.488504127816739],[71.731304420973174,21.488068230729123],[71.731422310415226,21.487437545344601],[71.731520648618897,21.486973789868088],[71.731560086391966,21.486853194215055],[71.732293388308037,21.486963445234757],[71.732739252327448,21.486990642087445],[71.733323269261945,21.486674566687931],[71.733709971276099,21.486878018853798],[71.734443393628368,21.487062439332323],[71.734393100950186,21.486589618261018],[71.734382362583645,21.486070379753777],[71.734391868821646,21.485820012012695],[71.734430917902415,21.48545833419697],[71.734736920059078,21.484762475741178],[71.735092870736295,21.484326173284401],[71.735616580034261,21.48348164862281],[71.735862907540266,21.482646786295714],[71.736229369833836,21.482590634473173],[71.736317019769658,21.481653999309195],[71.736493439461398,21.480476156292507],[71.7364130485538,21.479771568285809],[71.736272889950115,21.478863072023753],[71.736825573048208,21.477573427396905],[71.737280144010754,21.476877353334721],[71.738130784720681,21.476069445641521],[71.738466046387131,21.475113911123788],[71.738355960629349,21.474427910791491],[71.738879601091838,21.47357410303378],[71.739373880671948,21.472942873172414],[71.739402614268784,21.472340126180615],[71.7398865715016,21.471458554773271],[71.739380484155433,21.4709214808266],[71.739152872789944,21.471060892482203],[71.737823132445698,21.469625566678726],[71.736414261271392,21.468245976152883],[71.736047117957838,21.467857053742673],[71.735967184660382,21.467430635906805],[71.735679752914024,21.467329044724178],[71.734666750532014,21.465698525493206],[71.734488062807245,21.465457693485689],[71.73333950918979,21.465774561598561],[71.732447704457854,21.465590355161385],[71.731763773928819,21.465313131947173],[71.731179180097044,21.465211944436074],[71.730644071427506,21.465082869415024],[71.730148891931293,21.465148458362542],[71.729870937952327,21.46476867173314],[71.729731939704564,21.464564869646704],[71.729741598216862,21.464407225385084],[71.729196283647667,21.464083439050459],[71.728858756174176,21.463611008143943],[71.728749202047709,21.463230989054743],[71.728114383943975,21.462675511112604],[71.727757470157641,21.462472004319494],[71.727618549032343,21.462314562352418],[71.725687701274666,21.462780799248559],[71.724915401357222,21.462995104978649],[71.72384593396383,21.463209805078545],[71.723529113301836,21.463312225312176],[71.721311580134113,21.464177508576221],[71.719757795284366,21.46510679872322],[71.718332322731555,21.465739189743381],[71.717658901659988,21.465851336414012],[71.717322135730228,21.465870319143722],[71.716114010613609,21.466122239732609],[71.715005060954041,21.46645747590534],[71.714173426643953,21.466764532622026],[71.713589162888155,21.466885821173808],[71.713252407469852,21.466914068130432],[71.712678626733265,21.467434054045516],[71.712193806465734,21.467824111322855],[71.711461230256006,21.468140301306157],[71.711094874171025,21.468252033104569],[71.70976821950407,21.468763685211734],[71.709035686192763,21.469116954213476],[71.708342693983184,21.469414536266228],[71.7077586644577,21.469711980127297],[71.707075664507812,21.470074451441693],[71.706620250868738,21.4702604630445],[71.705343053293532,21.470744201795885],[71.704520024653149,21.470151775723856],[71.703272114507612,21.470329473129446],[71.702933230129858,21.468827752987909],[71.703030233638287,21.467344048121301],[71.703207393730551,21.466518587519385],[71.702533610958298,21.466380318443516],[71.700631240169528,21.466039531576097],[71.699412458991247,21.465762816377115],[71.699097076542799,21.466940789824278],[71.699057932045562,21.467293188464847],[71.698999491975144,21.468025779325888],[71.698792299366019,21.468638005517125],[71.698566298402639,21.469992047331026],[71.698389082987575,21.470798958103465],[71.698182598911842,21.471939710343797],[71.697916687082369,21.473089804960129],[71.697710158709199,21.474202739157487],[71.698304710387561,21.474331848901269],[71.69931463311265,21.473950479117168],[71.69944461360619,21.474831203470934],[71.699854403016431,21.477491896405041],[71.700214192701267,21.479800295792494],[71.700294422315977,21.480514175054992],[71.70061350691492,21.482025194618643],[71.700683108615451,21.48221055917411],[71.700882643968129,21.483230283974478],[71.700824258247991,21.483999963607697],[71.700660803243707,21.485211753815161],[71.700378088265865,21.486151696314327],[71.7003098171121,21.486939932175975],[71.700162351214018,21.487774624804455],[71.700103326371931,21.488080684649312],[71.69995575687814,21.488841197938228],[71.699828886577407,21.490250754060224],[71.69976076260528,21.491150257913446],[71.699652552612022,21.491716003340731],[71.699593613699491,21.492086969537667],[71.699356844698869,21.492829043716025],[71.699367194310085,21.493153565141871],[71.699219502503993,21.493830625990629],[71.699061901718665,21.494507698468926],[71.699003010682119,21.494915753860255],[71.698825453761486,21.495490853509992],[71.698648059100847,21.49618649382252],[71.698470876586612,21.497039764269765],[71.698184868761473,21.498013704641629],[71.698115739612206,21.498180689627109],[71.699067351027054,21.498513364358761],[71.70054462093313,21.499234843645095],[71.700772669387476,21.499355110737955],[71.701367542978033,21.499641838676023],[71.702011958908599,21.499928504566221],[71.702815021409634,21.500298426859242],[71.703687689607904,21.500844435667354],[71.704461788698211,21.501752183412442],[71.704948287164882,21.502465560549734],[71.705250466758898,21.502897512963731],[71.706345096642877,21.502982318003649],[71.707010201995942,21.503134657209607],[71.707859377669521,21.503248474242604],[71.709240425732389,21.503332903592838],[71.710590595093777,21.503283343558355],[71.7111940828012,21.503263436312338],[71.711705467127459,21.503214925748555],[71.71229875308282,21.503214172712941],[71.712830553183679,21.503136914855048],[71.71359760702569,21.50304978199468],[71.713986031065858,21.50285783214699],[71.714456398577852,21.502742357280422],[71.714814372574679,21.502713179380702],[71.715550961544267,21.502779238880898],[71.716154474618037,21.502778458963732],[71.71676820251362,21.502768090976954],[71.718056932280447,21.502680259833053],[71.718742048025788,21.50252620190577],[71.719744045735624,21.502228135116557],[71.720602978050849,21.502025977660725],[71.721921585266855,21.501677863310444],[71.722024239475658,21.501650761934464]]]]}},
{"type":"Feature","properties":{"District":"Bhavnagar","Taluka":"Palitana","Village":"Nanimal","Dist_Id":"14","Taluka_Id":"14009","Village_Id":"140090101850000","S_Name":"Nanimal","Remark":null,"GUJ_NAM":"HL<,M o EFJGUZ","GUJ_NAM2":"TF,]SM o 5F,LTF6F","GUJ_NAM_1":"UFD o GFGLDF/","Popu_2001":"1812","Status":null,"BEAT":"Adpur","ROUND":"Palitana","RANGE":"Palitana","DIVISION":"Bhavnagar","CIRCLE":"Junagadh","VILL_TYPE":null,"FOREST_AR":null},"geometry":{"type":"MultiPolygon","coordinates":[[[[71.734890309638118,21.484574460636729],[71.734862734950724,21.48460825996527],[71.734736920059078,21.484762475741178],[71.734430917902415,21.48545833419697],[71.734391868821646,21.485820012012695],[71.734382362583645,21.486070379753777],[71.734393100950186,21.486589618261018],[71.734443393628368,21.487062439332323],[71.733709971276099,21.486878018853798],[71.733323269261959,21.486674566687963],[71.732739252327448,21.486990642087445],[71.732293388308037,21.486963445234757],[71.73156008639198,21.486853194215055],[71.731520648618897,21.486973789868088],[71.731422310415226,21.487437545344601],[71.731304420973174,21.488068230729123],[71.731235759084427,21.488504127816739],[71.731137550766121,21.489051334329496],[71.731019688134595,21.48970056413981],[71.730931210035948,21.490136488423232],[71.730575452012303,21.490711867383531],[71.730130976545155,21.491574811599669],[71.729932944667752,21.491649263263721],[71.72987367486806,21.491760613385953],[71.729478802274258,21.492669849470154],[71.729152813128806,21.493282273950296],[71.728946292447077,21.494265429279789],[71.728679830383825,21.494933405454674],[71.728511892641336,21.495248896085492],[71.728096753293713,21.495879985055019],[71.727849623534084,21.496241944987915],[71.728107586077172,21.496473402408643],[71.727593594348846,21.497252983038081],[71.7270500174766,21.498125326022414],[71.726575660402162,21.498914121952748],[71.726684992307568,21.499136510624577],[71.726546798095114,21.499470503574475],[71.726319660935047,21.499952974909721],[71.725855259378761,21.500778844699827],[71.724834360041811,21.500539140198004],[71.724735735535063,21.50083598887576],[71.724062272065041,21.501022341060271],[71.723408807091758,21.501329204651547],[71.722854123794619,21.501441214085212],[71.722279623427937,21.501553248053575],[71.722024239475658,21.501650761934464],[71.721892308538941,21.502340166691937],[71.723079076895303,21.502472602756932],[71.724132928762614,21.502643499297832],[71.724000918977197,21.503275469906342],[71.725310769949431,21.503618322730141],[71.72656957038123,21.504018670241006],[71.726468390830661,21.504736754435147],[71.726417793286572,21.505091010186675],[71.726377587698295,21.505550550700057],[71.728147287724028,21.50557686046006],[71.728076713177899,21.506237467893246],[71.727934622335511,21.50695560860887],[71.727894868575035,21.507702327395876],[71.727926690570783,21.508429803191515],[71.728000221854714,21.509664570822441],[71.728002804103184,21.511320630307686],[71.728044961792278,21.512115099959644],[71.728189193229596,21.512765840815312],[71.728405572755875,21.513761096937305],[71.728396030880404,21.514201450251747],[71.728295182645439,21.515130131702598],[71.72973852983597,21.515721653751797],[71.73079289276393,21.516150967012727],[71.73169396371533,21.516676212459885],[71.732072762326425,21.516857565890071],[71.732543677746435,21.517067507986006],[71.732482800029388,21.517383488860808],[71.732289402773844,21.517996405002808],[71.732198031501596,21.518436872072193],[71.732025335166938,21.519202920761675],[71.73205613207503,21.519269886197893],[71.733171450447514,21.519411921088526],[71.734450469398837,21.519563291272704],[71.735361172649107,21.5196960261501],[71.736302382418842,21.519713841615129],[71.736636056982007,21.519755466866791],[71.737558379026325,21.519737717583627],[71.738542043120006,21.519629459796057],[71.73961366955966,21.519595046507888],[71.740571181218428,21.519610108526436],[71.741124657579036,21.519650408011959],[71.742828791227026,21.519639718066163],[71.743944365179317,21.519621652270271],[71.746289458047912,21.519437377233391],[71.747141599654157,21.519477215831841],[71.74847677773964,21.519458794480837],[71.749847036153824,21.519407431510714],[71.75026858136988,21.51934926276396],[71.751076844469395,21.519413805876432],[71.751647961856349,21.519495141961908],[71.75339595597643,21.519451399594821],[71.75581999010771,21.519209333677384],[71.755784694960326,21.519118972084133],[71.755784349729055,21.518921702035072],[71.755125002994816,21.518618585547809],[71.754236841485493,21.518069226791692],[71.753885103823677,21.517856052264062],[71.753270270364098,21.517889864640857],[71.752672749143699,21.517775695572169],[71.752584694639708,21.517652534673772],[71.752292307038616,21.516198105648126],[71.752019250431502,21.515762878627662],[71.751085885002354,21.514449146832995],[71.750417840470178,21.514178902883035],[71.750031206961509,21.514097286188399],[71.74962759549949,21.514360917810524],[71.749118056842875,21.514320580795108],[71.74858114639234,21.513680251030468],[71.748061850221731,21.513064552133891],[71.747955997762134,21.512801681620576],[71.747919803098767,21.512177044438992],[71.747416872605925,21.51084621220895],[71.746871809377396,21.510567551878253],[71.746326000507111,21.509845031330414],[71.746201921967511,21.509187644621367],[71.745858931868952,21.508933341680798],[71.744944802234642,21.508556582398956],[71.74424142812974,21.508146631456402],[71.743994912131015,21.507801767621654],[71.744829005463103,21.507595056291215],[71.745267451767944,21.507158772879283],[71.74561173181371,21.506876744781664],[71.745761258165601,21.505692898872017],[71.74602872493314,21.504132831083524],[71.74624490848592,21.503417404966246],[71.746040562272228,21.503337564740537],[71.746328988354264,21.502492572885746],[71.746565086127546,21.501869587698085],[71.746905653793078,21.500697787507164],[71.746793356992711,21.500513011787298],[71.747036109849546,21.49993316905503],[71.747429784445131,21.499007877982255],[71.747897668318032,21.499118149340205],[71.748101905063038,21.499136340307793],[71.748272912588874,21.498981968173172],[71.748859713858096,21.499295495901244],[71.749122459702761,21.498857408975553],[71.749940690881758,21.499682259541899],[71.750831413080746,21.500519326549579],[71.751636615710851,21.50141816469317],[71.752190996453621,21.502021471139738],[71.752619507403452,21.502211929912715],[71.754069946847707,21.502906343157331],[71.755164257257761,21.503360864100383],[71.756566336866484,21.502760738724024],[71.757534092126207,21.502420189965623],[71.757896117329949,21.502259348750616],[71.758784839220922,21.501931244219062],[71.759099843885366,21.50125880171484],[71.759349201874898,21.500715919596139],[71.759493412531313,21.500314988972551],[71.759598054851978,21.499889460834019],[71.759866798246605,21.499136947328708],[71.760023797011897,21.498520231136315],[71.760358539442208,21.497841590653941],[71.75996878799647,21.497219560903893],[71.759295453742553,21.496406864191918],[71.758932015505408,21.495760132119532],[71.758423240069192,21.494873199868593],[71.757817240103066,21.494880300797561],[71.756849556832748,21.495233180411017],[71.75610606785277,21.495721334829927],[71.755572716222289,21.495839281279256],[71.755460982727243,21.495981240782875],[71.755336085509327,21.496129385052392],[71.754955503372301,21.496974533232333],[71.754653609327661,21.497616124755595],[71.754437228708397,21.498189773552596],[71.753027775605347,21.498315208696777],[71.752085812046559,21.498322797470731],[71.751730165119341,21.498360322086654],[71.750076863983452,21.498418287679097],[71.748917583470515,21.49846317210536],[71.748600641768363,21.498019783969976],[71.747960511268602,21.497330286228621],[71.74778179068106,21.49681887925999],[71.747557368098569,21.496547964061477],[71.747016045442805,21.495852151326432],[71.746441740579087,21.495125561758314],[71.746329552483814,21.495002432669523],[71.745736207487099,21.494701234788163],[71.745531522105097,21.494411793531597],[71.745043140339263,21.49385152029382],[71.74462735338534,21.49337128076262],[71.74379554123027,21.492262845291116],[71.743491884509126,21.491868745357404],[71.74314864640958,21.49143771405857],[71.742521805576445,21.490785163546452],[71.74213939834803,21.490563787780705],[71.741150125997379,21.489813121038392],[71.740345618676486,21.48925945411661],[71.739508304428966,21.488779807059228],[71.739145606928417,21.488521407661484],[71.738479898441327,21.488251110658673],[71.737932834481228,21.488029959979702],[71.737748244553416,21.487931586926045],[71.737583044998985,21.487605090912961],[71.7374840436281,21.48748193692332],[71.737306021453279,21.487371224563947],[71.736792235235583,21.48735962383811],[71.73664034146779,21.487113249559531],[71.736455365238527,21.486774450902381],[71.736256888169819,21.48623223480844],[71.736065376976512,21.48592426858913],[71.7356825058732,21.485400806283909],[71.735365771444663,21.485043697843086],[71.734890309638118,21.484574460636729]]]]}},
{"type":"Feature","properties":{"District":"Bhavnagar","Taluka":"Palitana","Village":"Gheti","Dist_Id":"14","Taluka_Id":"14009","Village_Id":"140090101830000","S_Name":"Gheti","Remark":null,"GUJ_NAM":"HL<,M o EFJGUZ","GUJ_NAM2":"TF,]SM o 5F,LTF6F","GUJ_NAM_1":"UFD o 3[8L","Popu_2001":"6300","Status":null,"BEAT":"Adpur","ROUND":"Palitana","RANGE":"Palitana","DIVISION":"Bhavnagar","CIRCLE":"Junagadh","VILL_TYPE":null,"FOREST_AR":null},"geometry":{"type":"MultiPolygon","coordinates":[[[[71.758423240069192,21.494873199868593],[71.758452352015368,21.494923950148774],[71.758932015505408,21.495760132119532],[71.759295453742553,21.496406864191918],[71.75996878799647,21.497219560903893],[71.760358539442237,21.497841590653952],[71.760023797011897,21.498520231136315],[71.759866798246605,21.499136947328708],[71.759598054851992,21.499889460834019],[71.759493412531313,21.500314988972551],[71.759349201874912,21.500715919596139],[71.759099843885366,21.50125880171484],[71.758784839220922,21.501931244219062],[71.757896117329949,21.502259348750616],[71.757534092126207,21.502420189965623],[71.756566336866484,21.502760738724024],[71.755164257257761,21.503360864100383],[71.754069946847707,21.502906343157331],[71.752619507403452,21.502211929912715],[71.752190996453621,21.502021471139738],[71.751636615710851,21.50141816469317],[71.750831413080746,21.500519326549579],[71.749940690881758,21.499682259541899],[71.749122459702761,21.498857408975553],[71.748859713858096,21.499295495901244],[71.748272912588874,21.498981968173172],[71.748101905063052,21.499136340307793],[71.74789766831806,21.499118149340205],[71.747429784445131,21.499007877982255],[71.747036109849546,21.49993316905503],[71.746793356992711,21.500513011787298],[71.746905653793078,21.500697787507164],[71.746565086127546,21.501869587698085],[71.746328988354264,21.502492572885746],[71.746040562272228,21.503337564740537],[71.74624490848592,21.503417404966246],[71.74602872493314,21.504132831083524],[71.745761258165601,21.505692898872017],[71.74561173181371,21.506876744781664],[71.745267451767944,21.507158772879283],[71.744829005463103,21.507595056291215],[71.743994912131015,21.507801767621654],[71.74424142812974,21.508146631456402],[71.744944802234642,21.508556582398956],[71.745858931868952,21.508933341680798],[71.746201921967511,21.509187644621367],[71.746326000507111,21.509845031330414],[71.746871809377396,21.510567551878253],[71.747416872605925,21.51084621220895],[71.747919803098767,21.512177044438992],[71.747955997762134,21.512801681620576],[71.748061850221731,21.513064552133891],[71.74858114639234,21.513680251030468],[71.749118056842875,21.514320580795108],[71.749627595499518,21.514360917810553],[71.750031206961509,21.514097286188399],[71.750417840470192,21.514178902883035],[71.751085885002354,21.514449146832995],[71.752019250431502,21.515762878627662],[71.752292307038616,21.516198105648126],[71.752584694639708,21.517652534673772],[71.752672749143741,21.517775695572169],[71.753270270364098,21.517889864640857],[71.753885103823677,21.51785605226409],[71.754236841485493,21.518069226791692],[71.755125002994816,21.518618585547809],[71.755784349729069,21.518921702035072],[71.755784694960326,21.519118972084133],[71.75581999010771,21.519209333677384],[71.75339595597643,21.519451399594821],[71.751647961856349,21.519495141961947],[71.751076844469395,21.519413805876432],[71.75026858136988,21.51934926276396],[71.749847036153824,21.519407431510714],[71.748476777739654,21.519458794480837],[71.747141599654157,21.519477215831841],[71.746289458047912,21.519437377233391],[71.743944365179317,21.519621652270271],[71.742828791227026,21.519639718066163],[71.741124657579036,21.519650408011959],[71.740571181218428,21.519610108526436],[71.73961366955966,21.519595046507888],[71.738542043120006,21.519629459796057],[71.737558379026325,21.519737717583627],[71.736636056982007,21.519755466866791],[71.736302382418842,21.519713841615129],[71.736272094155154,21.519962772186577],[71.736110018941574,21.520958552242242],[71.735927388138251,21.521896925486335],[71.735785120710787,21.522490627800018],[71.735663359348493,21.523113018807486],[71.735379343235735,21.524625890323797],[71.735140461966154,21.525581093739326],[71.733920265418647,21.525460757868181],[71.732891894576028,21.525340145479042],[71.732823078256857,21.52549100993275],[71.732531471520488,21.525469878144225],[71.732416925320138,21.525814651271251],[71.731872200940373,21.525851306245723],[71.731666407952645,21.526720305378102],[71.731774730071351,21.527287331389044],[71.732006700320639,21.528407002863826],[71.732614693911515,21.529547688408982],[71.732646106944017,21.529999949691135],[71.733745832520299,21.531534813870838],[71.734053937020519,21.53226668517198],[71.73518441130895,21.53381585495227],[71.735730300064986,21.534482772527035],[71.73641393264873,21.534912571572587],[71.736859365487163,21.535141681823845],[71.737328053492206,21.535514346567894],[71.738741711476692,21.536574886320349],[71.739317968103506,21.537026365160649],[71.740731584097347,21.538043811078314],[71.741154059742371,21.538301660518115],[71.741377045941761,21.538574156526096],[71.742046057154667,21.539420360327522],[71.743497832510528,21.540286958717417],[71.744557877622626,21.540924377273328],[71.745571478569076,21.541317756715323],[71.746761691624997,21.541775483601263],[71.74670102910855,21.542206339125006],[71.746428055642141,21.544152367886056],[71.746299004034654,21.544985372138463],[71.746040751319811,21.546565227238393],[71.745949255424847,21.546917154082042],[71.746679192949884,21.547006417267777],[71.746793331107881,21.54604598761053],[71.746876940331589,21.545287763168481],[71.747930810382911,21.543279037676783],[71.748069083063328,21.542903391634052],[71.748430675247604,21.542245832629344],[71.748469187543094,21.542202455206503],[71.748568601479164,21.541668026402309],[71.748775550338152,21.540837416750669],[71.748928698862727,21.540136847268471],[71.749237456552706,21.540179706255007],[71.749336706088414,21.539551417003256],[71.749704606179733,21.538077984347623],[71.750034619133316,21.537016148208291],[71.750595055625141,21.535325824156239],[71.751359370554312,21.535526834692199],[71.752347588736754,21.535792483283505],[71.753436079713424,21.536029093630425],[71.754161817679517,21.536230149848613],[71.75426953976762,21.536049485399555],[71.754354085845605,21.535854416193025],[71.75450820921283,21.53573144092913],[71.754700891389248,21.535593966633986],[71.754954879377806,21.535210918022916],[71.755023687833031,21.534842592219299],[71.755184012510071,21.533853205291877],[71.755369303065976,21.533903461871731],[71.756048580482116,21.534017940954296],[71.756982652140408,21.534211445120846],[71.757190979650815,21.534196684069951],[71.758835266753408,21.534540701691743],[71.75997777603358,21.534777185563506],[71.762008253762744,21.535308289751338],[71.763428827723459,21.535681493085178],[71.76500382479027,21.536097759051724],[71.765126901469287,21.53588096327455],[71.766186256289885,21.537056137372574],[71.767145162127505,21.538152045278576],[71.766984148526404,21.538722683412487],[71.767424203094237,21.538823058551603],[71.766971288827662,21.540130604691026],[71.767187499257105,21.540202458519126],[71.767195810946419,21.540527345324541],[71.767527738983205,21.540577353281723],[71.767957259973301,21.53913988325392],[71.769596269700301,21.540761742704028],[71.770732881178617,21.541943981717804],[71.770987842819565,21.542102407651612],[71.771204165398828,21.542232016025167],[71.771197051778259,21.542556927554958],[71.771922671018515,21.542664046061077],[71.771846682064506,21.543299529794194],[71.771676862325705,21.543278146518183],[71.771592993534014,21.543827002964878],[71.771279604368175,21.545452012394843],[71.77239128153694,21.545652360184107],[71.774591166607649,21.545879792210165],[71.775169997412277,21.545893278087199],[71.776296735070432,21.545891415074035],[71.777809465277628,21.545953881805598],[71.778604507305275,21.546031975361377],[71.780233222330537,21.546209746138082],[71.78098183742145,21.546222926421642],[71.780425810411003,21.54602892259399],[71.780230190471016,21.545523851979258],[71.781010992924621,21.544887178762504],[71.781319296283954,21.544684499180811],[71.781204847927555,21.544030079502985],[71.781225093504673,21.543856765524144],[71.781409695559375,21.54353877442135],[71.781687163715119,21.543355399501134],[71.782139815607479,21.543306501067473],[71.782376477640156,21.543306100535478],[71.782210577673624,21.542651768577972],[71.782014331249911,21.542267034168905],[71.781725368423395,21.541824696178793],[71.781261522631368,21.541401905971131],[71.78131502693023,21.541356690764797],[71.781700702535872,21.540262210451349],[71.781902125789983,21.539666220438946],[71.782108989928446,21.538891526022628],[71.782252898734711,21.53848515772],[71.782403327582699,21.53845782812278],[71.782460063181233,21.5378674972421],[71.782661543034905,21.537303996098309],[71.783234482513606,21.537281364295865],[71.783547017812836,21.53728083335098],[71.783568664861349,21.536506451729814],[71.783559217774638,21.535836211214921],[71.783726711957854,21.535657231450323],[71.784351069138921,21.535293363449593],[71.785010064228246,21.534886113957278],[71.78562859552666,21.534506006156057],[71.786374821633274,21.534315201916371],[71.787242371585492,21.534015885524681],[71.787722141603183,21.533711818848548],[71.788051946341611,21.533667929757517],[71.788815495363281,21.533460839744706],[71.788662857562031,21.532367273991639],[71.788894346581714,21.532361458327422],[71.789484649382658,21.532349605170396],[71.790254224402602,21.532267043157542],[71.791001047743123,21.532384872254763],[71.791637498938059,21.532297121001292],[71.792494036430696,21.532290206624108],[71.792540065198139,21.532154750959219],[71.792428346754946,21.531277716960155],[71.792386468882526,21.530595500407809],[71.792275435243084,21.530059609939457],[71.792222243734372,21.529507373066519],[71.792098846468051,21.528576208971909],[71.792079957937219,21.527812726832952],[71.792021565282383,21.527552908942127],[71.79196866794824,21.527146876349544],[71.792002428437357,21.526664882075078],[71.791983908716631,21.52608550919663],[71.791983335180063,21.525798515045267],[71.792005964643266,21.52553855530304],[71.792027598353769,21.5247804169713],[71.791933921413687,21.524239080473684],[71.791904563682039,21.524027946662894],[71.791862323043446,21.523161619819518],[71.791843804501553,21.522582246671455],[71.792191171494579,21.522652033987285],[71.792318574496591,21.522695130942033],[71.792822248218968,21.522791718132638],[71.794130898367712,21.523168467360716],[71.794605104269067,21.522999765880243],[71.794494494237227,21.522675060841376],[71.794436306769285,21.522518128377111],[71.794175538434018,21.52234530804748],[71.793897246098837,21.522091293087914],[71.793121407581893,21.521908547223337],[71.793110072370041,21.522027697241384],[71.792814822710724,21.521974065415829],[71.793108041418876,21.521015094801704],[71.792105497859879,21.520323731472303],[71.792023743914399,21.519955654066266],[71.791954072757235,21.519842060794595],[71.79178027911172,21.519750309555874],[71.791745330167387,21.519636655494363],[71.791773821889336,21.519414590402175],[71.791968664544143,21.518455793398758],[71.792077956351179,21.518125286730708],[71.792239578909886,21.517919233565873],[71.792371876535341,21.517518291311809],[71.792371519108571,21.517339596664307],[71.792434514134641,21.517009170810745],[71.791744956379588,21.516550101541469],[71.790969117592198,21.516351100216678],[71.791083582395032,21.515711929538007],[71.791198563979961,21.51533267832718],[71.791260891967013,21.514666523341404],[71.791329912611488,21.514455217507862],[71.792290702521768,21.514545593396722],[71.79214525376473,21.514155967224685],[71.79211025183362,21.514015238193387],[71.79143188343501,21.513355792331218],[71.791337784956681,21.512597854936939],[71.791366114198922,21.512294564839305],[71.79134847355887,21.512153805309183],[71.791452169859198,21.511920778816915],[71.79122010937472,21.511623358039312],[71.790136218270945,21.510726352754865],[71.789834862412121,21.510499445532329],[71.789319220479996,21.510180853927519],[71.789081583897541,21.509986324981096],[71.788831412137355,21.50930446605129],[71.788617116298809,21.509207366300704],[71.788524338764731,21.509110056357347],[71.78834407948105,21.508666336461467],[71.787827413456526,21.507822485311316],[71.787444768619267,21.507449508245895],[71.787230167994011,21.507195371700973],[71.786703798416553,21.507299161503919],[71.786449330217877,21.507369993393578],[71.786038424831517,21.507338207592493],[71.785760291749042,21.5071437431255],[71.785424040885303,21.506819417101202],[71.785562292676389,21.506499694720137],[71.785538819060363,21.5063318693037],[71.785232020293762,21.506272828368417],[71.784566303221936,21.506133173540171],[71.784050982544017,21.505966185223929],[71.783327330059635,21.505788718821538],[71.782378395069813,21.505811986031038],[71.782424142901391,21.505530327668634],[71.781833384041136,21.505249744590063],[71.781306715377497,21.505196482301386],[71.781069430479249,21.50517522171636],[71.779964037527023,21.505079607953721],[71.77998021512569,21.504462268466199],[71.779505575684652,21.504381838128186],[71.777722236475043,21.503789160582922],[71.777346009648994,21.503730220493033],[71.777160825439466,21.50371969784684],[71.776727852026298,21.504251087958107],[71.777116894109682,21.504965225806291],[71.775814797667294,21.50488615586438],[71.774506895774607,21.504796255253847],[71.774667847519268,21.504227413251723],[71.774730897697992,21.50390782319602],[71.774834472483789,21.503598996476317],[71.774989319782307,21.502862298417995],[71.775156013176357,21.502271786301471],[71.775230674839491,21.501973836968592],[71.775345167523668,21.501318430327263],[71.775430493513412,21.500538526084576],[71.775400838573262,21.5001541081906],[71.775503603818606,21.49941749526581],[71.774282330728255,21.499213733952036],[71.773419783887334,21.49899854687143],[71.772783223302483,21.498956267313989],[71.772904096733356,21.498614923192886],[71.773170078342332,21.498517017983911],[71.77345320553367,21.498305368719659],[71.773701574521638,21.498072115818452],[71.773706914963057,21.497833845867934],[71.773475054652735,21.497612209450935],[71.773266359736951,21.497401364865485],[71.773161774942437,21.49716868970247],[71.773027876043926,21.496730291300331],[71.77278487033594,21.496736103280337],[71.771997720378636,21.496607425980471],[71.772044764127102,21.497013476527485],[71.771836554986677,21.497062550695194],[71.77181407447371,21.497419979145391],[71.77152492933017,21.497507089790847],[71.771398187065699,21.497805122288913],[71.771693531259089,21.497940017928215],[71.771648197229425,21.498454519292437],[71.771568658426787,21.499245242613647],[71.770764377898203,21.499246548158485],[71.770422912549947,21.499203781049189],[71.770412381046228,21.499766960945948],[71.770053615916609,21.499756711261618],[71.769954830672361,21.499529439777572],[71.769728749476243,21.499302373812093],[71.76977996652441,21.498836598710387],[71.769687387718733,21.498836748192165],[71.769496154678805,21.498680020986203],[71.769443740102645,21.498495994571961],[71.769188889942583,21.498355614681746],[71.769078604420898,21.498166266352595],[71.769089818203412,21.497971307255725],[71.769083494307466,21.497678905881106],[71.769048010844728,21.497262005786006],[71.769012368314179,21.49675846544363],[71.76864168054685,21.496553290781662],[71.768469177570537,21.49655798031873],[71.768411177651771,21.496482263091401],[71.768376044031712,21.496254888269821],[71.768537547295423,21.495978462219767],[71.767766286728332,21.495042899762915],[71.767621447915957,21.494940246231526],[71.767511137340975,21.49473465169579],[71.767806164604266,21.494701688881083],[71.767811266850586,21.494328043532409],[71.767961762288095,21.494360292429786],[71.768095237073666,21.494576679569509],[71.768662285694347,21.494586598794555],[71.76841271267179,21.494164627470067],[71.768620730051808,21.494012672288836],[71.768308108150208,21.493915704026243],[71.768301885361268,21.49367745262137],[71.768035591799219,21.493602069566261],[71.76826076815864,21.493341786659371],[71.767861451100558,21.493295497005338],[71.767891710417388,21.49296813987339],[71.767993725523354,21.492505893507811],[71.767797849444364,21.492265539422537],[71.767149580779915,21.492131802961676],[71.766388008964171,21.491911604103269],[71.765769517448362,21.491180957694766],[71.76531611333121,21.490729221978768],[71.764894318954873,21.490691384222536],[71.764842436250078,21.490441171508916],[71.764770382373612,21.490412405502067],[71.764420816718086,21.490499599562849],[71.76429707240608,21.490326514195729],[71.764306906393543,21.490076203673588],[71.763987764996827,21.489922680456193],[71.763637662528836,21.489711445085451],[71.763554768700359,21.489374640263421],[71.763277136667881,21.489423211541052],[71.763122537026064,21.489250173869909],[71.762844956934941,21.489327624541836],[71.762690029667951,21.48897167907467],[71.762247358843609,21.48876058621277],[71.761856359456701,21.488684185465448],[71.761886924159626,21.488520483113934],[71.761454541641641,21.488309371996149],[71.761279425294092,21.488165244865311],[71.761011428307896,21.48784798141978],[71.760908536303702,21.487828888615336],[71.759467044332766,21.486993606828111],[71.757933048728773,21.48618733538132],[71.757315824827728,21.486140153096237],[71.757244586437395,21.486573465965904],[71.75724527996779,21.486968161134932],[71.757432589578187,21.488200094986311],[71.757464513638567,21.488806530135477],[71.757589536081042,21.489711250512514],[71.757704443655328,21.490712253611793],[71.757913199557365,21.492435116498907],[71.758000359478658,21.49325325400012],[71.758152400373376,21.493920472387309],[71.758194632158393,21.49453651774876],[71.758423240069192,21.494873199868593]]]]}},
{"type":"Feature","properties":{"District":"Bhavnagar","Taluka":"Palitana","Village":"JaliyaAmaraji","Dist_Id":"14","Taluka_Id":"14009","Village_Id":"140090101970000","S_Name":"Jaliya(Amaraji)","Remark":null,"GUJ_NAM":"HL<,M o EFJGUZ","GUJ_NAM2":"TF,]SM o 5F,LTF6F","GUJ_NAM_1":"UFD o HF/LIF sVDZFHLf","Popu_2001":"2022","Status":null,"BEAT":"Kanjarda","ROUND":"Palitana","RANGE":"Palitana","DIVISION":"Bhavnagar","CIRCLE":"Junagadh","VILL_TYPE":null,"FOREST_AR":null},"geometry":{"type":"MultiPolygon","coordinates":[[[[71.7398865715016,21.471458554773271],[71.740152783363811,21.471006512933521],[71.741133108468176,21.46989354563528],[71.74452476572263,21.469161512494004],[71.747033493934879,21.469040819686402],[71.747542350811756,21.468998279439756],[71.748302113040154,21.46949024956783],[71.750150614061596,21.469654646147674],[71.752284848474204,21.469826949021414],[71.754159621663945,21.469690389304969],[71.755881700455049,21.469035873407478],[71.755567262752322,21.467924798234407],[71.754878868661379,21.467407679714242],[71.753527824760383,21.465763292537797],[71.75313478977877,21.465655239442384],[71.752955934445296,21.46548835866956],[71.752803489673738,21.46510414100868],[71.752588662940113,21.464786877948839],[71.752516703861602,21.464477756545044],[71.753140845592497,21.463992074144379],[71.753648540413039,21.463289269224177],[71.753773274722633,21.463138643781683],[71.75370018573436,21.462177634051269],[71.753681505058481,21.461701280826937],[71.753698478952472,21.46119144321802],[71.753573196844954,21.461024481723577],[71.75361724432436,21.460681754490615],[71.753696685490326,21.460155106962851],[71.753838998166344,21.459845660892224],[71.753998558041175,21.459185170421236],[71.754247526016968,21.458599762081167],[71.753522905558313,21.457756746613288],[71.753566663190171,21.457246868191131],[71.75342113122062,21.455692579416521],[71.753420524580548,21.455341562074089],[71.753924216772717,21.454922919572461],[71.754465583976497,21.454351692466023],[71.754920698114276,21.454238172443912],[71.755227610951366,21.453610886225373],[71.755381404773928,21.45349155608848],[71.755849699127467,21.45325891794506],[71.756184111273924,21.453045288064288],[71.756331175179511,21.452907162808273],[71.75664531235536,21.452587003933022],[71.756671831702718,21.452436526836312],[71.756597137701462,21.451841163845621],[71.756590080192652,21.451634324564431],[71.757386352253732,21.451344765281391],[71.757914996056783,21.451168442220432],[71.758195692310238,21.450873404702641],[71.758476332204992,21.450547025874741],[71.759506694827607,21.450119194772931],[71.760102042420655,21.44980486132312],[71.760697064373574,21.449308748902805],[71.760789787336577,21.448738199573242],[71.760346439431629,21.447924025609218],[71.760405552342618,21.447278310427578],[71.761696469971454,21.446549187388058],[71.762533055851208,21.446359831720343],[71.762987655601123,21.445976758692069],[71.76316094771488,21.445537713245727],[71.763173382651729,21.44500489777154],[71.763593587935674,21.444114153940777],[71.763987345587168,21.443411496368874],[71.764808642246251,21.442181634231758],[71.765082453824164,21.441798841357716],[71.765665227855891,21.44196089048198],[71.766053831712057,21.442116978069738],[71.766388624585105,21.442135250234927],[71.766896967663612,21.441864908466961],[71.767144528925073,21.441776758969006],[71.767719340507085,21.441243044718291],[71.768113734974108,21.440903931378177],[71.768602168825595,21.440733907360606],[71.768796372948259,21.440758668425762],[71.768984376071387,21.441052971329785],[71.769272738009647,21.441309503488736],[71.769506826020745,21.441177494866512],[71.76951306066222,21.440926757305313],[71.769626382451023,21.440657042742835],[71.770007818970186,21.440556136996442],[71.770429575697946,21.440536651707394],[71.771239717559752,21.440554145704454],[71.772023172116661,21.440621824643028],[71.772244180294763,21.440659074526376],[71.772264463311245,21.440765600726781],[71.772184308012868,21.440866022056817],[71.772077441859437,21.441004095882644],[71.77210466401381,21.44124224274897],[71.772205265396721,21.441336102012052],[71.772412779695202,21.441316959918144],[71.772660266744381,21.441191193295531],[71.772820378816704,21.440883791297164],[71.772880378419899,21.440745793398062],[71.773214947116259,21.440644956748073],[71.773502801523634,21.440625682183303],[71.77416554640044,21.440586989063263],[71.774359364465639,21.440404894141327],[71.774158090135032,21.44017956912931],[71.774204487228104,21.439928765663833],[71.774324494665564,21.439659037023723],[71.774478246531899,21.439533421286107],[71.774658919092857,21.439482979495345],[71.775147622465596,21.439463372513607],[71.774967678254143,21.439902441229453],[71.774733585533454,21.440028189265938],[71.774727336365018,21.440266390618461],[71.774828114812308,21.440454270814971],[71.775283522299873,21.440528740858039],[71.775578200741137,21.440578401556124],[71.776220458321717,21.440326615705608],[71.776608702498578,21.440288365592416],[71.776782703786708,21.440250468906275],[71.777043504380075,21.440087064712142],[71.776996307573427,21.439911633596264],[71.776748282717392,21.439749070918857],[71.776614180650085,21.439642733363691],[71.776654209189971,21.439567448987752],[71.776855001641167,21.439535776145693],[71.77698197100429,21.439410202412905],[71.777001642054174,21.439190783340177],[71.776940949090275,21.438958960833826],[71.777034383631133,21.43880210158898],[71.777255271838726,21.438776663209048],[71.777570020578949,21.438820019014511],[71.778407171279682,21.438962797357533],[71.778614502827878,21.438849625119747],[71.77872775863959,21.438554831859971],[71.778786775396853,21.437902842192646],[71.777922458842895,21.437553260586938],[71.77762097222444,21.437440933360698],[71.777339322183792,21.437196940784172],[71.776649128563264,21.436872136765817],[71.774674382196878,21.437013287966131],[71.77332874642579,21.437040562723233],[71.771748264843424,21.43678613941168],[71.771687929269149,21.436742359987779],[71.771679714483668,21.435921240320425],[71.770668520342255,21.435778709490219],[71.769208909264847,21.435712112357901],[71.768659768401292,21.435625239615892],[71.767889457105412,21.435407086991862],[71.767320370504834,21.435395460063358],[71.766617523248044,21.435459262548342],[71.76580090788741,21.435548315489264],[71.764756541209451,21.435568774575135],[71.764287899824012,21.435569514888286],[71.763825829368741,21.435501293399177],[71.763470967276703,21.43548304753822],[71.762567159306471,21.435484467166475],[71.761435859488714,21.435561455589042],[71.760491503410606,21.435349808667262],[71.759587962086556,21.435501648497741],[71.757572760079356,21.435479687610538],[71.756655726349763,21.435575118629906],[71.756173683938599,21.43556958857619],[71.754881321417471,21.435427392155145],[71.753769863647022,21.435366398254324],[71.753314568978226,21.435342014830347],[71.751948266207449,21.435024397992692],[71.751613523265263,21.435024901305169],[71.749732289076718,21.435040253841727],[71.748647923343938,21.435160963298497],[71.748313296644042,21.435230410046049],[71.748125480037743,21.435017569639193],[71.747300935059585,21.434379432881759],[71.747079762953433,21.434235590730232],[71.746021686372501,21.434061638887815],[71.745331763945245,21.433849532180165],[71.74484283382121,21.43372488370013],[71.744474149904008,21.433443353213736],[71.744064183706072,21.43249118429403],[71.743908996518243,21.431764298717081],[71.74342580270428,21.431056694603804],[71.742616108670347,21.431277256692194],[71.742328319652074,21.431327818990496],[71.741438584888087,21.431730269151124],[71.740542058044539,21.432076310513146],[71.73989313011721,21.432359310553601],[71.739184385990981,21.432911926353405],[71.737946961110623,21.433596923492019],[71.737398180038085,21.433716798246653],[71.737184715929587,21.43419348429752],[71.736864213760811,21.434720467133506],[71.736062091474508,21.435505125358205],[71.735714973908614,21.436138702950664],[71.735234295990182,21.436985586401793],[71.734646472591976,21.437820082212905],[71.733764660116165,21.439031078794784],[71.733590957943008,21.43926324471126],[71.733216522595868,21.43957090860205],[71.732147353107692,21.44086364409069],[71.731706137313083,21.441284224811035],[71.730904139090825,21.442187953846538],[71.730075350057092,21.44309171584047],[71.729815512095783,21.443906938785187],[71.729655522095243,21.444352200540781],[71.729327854316196,21.444609645943796],[71.729322530653377,21.44548720113194],[71.729269105011582,21.445575029101121],[71.729076075159483,21.446302404424749],[71.729016971354767,21.44704213268178],[71.728964533093162,21.447763047147038],[71.728925191854586,21.448295897718062],[71.728839539243097,21.449186098772852],[71.72874041633149,21.450026172542778],[71.728707456568159,21.450358431954417],[71.728707808429775,21.450584086507792],[71.728675532581633,21.451355118601573],[71.728596552971652,21.452232773725363],[71.728510583769946,21.452922392465151],[71.728544218496125,21.453022637629861],[71.728458531806268,21.453894033493999],[71.728392872888094,21.454727792742521],[71.728340780581135,21.455674360824879],[71.728347866842512,21.455925078815611],[71.728268707436399,21.456689906149784],[71.728228981087341,21.456978297119328],[71.728150044884288,21.457887292377762],[71.728097618525297,21.458620742063246],[71.728032004456892,21.459485841614796],[71.727913318447989,21.460670690963074],[71.727894321699523,21.461372753872642],[71.727894604294931,21.461554530923493],[71.727794396843279,21.461705103901263],[71.727618549032343,21.462314562352418],[71.727757470157655,21.462472004319494],[71.728114383943975,21.462675511112604],[71.728749202047737,21.463230989054743],[71.728858756174176,21.463611008143943],[71.729196283647667,21.464083439050459],[71.729741598216862,21.464407225385084],[71.729731939704564,21.464564869646704],[71.729870937952327,21.46476867173314],[71.730148891931293,21.465148458362542],[71.730644071427506,21.465082869415024],[71.731179180097044,21.465211944436074],[71.731763773928833,21.465313131947173],[71.732447704457854,21.465590355161385],[71.73333950918979,21.465774561598561],[71.734488062807273,21.465457693485689],[71.734666750532014,21.465698525493206],[71.735679752914024,21.467329044724178],[71.735967184660382,21.467430635906833],[71.736047117957838,21.467857053742673],[71.736414261271392,21.468245976152883],[71.737823132445712,21.469625566678722],[71.739152872789944,21.471060892482203],[71.739380484155433,21.4709214808266],[71.739840047011029,21.471409181923182],[71.7398865715016,21.471458554773271]]]]}},
{"type":"Feature","properties":{"District":"Bhavnagar","Taluka":"Palitana","Village":"Adapar","Dist_Id":"14","Taluka_Id":"14009","Village_Id":"140090101860000","S_Name":"Adapur","Remark":null,"GUJ_NAM":"HL<,M o EFJGUZ","GUJ_NAM2":"TF,]SM o 5F,LTF6F","GUJ_NAM_1":"UFD o VFN5Z","Popu_2001":"2084","Status":null,"BEAT":"Adpur","ROUND":"Palitana","RANGE":"Palitana","DIVISION":"Bhavnagar","CIRCLE":"Junagadh","VILL_TYPE":null,"FOREST_AR":null},"geometry":{"type":"MultiPolygon","coordinates":[[[[71.761279425294092,21.488165244865311],[71.761331831880639,21.48820837744401],[71.761454541641641,21.488309371996149],[71.761886924159626,21.488520483113934],[71.761856359456701,21.488684185465448],[71.762247358843609,21.48876058621277],[71.762690029667951,21.48897167907467],[71.762844956934941,21.489327624541836],[71.763122537026064,21.489250173869909],[71.763277136667909,21.489423211541052],[71.763554768700359,21.489374640263421],[71.763637662528836,21.489711445085451],[71.763987764996827,21.489922680456193],[71.764306906393543,21.490076203673588],[71.76429707240608,21.490326514195729],[71.764420816718086,21.490499599562849],[71.764770382373612,21.49041240550206],[71.764842436250078,21.490441171508916],[71.764894318954873,21.490691384222576],[71.76531611333121,21.490729221978771],[71.765769517448362,21.491180957694766],[71.766388008964171,21.491911604103269],[71.767149580779915,21.492131802961676],[71.767797849444364,21.492265539422537],[71.767993725523354,21.49250589350784],[71.767891710417388,21.49296813987339],[71.767861451100558,21.493295497005338],[71.76826076815864,21.493341786659371],[71.768035591799219,21.493602069566261],[71.768301885361268,21.49367745262137],[71.768308108150208,21.493915704026243],[71.768620730051808,21.494012672288836],[71.76841271267179,21.494164627470067],[71.768662285694347,21.494586598794555],[71.768095237073666,21.494576679569509],[71.767961762288095,21.494360292429821],[71.767811266850586,21.494328043532409],[71.767806164604266,21.494701688881083],[71.767511137340975,21.49473465169579],[71.767621447915957,21.494940246231526],[71.767766286728332,21.495042899762915],[71.768537547295423,21.495978462219767],[71.768376044031712,21.496254888269821],[71.768411177651771,21.496482263091401],[71.768469177570537,21.496557980318734],[71.76864168054685,21.496553290781662],[71.769012368314179,21.49675846544363],[71.769048010844728,21.497262005786009],[71.769083494307495,21.497678905881106],[71.769089818203412,21.497971307255725],[71.769078604420898,21.498166266352598],[71.769188889942583,21.498355614681749],[71.769443740102645,21.498495994571961],[71.769496154678805,21.498680020986203],[71.769687387718747,21.498836748192183],[71.76977996652441,21.498836598710412],[71.769728749476286,21.499302373812093],[71.769954830672361,21.499529439777572],[71.770053615916609,21.499756711261618],[71.770412381046228,21.499766960945948],[71.770422912549947,21.499203781049189],[71.770764377898203,21.499246548158485],[71.771568658426787,21.499245242613654],[71.771648197229425,21.498454519292437],[71.771693531259089,21.497940017928215],[71.771398187065699,21.497805122288913],[71.77152492933017,21.497507089790847],[71.77181407447371,21.497419979145391],[71.771836554986677,21.497062550695194],[71.772044764127102,21.497013476527485],[71.771997720378636,21.496607425980471],[71.77278487033594,21.496736103280334],[71.773027876043926,21.496730291300381],[71.773161774942437,21.49716868970247],[71.773266359736951,21.497401364865485],[71.773475054652735,21.497612209450935],[71.773706914963071,21.497833845867934],[71.773701574521638,21.498072115818449],[71.773453205533684,21.498305368719659],[71.773170078342346,21.498517017983911],[71.772904096733356,21.498614923192886],[71.772783223302483,21.498956267313989],[71.773419783887334,21.49899854687143],[71.774282330728255,21.499213733952036],[71.775503603818606,21.49941749526581],[71.775400838573262,21.5001541081906],[71.775430493513412,21.500538526084576],[71.775345167523668,21.501318430327263],[71.775230674839491,21.501973836968613],[71.775156013176357,21.502271786301471],[71.774989319782307,21.502862298417995],[71.774834472483789,21.503598996476317],[71.774730897697992,21.50390782319602],[71.774667847519268,21.504227413251723],[71.774506895774607,21.504796255253847],[71.775814797667294,21.504886155864376],[71.777116894109682,21.504965225806291],[71.776727852026298,21.504251087958107],[71.777160825439466,21.503719697846869],[71.777346009648994,21.503730220493033],[71.777722236475057,21.503789160582922],[71.779505575684652,21.504381838128186],[71.77998021512569,21.504462268466202],[71.779964037527023,21.505079607953721],[71.781069430479249,21.50517522171636],[71.781306715377497,21.505196482301386],[71.781833384041136,21.505249744590063],[71.782424142901391,21.505530327668634],[71.782378395069813,21.505811986031038],[71.783327330059635,21.505788718821538],[71.784050982544017,21.505966185223933],[71.784566303221936,21.506133173540171],[71.785232020293762,21.506272828368417],[71.785538819060392,21.506331869303704],[71.785562292676389,21.506499694720137],[71.785424040885303,21.506819417101202],[71.785760291749042,21.5071437431255],[71.786038424831517,21.507338207592493],[71.786449330217891,21.507369993393578],[71.786703798416553,21.507299161503919],[71.787230167994011,21.507195371700998],[71.787444768619267,21.507449508245895],[71.787827413456526,21.507822485311316],[71.787963459386233,21.507388052726728],[71.788080057289335,21.506966610767453],[71.788262108341087,21.506654944677017],[71.788124977786254,21.506588026971244],[71.788131248936637,21.506459812400411],[71.787374341694985,21.506381752319193],[71.786851486605471,21.505894255885668],[71.786668296696249,21.505625952992066],[71.786334537194008,21.505089290635588],[71.785706346116612,21.504107470629666],[71.786246014058534,21.503190805096661],[71.786832106126752,21.502664774486142],[71.787203145364643,21.502255105669803],[71.78815344031959,21.501166788952744],[71.788381786247797,21.501178604775504],[71.789014732850191,21.501262980058222],[71.789758857581788,21.501487573816583],[71.789856298740261,21.501279836675252],[71.789711693962659,21.500730642584497],[71.789606726403704,21.500431682332394],[71.789664966025171,21.500193488517414],[71.789383914807075,21.499919253121575],[71.788802160973333,21.499328080210812],[71.788749118332262,21.498894720758624],[71.788898529238395,21.498577005250713],[71.789106215405226,21.498039410698276],[71.788962460750668,21.497917560483454],[71.789164370486347,21.497758482511838],[71.789555383631281,21.497562446967709],[71.790063307030167,21.497109799814687],[71.790258230972881,21.496718744679292],[71.790440107354797,21.496327711990972],[71.790694429779052,21.496284535046136],[71.790628512759412,21.49612252946433],[71.790758388855181,21.495005098097259],[71.790728525033614,21.494748742249005],[71.790658649211068,21.494052899707143],[71.790398762907898,21.493755735345328],[71.789870596325443,21.493861962846101],[71.789762928002801,21.493843834753878],[71.788843506598283,21.494019417760832],[71.788585059601189,21.494450263272412],[71.787226792681849,21.493162424291992],[71.786366867252482,21.492628699568133],[71.785687213358813,21.491988843041224],[71.785406816409377,21.492038161819952],[71.785223932327199,21.491916375045953],[71.78494984448281,21.491855793145124],[71.784538594448179,21.491703870120201],[71.784447176663988,21.491655186140257],[71.7835900298859,21.490301343321633],[71.782746098241176,21.489026837802196],[71.782620170404599,21.487995313280017],[71.782586919547228,21.487665701865247],[71.782586412818219,21.487403189590445],[71.782676247748839,21.486633813100042],[71.782596653885065,21.48595019246773],[71.782419584218744,21.48545599017476],[71.782235792944277,21.484858014708156],[71.782332633692931,21.48433892965803],[71.782782372266396,21.484167230530065],[71.78300407418908,21.484130225548551],[71.783153601023628,21.483873564036262],[71.783362032503561,21.483720586842921],[71.783557288099701,21.483500477193417],[71.783686854960919,21.483042385401315],[71.783536277802682,21.482755707789007],[71.783312263051272,21.481596145191485],[71.783884974766153,21.480935837812943],[71.784568552864656,21.480269234820078],[71.78510235630047,21.479731088719582],[71.784325653915374,21.479463793209959],[71.782426365219578,21.47882599157256],[71.780533545133764,21.478151527515802],[71.779443746733747,21.47786641929979],[71.778640974531143,21.477599140704221],[71.777524781771731,21.477149229794417],[71.776141223505505,21.476724173016663],[71.775286238423163,21.476432544522009],[71.774072263383516,21.476001086197087],[71.772665443202428,21.477083965752843],[71.771844819628711,21.477732428674845],[71.771141536831905,21.478350172480056],[71.770340342949254,21.478931441887504],[71.769962623054383,21.479249510569609],[71.769532766222056,21.479592082337305],[71.768210727284881,21.480705312665499],[71.767429321924226,21.481420845692362],[71.766875723095694,21.481873497966717],[71.766081281826473,21.482601255449044],[71.764857162698391,21.48378756300956],[71.764186413008119,21.484393016136121],[71.763092555016698,21.485487530355162],[71.763138686402428,21.48574997123745],[71.76306096116231,21.486055341841301],[71.762682977039532,21.486245190255865],[71.762396355447066,21.486459314265609],[71.762162167255454,21.486813769735587],[71.761875227096652,21.486850849376449],[71.76203220183956,21.487088696959525],[71.761771352588838,21.487125735516951],[71.761696172774165,21.487640705255476],[71.761279425294092,21.488165244865311]]]]}},
{"type":"Feature","properties":{"District":"Bhavnagar","Taluka":"Palitana","Village":"Dungarpur","Dist_Id":"14","Taluka_Id":"14009","Village_Id":"140090102000000","S_Name":"Dungarpur","Remark":null,"GUJ_NAM":"HL<,M o EFJGUZ","GUJ_NAM2":"TF,]SM o 5F,LTF6F","GUJ_NAM_1":"UFD o 0]\\UZ5]Z","Popu_2001":"1350","Status":null,"BEAT":"Jivapur","ROUND":"Palitana","RANGE":"Palitana","DIVISION":"Bhavnagar","CIRCLE":"Junagadh","VILL_TYPE":null,"FOREST_AR":null},"geometry":{"type":"MultiPolygon","coordinates":[[[[71.820269320444496,21.474834740076354],[71.820195314388215,21.474667484790611],[71.820416299242751,21.474696602112868],[71.82092115201705,21.474646399480392],[71.821615364515921,21.474595831205761],[71.821382801078272,21.474084240438081],[71.821096603687366,21.473100101831843],[71.821180352713498,21.472912850174172],[71.821506058559677,21.472725133441052],[71.821758686836006,21.472793575720484],[71.821884687362754,21.472685017488924],[71.82171578566593,21.472419476628925],[71.821589007132218,21.472173548351545],[71.821303568056678,21.471534049434883],[71.82148197229138,21.47133676882175],[71.821796765232264,21.470971828542474],[71.821827783755467,21.47072559667188],[71.821742804289713,21.470351578462306],[71.821657673959052,21.469908632260054],[71.821867461687617,21.469632515750192],[71.822402967125726,21.469178527378659],[71.823201914877203,21.46893081305786],[71.823537976694212,21.468674144166631],[71.823642628776213,21.468427769466075],[71.823283508271984,21.467768722446895],[71.823260145127762,21.466715150336352],[71.823332217021175,21.466006034847751],[71.823551406796227,21.46522770651131],[71.823781200583085,21.464488744887497],[71.82381214928732,21.464212971963416],[71.823685244081972,21.463907963878299],[71.82335925639147,21.46395782884311],[71.822939029190707,21.464204813027688],[71.822697259697378,21.464284054776641],[71.822349755838147,21.464117327611767],[71.822222940334498,21.463851705788091],[71.822306552881031,21.463605372322572],[71.822737320344601,21.463368216275853],[71.823210619094965,21.463337761752044],[71.823410418621251,21.463307834895691],[71.823494137525174,21.463110735114832],[71.823847721471452,21.461268681425693],[71.82404555907523,21.460352536870314],[71.820984295554865,21.459715107621864],[71.819655312223702,21.459139967247136],[71.817987761462675,21.457655168357174],[71.813117030579861,21.453585545221625],[71.812295990474311,21.454267337136006],[71.811484812468748,21.45491874537144],[71.810492759116698,21.455843737264171],[71.809626372275957,21.456510009349149],[71.808578855192252,21.457331700001134],[71.807964111559642,21.457620854841092],[71.807341538286366,21.457939562556927],[71.807033909078143,21.457962282929344],[71.806047892429561,21.458023170962967],[71.805748244342638,21.458090185485318],[71.805259087690118,21.4580763083069],[71.805038453342164,21.458202258863007],[71.804857218247903,21.458305981788296],[71.804321952432886,21.458883000706628],[71.805056966845356,21.459516787972277],[71.805468882773368,21.460321021373662],[71.805730167444736,21.460771040233791],[71.806166005398367,21.461693390910934],[71.806965610539166,21.463021258076537],[71.807044798386414,21.463161431161357],[71.806998018833355,21.463427383491545],[71.8069524609365,21.464276762713801],[71.807072133466733,21.464911668420154],[71.8075976915583,21.46722226316157],[71.808993141589056,21.466739654521799],[71.81002633415676,21.466575268715456],[71.81089486167248,21.466891219066735],[71.81193698009389,21.467214226361712],[71.812221824367299,21.467597723882854],[71.81269633702145,21.468128569829439],[71.813464225103402,21.469338300511389],[71.813701549330517,21.46963326234733],[71.814160801139991,21.470400457949811],[71.814485582048192,21.47100543139122],[71.814984291618259,21.471772550309534],[71.815704544231878,21.472827271007638],[71.816416869456717,21.473859847867711],[71.816875813470105,21.474471947465332],[71.817540590580151,21.47540121698216],[71.817825850173506,21.475961947391216],[71.818387426354406,21.476596002912377],[71.818631811040746,21.476499530243036],[71.818994000128015,21.476151736987109],[71.819008311364257,21.475477198174207],[71.819312964130006,21.47527967896394],[71.820269320444496,21.474834740076354]]]]}},
{"type":"Feature","properties":{"District":"Bhavnagar","Taluka":"Palitana","Village":"Kanjarada","Dist_Id":"14","Taluka_Id":"14009","Village_Id":"140090101940000","S_Name":"Kanjarada","Remark":null,"GUJ_NAM":"HL<,M o EFJGUZ","GUJ_NAM2":"TF,]SM o 5F,LTF6F","GUJ_NAM_1":"UFD o S\\HZ0F","Popu_2001":"750","Status":null,"BEAT":"Kanjarda","ROUND":"Palitana","RANGE":"Palitana","DIVISION":"Bhavnagar","CIRCLE":"Junagadh","VILL_TYPE":null,"FOREST_AR":null},"geometry":{"type":"MultiPolygon","coordinates":[[[[71.755881700455049,21.469035873407478],[71.754159621663959,21.469690389304969],[71.752284848474233,21.469826949021414],[71.75015061406161,21.469654646147674],[71.748302113040154,21.46949024956783],[71.747542350811756,21.468998279439756],[71.747033493934879,21.469040819686402],[71.74452476572263,21.469161512494004],[71.741133108468176,21.46989354563528],[71.740152783363811,21.471006512933521],[71.7398865715016,21.471458554773271],[71.739402614268784,21.472340126180615],[71.739373880671948,21.472942873172414],[71.738879601091838,21.47357410303378],[71.738355960629349,21.474427910791491],[71.738466046387131,21.475113911123788],[71.738130784720681,21.476069445641521],[71.737280144010754,21.476877353334721],[71.736825573048208,21.477573427396905],[71.736272889950115,21.478863072023753],[71.7364130485538,21.479771568285809],[71.736493439461398,21.480476156292507],[71.736317019769658,21.481653999309195],[71.736229369833836,21.482590634473173],[71.735862907540266,21.482646786295714],[71.735616580034261,21.48348164862281],[71.735092870736295,21.484326173284401],[71.734890309638118,21.484574460636729],[71.735365771444663,21.485043697843086],[71.7356825058732,21.485400806283909],[71.736065376976512,21.48592426858913],[71.736256888169819,21.48623223480844],[71.736455365238541,21.486774450902381],[71.73664034146779,21.487113249559531],[71.736792235235583,21.48735962383811],[71.737306021453279,21.487371224563947],[71.7374840436281,21.48748193692332],[71.737583044998985,21.487605090912961],[71.737748244553444,21.487931586926045],[71.737932834481228,21.488029959979702],[71.738479898441327,21.488251110658673],[71.739145606928417,21.488521407661484],[71.739508304428995,21.488779807059228],[71.740345618676486,21.48925945411661],[71.741150125997379,21.489813121038392],[71.74213939834803,21.490563787780705],[71.742521805576445,21.490785163546452],[71.74314864640958,21.49143771405857],[71.743491884509126,21.491868745357404],[71.74379554123027,21.492262845291116],[71.744627353385354,21.49337128076262],[71.745043140339263,21.49385152029382],[71.745531522105097,21.494411793531597],[71.745736207487099,21.494701234788163],[71.746329552483829,21.495002432669523],[71.746441740579087,21.495125561758314],[71.747016045442834,21.495852151326432],[71.747557368098569,21.496547964061477],[71.74778179068106,21.49681887925999],[71.747960511268602,21.497330286228621],[71.748600641768363,21.498019783969976],[71.748917583470515,21.49846317210536],[71.750076863983452,21.498418287679097],[71.751730165119341,21.498360322086654],[71.752085812046559,21.498322797470731],[71.753027775605347,21.498315208696777],[71.754437228708397,21.498189773552621],[71.754653609327661,21.497616124755595],[71.754955503372301,21.496974533232333],[71.755336085509342,21.496129385052392],[71.755460982727243,21.495981240782875],[71.755572716222289,21.495839281279256],[71.75610606785277,21.495721334829927],[71.756849556832748,21.495233180411017],[71.757817240103066,21.494880300797597],[71.758423240069192,21.494873199868593],[71.758194632158393,21.49453651774876],[71.758152400373376,21.493920472387309],[71.758000359478672,21.49325325400012],[71.757913199557365,21.492435116498907],[71.757704443655328,21.490712253611793],[71.757589536081042,21.489711250512514],[71.757464513638567,21.488806530135477],[71.757432589578187,21.488200094986311],[71.75724527996779,21.486968161134932],[71.757244586437395,21.486573465965904],[71.757315824827728,21.486140153096237],[71.757320639605766,21.48600047826049],[71.757700518161727,21.485687256349827],[71.758154073547885,21.485061283162878],[71.758181404276201,21.484774657356816],[71.758468583258804,21.484513682969954],[71.758755116644906,21.483887966313212],[71.758511404154973,21.482490162606883],[71.758371843144431,21.482273269538435],[71.758324684573893,21.481839124717279],[71.758092263196815,21.481578953093607],[71.758460965054709,21.480197570938664],[71.758904347018671,21.479076602876344],[71.75951343812585,21.477225890321058],[71.759957296454061,21.476382817972969],[71.759861372240834,21.474611357620528],[71.759597340163836,21.472214883722071],[71.759188560471856,21.47190288071452],[71.758574888425173,21.471148291006951],[71.758100358572861,21.470376115504113],[71.757654277712348,21.46995126940087],[71.757059740859319,21.469517965952626],[71.756112473465976,21.468980988457545],[71.755881700455049,21.469035873407478]]]]}},
{"type":"Feature","properties":{"District":"Bhavnagar","Taluka":"Palitana","Village":"Palitana_M","Dist_Id":"14","Taluka_Id":"14009","Village_Id":"14009IX","S_Name":"Palitana (M)","Remark":null,"GUJ_NAM":"HL<,M o EFJGUZ","GUJ_NAM2":"TF,]SM o 5F,LTF6F","GUJ_NAM_1":"UFD o 5F,LTF6F sGP5FPf","Popu_2001":"41870","Status":null,"BEAT":"Jivapur","ROUND":"Palitana","RANGE":"Palitana","DIVISION":"Bhavnagar","CIRCLE":"Junagadh","VILL_TYPE":null,"FOREST_AR":null},"geometry":{"type":"MultiPolygon","coordinates":[[[[71.791131083131418,21.470744009576606],[71.791130691331986,21.470749118441667],[71.791211386246758,21.471442523575803],[71.791243121030448,21.471715215311967],[71.791157526006913,21.472156631731821],[71.790878932157341,21.472337281448059],[71.790602018450457,21.472605900772948],[71.79051306356088,21.472871380678871],[71.790706062251971,21.473132147776873],[71.791191072467427,21.473916024799298],[71.791392457910945,21.474616644482577],[71.791788527753269,21.47566599516545],[71.792367541401703,21.476448296346458],[71.792842501165239,21.476704350657613],[71.793428237202562,21.47783852631181],[71.793627965337436,21.478451167749387],[71.793822653303081,21.478799903182338],[71.794389928933811,21.478966406602691],[71.794584623362056,21.479315140790533],[71.79458966315363,21.479579049877575],[71.795066317064666,21.479923062243202],[71.795272773633656,21.480887579121589],[71.795940772951909,21.481404385211174],[71.796424161031325,21.482100270785654],[71.797377496354784,21.482788284177715],[71.797288554226682,21.483053766683735],[71.796816929357874,21.482973667267284],[71.796627272204077,21.482888845381904],[71.796343623567637,21.482805596933066],[71.796061656301802,21.48281031751587],[71.795875361689639,21.482901433826548],[71.795788093678738,21.483254881797812],[71.796263085743149,21.483510923073563],[71.796838790396393,21.484117263225766],[71.797216430448188,21.484198936368038],[71.797699835037804,21.484894816379224],[71.797901272354409,21.485595422372118],[71.79781569492242,21.486036840264156],[71.79800748389566,21.486544847843621],[71.798112811710638,21.486823836597789],[71.798492142222187,21.486993475318503],[71.798872111035891,21.487484069995588],[71.799744334061259,21.488556433204835],[71.801179483437252,21.489852321398153],[71.801587471553162,21.491517418366151],[71.802166602864787,21.492299671783776],[71.802737314639131,21.492642077687808],[71.804059857226491,21.492746143302469],[71.805092232950685,21.492866520508947],[71.805659577266084,21.493032981625568],[71.80603555153904,21.493026663054572],[71.80672765918311,21.493213299793936],[71.8072642335718,21.493357992383785],[71.808400615898293,21.493778865359225],[71.808410752780631,21.494306672687305],[71.807856918856331,21.494843970057733],[71.807479247585263,21.494762324739916],[71.807865365051086,21.49528380903935],[71.808147349570802,21.495279065995859],[71.807964427931196,21.49554613363189],[71.808343790943383,21.495715742414998],[71.808253174951005,21.495893260607414],[71.808545299083079,21.496416327580942],[71.80892635502029,21.496673903139687],[71.808933115219446,21.497025776858646],[71.80922186776705,21.497372905198706],[71.810296415665093,21.499466730060764],[71.810210873632172,21.499908154145992],[71.810699471021593,21.500867884050059],[71.811835921478831,21.501288725835114],[71.813262838727525,21.502144642703826],[71.813657465048735,21.503105948868154],[71.813378849411365,21.503286638973535],[71.813382235921864,21.503462571356049],[71.814072422772796,21.505122861616599],[71.814258734049716,21.505031723272804],[71.814352734643748,21.50503013803154],[71.814636430566125,21.505113349901894],[71.814916741943179,21.50502062540918],[71.815104746918323,21.505017454068643],[71.815573058653072,21.504921560716973],[71.816231065304905,21.504910457729142],[71.816603679884579,21.504728176446658],[71.816791684210173,21.504725003248151],[71.816883988890552,21.504635448858444],[71.817164293572304,21.504542720902865],[71.817536905844975,21.504360437756475],[71.817721517586904,21.504181328189123],[71.817907821102608,21.504090189868151],[71.818092432037687,21.503911079971832],[71.818090735871266,21.503823112310627],[71.818273646089779,21.503556034684081],[71.818271949845141,21.503468067032912],[71.81836425281638,21.503378511997443],[71.818360860328269,21.50320258036939],[71.818543773296142,21.502935502501678],[71.818540380598307,21.502759567226281],[71.818632682992472,21.502670012102378],[71.818630986608781,21.502582044469172],[71.818813894563505,21.502314970157936],[71.819371105989703,21.501953573218863],[71.819555708635278,21.50177446221884],[71.819836009708851,21.501681730461108],[71.820022308543258,21.501590586579898],[71.820013823072173,21.501150752539907],[71.819820736897114,21.500890026119112],[71.819817343018443,21.500714090994784],[71.819911340386909,21.500712502927922],[71.819897764838032,21.500008766110817],[71.819983277054632,21.499567343913402],[71.819875705778969,21.498865195013728],[71.819865525102813,21.498337389525503],[71.819771529256585,21.498338977399925],[71.819862131613306,21.498161454354335],[71.819860434952261,21.498073490432478],[71.819944250073604,21.497544097024338],[71.82003146229853,21.497190642380229],[71.820200787528762,21.496219826782049],[71.820380296025149,21.495776812880301],[71.820553012159067,21.494981932353515],[71.820635127545174,21.494364574991728],[71.820812936150958,21.493833593370042],[71.820895050382475,21.49321623599652],[71.821110390019669,21.492438271514249],[71.82120891335714,21.492038943463612],[71.821245567921139,21.491890377264738],[71.821253375190267,21.491835611863824],[71.820765529702982,21.491821331070298],[71.820482345992772,21.491632842218944],[71.820421131800458,21.491349411274822],[71.820460244362181,21.490763336346049],[71.82031720579991,21.490007481589995],[71.820559162941237,21.489817985369992],[71.820255579076914,21.489535019041849],[71.819749897614898,21.489195729263393],[71.819849645919618,21.488628441508101],[71.819504433463194,21.487778456459871],[71.820190603716057,21.487531401229422],[71.820755712571753,21.487341285282842],[71.821988023811372,21.487466512430331],[71.821698312771801,21.486602247538013],[71.821347485216478,21.485497083297588],[71.821210378084317,21.485142911189499],[71.820342803286962,21.483244800731519],[71.820024519972662,21.483160345825201],[71.818628853308056,21.482198946621093],[71.817961536985408,21.481817426541529],[71.816931609116381,21.481861914739426],[71.816368614715614,21.480686253843778],[71.816185745936764,21.480176211993992],[71.816123994298763,21.479637586030176],[71.815684330297771,21.479454110107277],[71.81529212309573,21.480206254680851],[71.814763525561006,21.480930300298507],[71.8142949340493,21.481384860066765],[71.813358167044939,21.482492459049464],[71.812269759301117,21.483529448954975],[71.811815484156099,21.48360118421024],[71.811376838486837,21.483899728143044],[71.811240630846953,21.483956691582318],[71.81024125085419,21.484128678791478],[71.809618880106996,21.483506025432593],[71.809451208524791,21.4830101254726],[71.809374662339039,21.482627476216187],[71.809570799873498,21.482258499567767],[71.809690599922973,21.48160611524661],[71.809644768186729,21.481421893371493],[71.810217002814738,21.479832958523243],[71.810474113757934,21.47964817440684],[71.810579632608281,21.479406961807101],[71.810669853660997,21.479094890328749],[71.811304946153498,21.478583320809818],[71.811394954176293,21.478172007188846],[71.811530794543685,21.477944914942352],[71.81212040812359,21.477419249625534],[71.812544158416117,21.477248328612049],[71.812786115014745,21.477063569288195],[71.813391625664352,21.476892305996977],[71.814027003005677,21.476522500151805],[71.81419431735219,21.476848267121582],[71.814950562024805,21.476336456128767],[71.814859467971289,21.476237385563898],[71.8138266014886,21.474892469661917],[71.813674254713732,21.4744816094247],[71.813445508675954,21.47375898827466],[71.813079477388129,21.47258294523775],[71.813063634204369,21.472256893400871],[71.813047154964522,21.471633116130839],[71.81327404639805,21.47149091665429],[71.813303581069988,21.471136424869698],[71.8127290220323,21.471605356463293],[71.81236463422124,21.471194891205865],[71.812439488790218,21.470783605041678],[71.812151257585853,21.470571481398601],[71.811997591890417,21.469536813466679],[71.811815205255456,21.46923942690762],[71.811617221098047,21.468729407235323],[71.811298432114839,21.468389741766408],[71.811084883670318,21.467681265823241],[71.810778099623761,21.466848744060503],[71.81002633415676,21.466575268715456],[71.808993141589056,21.466739654521799],[71.8075976915583,21.46722226316157],[71.807072133466733,21.464911668420154],[71.8069524609365,21.464276762713801],[71.806998018833355,21.463427383491545],[71.807044798386414,21.463161431161357],[71.806965610539166,21.463021258076537],[71.806166005398367,21.461693390910934],[71.805730167444736,21.460771040233791],[71.805468882773368,21.460321021373662],[71.805056966845356,21.459516787972277],[71.804321952432886,21.458883000706628],[71.803949016226071,21.459331470444432],[71.802692905614592,21.46071465334369],[71.802273934990325,21.46104873289142],[71.801892990768636,21.461323220991986],[71.801283995740391,21.462014771590976],[71.801119090187086,21.462217442568495],[71.800511503364675,21.463599440427668],[71.800043795306124,21.46498118510786],[71.79991745075823,21.465386159702334],[71.799905123197945,21.465576651448451],[71.79927341354275,21.467613427043329],[71.798434397316228,21.467781587169519],[71.797493928793202,21.46809277580428],[71.796718808867197,21.46841557025563],[71.795930751510539,21.468631244866934],[71.79196734221496,21.470888133700868],[71.791131083131418,21.470744009576606]]]]}},
{"type":"Feature","properties":{"District":"Bhavnagar","Taluka":"Palitana","Village":"Gandhol","Dist_Id":"14","Taluka_Id":"14009","Village_Id":"140090101980000","S_Name":"Gandhol","Remark":null,"GUJ_NAM":"HL<,M o EFJGUZ","GUJ_NAM2":"TF,]SM o 5F,LTF6F","GUJ_NAM_1":"UFD o U6WM/","Popu_2001":"763","Status":null,"BEAT":"Jivapur","ROUND":"Palitana","RANGE":"Palitana","DIVISION":"Bhavnagar","CIRCLE":"Junagadh","VILL_TYPE":null,"FOREST_AR":null},"geometry":{"type":"MultiPolygon","coordinates":[[[[71.775171514158785,21.466488189739856],[71.775153775193488,21.465862792483744],[71.775167418903209,21.465535789550849],[71.77528094066534,21.465248660686289],[71.775349595826299,21.463847202557272],[71.77537660624759,21.463046389347301],[71.775389797944854,21.462479156389694],[71.775382518861022,21.462399091488678],[71.775638685691987,21.462151765860217],[71.775594834973035,21.461577953740314],[71.775623186271474,21.46149115706519],[71.775565103790399,21.460930714486672],[71.775629198190899,21.460897243523231],[71.775670288124601,21.460002983749369],[71.775790418573877,21.459442247400528],[71.775503121815902,21.458294951600848],[71.775302397726094,21.457694705056689],[71.774944337817601,21.456821120625641],[71.77494405002119,21.456667640295599],[71.774900404089479,21.456200596504807],[71.774792478536412,21.455666927458452],[71.774663018935826,21.455053216692413],[71.774684041294222,21.454859662866099],[71.774489879101878,21.453952442545699],[71.77451826711237,21.453885665168677],[71.77441741052256,21.453318618701914],[71.774252363739507,21.45273165809483],[71.774131085016904,21.452678472154652],[71.774001630968556,21.452064760600422],[71.773972781834615,21.451884634603605],[71.773950462608056,21.451384189927172],[71.77395693010034,21.451030505930401],[71.773999237393227,21.450783532581735],[71.773927258700539,21.450409957725011],[71.773940829351361,21.450042915893139],[71.773940143896723,21.449675897379855],[71.773882446864221,21.449315645241168],[71.773925027979431,21.449215479282806],[71.773924031059124,21.448681634113814],[71.77395218154966,21.448488068565563],[71.773901438500886,21.448034381796248],[71.773900877811641,21.447734093849956],[71.773978150908604,21.447126716534488],[71.773949290387094,21.446939917350665],[71.774034588244916,21.446812989076601],[71.77406889375429,21.446098912606619],[71.77412541780798,21.445831896554974],[71.774138850519634,21.445391450776171],[71.774209791931696,21.445211161207617],[71.774243472654504,21.444163431172772],[71.774377751965986,21.44354928695526],[71.774632514086477,21.442567925052341],[71.774951696629515,21.441733264877318],[71.775235550507034,21.441065489398042],[71.775327570845903,21.440725010457118],[71.775354583181638,21.440540716447114],[71.775283522299873,21.440528740858039],[71.774828114812308,21.440454270814978],[71.774727336365032,21.440266390618451],[71.774733585533454,21.440028189265949],[71.774967678254157,21.439902441229453],[71.775147622465596,21.439463372513607],[71.774658919092857,21.439482979495342],[71.774478246531899,21.439533421286107],[71.774324494665564,21.43965903702372],[71.774204487228104,21.439928765663833],[71.774158090135032,21.44017956912931],[71.774359364465639,21.440404894141334],[71.774165546400425,21.440586989063263],[71.773502801523648,21.440625682183303],[71.773214947116259,21.440644956748073],[71.772880378419899,21.440745793398069],[71.772820378816704,21.440883791297157],[71.772660266744381,21.441191193295531],[71.772412779695202,21.441316959918144],[71.772205265396721,21.441336102012052],[71.77210466401381,21.441242242748967],[71.772077441859437,21.441004095882644],[71.772184308012868,21.44086602205682],[71.772264463311245,21.440765600726781],[71.772244180294763,21.440659074526373],[71.772023172116661,21.440621824643028],[71.771239717559766,21.440554145704464],[71.770429575697946,21.440536651707397],[71.770007818970186,21.440556136996435],[71.769626382451023,21.440657042742835],[71.769513060662234,21.440926757305306],[71.769506826020745,21.441177494866512],[71.769272738009647,21.441309503488743],[71.768984376071415,21.441052971329785],[71.768796372948259,21.440758668425762],[71.768602168825595,21.440733907360606],[71.768113734974108,21.440903931378188],[71.767719340507099,21.441243044718295],[71.767144528925073,21.441776758969002],[71.766896967663612,21.441864908466965],[71.766388624585105,21.442135250234923],[71.766053831712057,21.442116978069738],[71.765665227855891,21.441960890481976],[71.765082453824164,21.44179884135772],[71.764808642246251,21.442181634231748],[71.763987345587168,21.443411496368871],[71.763593587935674,21.444114153940777],[71.763173382651729,21.44500489777155],[71.76316094771488,21.445537713245727],[71.762987655601123,21.445976758692069],[71.762533055851208,21.446359831720343],[71.761696469971454,21.446549187388058],[71.760405552342618,21.447278310427581],[71.760346439431629,21.447924025609211],[71.760789787336577,21.448738199573246],[71.760697064373574,21.449308748902805],[71.760102042420684,21.44980486132312],[71.759506694827607,21.450119194772942],[71.758476332204992,21.450547025874741],[71.758195692310238,21.450873404702641],[71.757914996056783,21.451168442220432],[71.757386352253732,21.451344765281394],[71.756590080192652,21.451634324564427],[71.756597137701462,21.451841163845632],[71.756671831702718,21.452436526836305],[71.75664531235536,21.452587003933022],[71.756331175179511,21.452907162808284],[71.756184111273924,21.453045288064327],[71.755849699127481,21.45325891794505],[71.755381404773928,21.45349155608848],[71.755227610951366,21.453610886225373],[71.754920698114276,21.454238172443912],[71.754465583976497,21.454351692466023],[71.753924216772717,21.454922919572461],[71.753420524580548,21.4553415620741],[71.75342113122062,21.455692579416521],[71.753566663190171,21.457246868191131],[71.753522905558313,21.457756746613303],[71.754247526016982,21.458599762081167],[71.753998558041175,21.459185170421236],[71.753838998166344,21.459845660892235],[71.753696685490354,21.460155106962851],[71.75361724432436,21.460681754490615],[71.753573196844954,21.461024481723577],[71.753698478952472,21.461191443218034],[71.753681505058481,21.461701280826937],[71.75370018573436,21.462177634051269],[71.753773274722647,21.463138643781686],[71.753648540413039,21.463289269224177],[71.753140845592497,21.463992074144379],[71.752516703861602,21.464477756545044],[71.752588662940113,21.464786877948853],[71.752803489673738,21.465104141008695],[71.752955934445311,21.46548835866956],[71.75313478977877,21.465655239442405],[71.753527824760383,21.465763292537797],[71.754878868661379,21.467407679714242],[71.755567262752322,21.467924798234399],[71.755881700455063,21.469035873407478],[71.75611247346599,21.468980988457542],[71.757059740859319,21.469517965952626],[71.757654277712362,21.46995126940087],[71.758100358572861,21.470376115504113],[71.758340433260074,21.470383956760401],[71.759410182149352,21.471203702694471],[71.761063652813576,21.47128446020216],[71.76120178795847,21.470296181444631],[71.761455102784979,21.46971247122114],[71.761963301293022,21.469425970931955],[71.762318757757143,21.469068282499066],[71.763348611308942,21.468911907115505],[71.76351451891135,21.469233063909048],[71.763819507676075,21.469101634948871],[71.763996933192729,21.468756128098992],[71.764467163842923,21.468576819543856],[71.764696081194373,21.468576457394004],[71.765675273950492,21.468539191640815],[71.766133713850977,21.468871785219715],[71.766667443723875,21.468644751948549],[71.767138191502113,21.468751140040862],[71.767545351689506,21.468857628537023],[71.767583722027524,21.46897661087251],[71.767902207686632,21.469273710290611],[71.769236821138421,21.468866818427177],[71.769745614820863,21.468913616047605],[71.7701147778983,21.469103490138984],[71.77091691551361,21.469602176169449],[71.771146318973948,21.469863700497186],[71.77190907380762,21.469695800919897],[71.77238082441481,21.470337869070455],[71.772559050420725,21.470432813622168],[71.774326978179005,21.470513253421117],[71.775318630109467,21.470333058305656],[71.776450668959285,21.470414521321906],[71.777213825679354,21.47046087546271],[71.77708563484525,21.469925391550667],[71.77656330897166,21.469450081570258],[71.776321380954514,21.469295724725047],[71.776218854109857,21.468879241292125],[71.775913406485714,21.468760701830966],[71.775442160327145,21.468392443240614],[71.774983611765663,21.468012258039931],[71.774868952667603,21.467905307204905],[71.774562392965933,21.467191548599313],[71.774459939535859,21.466810776915398],[71.775171514158785,21.466488189739856]]]]}},
{"type":"Feature","properties":{"District":"Bhavnagar","Taluka":"Palitana","Village":"Rohishala","Dist_Id":"14","Taluka_Id":"14009","Village_Id":"140090101990000","S_Name":"Rohishala","Remark":null,"GUJ_NAM":"HL<,M o EFJGUZ","GUJ_NAM2":"TF,]SM o 5F,LTF6F","GUJ_NAM_1":"UFD o ZMCLXF/F","Popu_2001":"1105","Status":null,"BEAT":"Jivapur","ROUND":"Palitana","RANGE":"Palitana","DIVISION":"Bhavnagar","CIRCLE":"Junagadh","VILL_TYPE":null,"FOREST_AR":null},"geometry":{"type":"MultiPolygon","coordinates":[[[[71.778540748364037,21.437803334689292],[71.778542227895841,21.43780393309865],[71.778786775396853,21.437902842192646],[71.77872775863959,21.438554831859971],[71.778614502827892,21.438849625119758],[71.778407171279682,21.438962797357547],[71.777570020578963,21.438820019014511],[71.777255271838726,21.438776663209048],[71.777034383631133,21.43880210158898],[71.776940949090275,21.438958960833823],[71.777001642054174,21.43919078334017],[71.77698197100429,21.439410202412908],[71.776855001641167,21.439535776145693],[71.776654209189971,21.439567448987752],[71.7766141806501,21.439642733363687],[71.776748282717392,21.439749070918857],[71.776996307573441,21.439911633596267],[71.777043504380089,21.440087064712149],[71.776782703786708,21.440250468906275],[71.776608702498578,21.440288365592405],[71.776220458321717,21.440326615705608],[71.775578200741137,21.440578401556127],[71.775354583181638,21.440540716447114],[71.775327570845903,21.440725010457118],[71.775235550507034,21.441065489398042],[71.774951696629515,21.441733264877318],[71.774632514086477,21.442567925052341],[71.774377751965986,21.44354928695526],[71.774243472654504,21.444163431172772],[71.774209791931696,21.445211161207617],[71.774138850519634,21.445391450776171],[71.77412541780798,21.445831896554974],[71.77406889375429,21.446098912606619],[71.774034588244916,21.446812989076601],[71.773949290387094,21.446939917350665],[71.773978150908604,21.447126716534488],[71.773900877811641,21.447734093849956],[71.773901438500886,21.448034381796248],[71.77395218154966,21.448488068565563],[71.773924031059124,21.448681634113814],[71.773925027979431,21.449215479282806],[71.773882446864221,21.449315645241168],[71.773940143896723,21.449675897379855],[71.773940829351361,21.450042915893139],[71.773927258700539,21.450409957725011],[71.773999237393227,21.450783532581735],[71.77395693010034,21.451030505930401],[71.773950462608056,21.451384189927172],[71.773972781834615,21.451884634603605],[71.774001630968556,21.452064760600422],[71.774131085016904,21.452678472154652],[71.774252363739507,21.45273165809483],[71.77441741052256,21.453318618701914],[71.77451826711237,21.453885665168677],[71.774489879101878,21.453952442545699],[71.774684041294222,21.454859662866099],[71.774663018935826,21.455053216692413],[71.774792478536412,21.455666927458452],[71.774900404089479,21.456200596504807],[71.77494405002119,21.456667640295599],[71.774944337817601,21.456821120625641],[71.775302397726094,21.457694705056689],[71.775503121815902,21.458294951600848],[71.775790418573877,21.459442247400528],[71.775670288124601,21.460002983749369],[71.775629198190899,21.460897243523231],[71.775565103790399,21.460930714486672],[71.775623186271474,21.46149115706519],[71.775594834973035,21.461577953740314],[71.775638685691987,21.462151765860217],[71.775382518861022,21.462399091488678],[71.775389797944854,21.462479156389694],[71.77537660624759,21.463046389347301],[71.775349595826299,21.463847202557272],[71.77528094066534,21.465248660686289],[71.775167418903209,21.465535789550849],[71.775153775193488,21.465862792483744],[71.775171514158785,21.466488189739856],[71.777587827150199,21.466484196958685],[71.77772776405682,21.466507773390433],[71.780642815211266,21.467943335757578],[71.780744829356024,21.468086016912942],[71.781660791871815,21.468239233564905],[71.782360465364704,21.468345193032814],[71.7854517672328,21.468816119790418],[71.78620233982727,21.468933880601366],[71.787156979165999,21.469348896700858],[71.789409676479124,21.470190222732434],[71.79087323309794,21.470699570704735],[71.79196734221496,21.470888133700868],[71.795930751510539,21.468631244866934],[71.796718808867197,21.46841557025563],[71.797493928793202,21.46809277580428],[71.798434397316228,21.467781587169519],[71.79927341354275,21.467613427043329],[71.799905123197945,21.465576651448451],[71.79991745075823,21.465386159702334],[71.800043795306124,21.46498118510786],[71.800511503364675,21.463599440427668],[71.801119090187086,21.462217442568495],[71.801283995740391,21.462014771590976],[71.801892990768636,21.461323220991986],[71.802273934990325,21.46104873289142],[71.802692905614592,21.46071465334369],[71.803949016226071,21.459331470444432],[71.804321952432886,21.458883000706628],[71.804857218247903,21.458305981788296],[71.805038453342164,21.458202258863007],[71.805259087690118,21.4580763083069],[71.805748244342638,21.458090185485318],[71.806047892429561,21.458023170962967],[71.807033909078143,21.457962282929344],[71.807341538286366,21.457939562556927],[71.807964111559642,21.457620854841092],[71.808578855192252,21.457331700001134],[71.809626372275957,21.456510009349149],[71.810492759116698,21.455843737264171],[71.811484812468748,21.45491874537144],[71.812295990474311,21.454267337136006],[71.813117030579861,21.453585545221625],[71.812438517242839,21.452849715579276],[71.81161145427366,21.451687013767149],[71.810967191014726,21.450781279579278],[71.808074459917449,21.447454735125028],[71.805234075396939,21.446109170389189],[71.805086436236735,21.445398527081341],[71.805553353595229,21.445521144133512],[71.805897900384579,21.44534006056049],[71.805958214500635,21.445074017704847],[71.806028950498842,21.444940922084168],[71.806454732623848,21.444797679212517],[71.806891512895746,21.445062811619113],[71.807074158376977,21.445081471846461],[71.807165262405874,21.444986328762791],[71.807306950814777,21.444824609619477],[71.807336688723225,21.444492139253967],[71.807232841164648,21.444304318080171],[71.807163572278554,21.444179036409285],[71.806029277830703,21.444042720885072],[71.803769728710606,21.443059023539213],[71.802759481159924,21.442978622846685],[71.801881378551101,21.4430898497634],[71.801003864972586,21.443488878976833],[71.799014600350461,21.444287342264584],[71.798502070208542,21.444206026150994],[71.796524623370104,21.443620219488423],[71.795158080239204,21.44107347711039],[71.794345506723701,21.437360811171398],[71.793991223926866,21.435881276546983],[71.793726695867988,21.435360944701912],[71.79308147216139,21.434786458471539],[71.790939516528681,21.432364379322976],[71.790221345135407,21.431899649698135],[71.789209479996615,21.430955743365132],[71.78856386236005,21.430161956981795],[71.787859701868484,21.429368268594416],[71.786760526914449,21.42867119009459],[71.786071127442071,21.427932289331427],[71.784708022775135,21.426988954336863],[71.78445980043773,21.427304595239388],[71.78374429583306,21.428196645606469],[71.7831311918127,21.429061109475082],[71.782766443483013,21.429678458741996],[71.782007636113008,21.430899499021454],[71.781321821110851,21.432024476969637],[71.781336642691016,21.432120388307307],[71.781044622351061,21.432504623556106],[71.780241767870478,21.433670908909647],[71.779906664024196,21.434493779825594],[71.779367353859627,21.435700735668366],[71.779031068187663,21.43590687396398],[71.779134030276808,21.43616710062668],[71.780043504613815,21.437166059483985],[71.779605088077076,21.437550536902105],[71.779810442201963,21.437769476554976],[71.77931271347525,21.437756602420542],[71.77910767285357,21.437702123660006],[71.778540748364037,21.437803334689292]]]]}},
{"type":"Feature","properties":{"District":"Bhavnagar","Taluka":"Palitana","Village":"Jivapur","Dist_Id":"14","Taluka_Id":"14009","Village_Id":"140090102010000","S_Name":"Jivapar","Remark":null,"GUJ_NAM":"HL<,M o EFJGUZ","GUJ_NAM2":"TF,]SM o 5F,LTF6F","GUJ_NAM_1":"UFD o HLJF5]Z","Popu_2001":"394","Status":null,"BEAT":"Jivapur","ROUND":"Palitana","RANGE":"Palitana","DIVISION":"Bhavnagar","CIRCLE":"Junagadh","VILL_TYPE":null,"FOREST_AR":null},"geometry":{"type":"MultiPolygon","coordinates":[[[[71.814950562024805,21.476336456128767],[71.81419431735219,21.476848267121579],[71.814027003005677,21.476522500151805],[71.813391625664352,21.476892305996991],[71.812786115014745,21.477063569288195],[71.812544158416117,21.477248328612049],[71.81212040812359,21.477419249625534],[71.811530794543685,21.477944914942352],[71.811394954176293,21.478172007188856],[71.811304946153498,21.478583320809818],[71.810669853660997,21.479094890328749],[71.810579632608281,21.479406961807101],[71.810474113757934,21.479648174406851],[71.810217002814738,21.479832958523243],[71.809644768186729,21.481421893371493],[71.809690599922973,21.481606115246606],[71.809570799873498,21.482258499567767],[71.809374662339039,21.482627476216198],[71.809451208524791,21.4830101254726],[71.809618880106996,21.483506025432593],[71.81024125085419,21.484128678791478],[71.811240630846953,21.483956691582311],[71.811376838486837,21.483899728143051],[71.811815484156099,21.483601184210237],[71.812269759301117,21.483529448954975],[71.813358167044939,21.482492459049475],[71.8142949340493,21.481384860066768],[71.814763525561006,21.480930300298517],[71.81529212309573,21.480206254680851],[71.815684330297771,21.479454110107262],[71.816123994298763,21.479637586030176],[71.816185745936764,21.480176211993989],[71.816368614715614,21.480686253843778],[71.816931609116381,21.481861914739426],[71.817961536985408,21.481817426541522],[71.818628853308056,21.482198946621093],[71.820024519972662,21.483160345825198],[71.820342803286962,21.483244800731519],[71.821210378084317,21.485142911189488],[71.821347485216478,21.485497083297592],[71.821698312771801,21.486602247538016],[71.821988023811372,21.487466512430341],[71.820755712571753,21.487341285282845],[71.820190603716057,21.487531401229418],[71.819504433463194,21.487778456459868],[71.819849645919604,21.488628441508112],[71.819749897614884,21.489195729263393],[71.820255579076914,21.489535019041849],[71.820559162941237,21.489817985369992],[71.82031720579991,21.490007481589995],[71.820460244362181,21.490763336346049],[71.820421131800458,21.491349411274818],[71.820482345992772,21.491632842218941],[71.820765529702982,21.491821331070298],[71.82137150646254,21.49183906994298],[71.82145229783697,21.491838914541113],[71.821952254420268,21.489569565351488],[71.822151026459508,21.488113633878989],[71.822139205650288,21.487761288678389],[71.82207060121236,21.487562050911546],[71.822351521429113,21.487441887310958],[71.823612409917203,21.487359702559885],[71.823638765377524,21.487718517473954],[71.824720401908095,21.487493125008854],[71.825711667022858,21.486650297903704],[71.82496131069577,21.485271822857001],[71.824697409121811,21.484667432340736],[71.823825934559594,21.483308090129626],[71.822975548314929,21.482345670278423],[71.822632207284627,21.482346333318322],[71.822187634031167,21.482233771359507],[71.822065166110335,21.481648006871438],[71.8212178279733,21.482065508613424],[71.820853131339263,21.481536918204952],[71.821479137449245,21.481497908981897],[71.821559092954615,21.48111969031914],[71.82210289800166,21.480438126573588],[71.822486294107534,21.480286161444912],[71.822221372232931,21.479209187245907],[71.821815664183205,21.478397129014628],[71.821693616355105,21.478000395641498],[71.822015047370812,21.477224743526072],[71.821547306622918,21.475751189897263],[71.821324781560321,21.47558148838618],[71.821344242333225,21.474615580809537],[71.82092115201705,21.474646399480392],[71.820416299242751,21.474696602112868],[71.820195314388215,21.474667484790608],[71.820269320444496,21.474834740076339],[71.819312964129992,21.47527967896394],[71.819008311364257,21.475477198174197],[71.818994000128015,21.476151736987109],[71.818631811040746,21.476499530243029],[71.818387426354406,21.47659600291238],[71.817825850173506,21.475961947391216],[71.817540590580151,21.475401216982149],[71.816875813470105,21.474471947465322],[71.816416869456717,21.473859847867711],[71.815704544231878,21.472827271007638],[71.814984291618259,21.471772550309542],[71.814485582048192,21.47100543139122],[71.814160801139991,21.470400457949808],[71.813701549330517,21.469633262347326],[71.813464225103402,21.469338300511389],[71.81269633702145,21.468128569829442],[71.812221824367299,21.467597723882854],[71.81193698009389,21.467214226361705],[71.81089486167248,21.466891219066735],[71.810778099623761,21.466848744060503],[71.811084883670318,21.467681265823249],[71.811298432114839,21.468389741766408],[71.811617221098047,21.468729407235323],[71.811815205255456,21.469239426907613],[71.811997591890417,21.469536813466679],[71.812151257585853,21.47057148139859],[71.812439488790218,21.470783605041678],[71.81236463422124,21.471194891205865],[71.8127290220323,21.471605356463293],[71.813303581069988,21.471136424869698],[71.81327404639805,21.471490916654286],[71.813047154964522,21.471633116130839],[71.813063634204369,21.472256893400871],[71.813079477388129,21.47258294523774],[71.813445508675954,21.473758988274646],[71.813674254713732,21.4744816094247],[71.8138266014886,21.47489246966191],[71.814859467971289,21.476237385563888],[71.814950562024805,21.476336456128767]]]]}},
{"type":"Feature","properties":{"District":"Bhavnagar","Taluka":"Palitana","Village":"Palitana_M","Dist_Id":"14","Taluka_Id":"14009","Village_Id":"14009IX","S_Name":"Palitana (M)","Remark":null,"GUJ_NAM":"HL<,M o EFJGUZ","GUJ_NAM2":"TF,]SM o 5F,LTF6F","GUJ_NAM_1":"UFD o 5F,LTF6F sGP5FPf","Popu_2001":"41870","Status":null,"BEAT":"Adpur","ROUND":"Palitana","RANGE":"Palitana","DIVISION":"Bhavnagar","CIRCLE":"Junagadh","VILL_TYPE":null,"FOREST_AR":null},"geometry":{"type":"MultiPolygon","coordinates":[[[[71.789033120593572,21.50985423518588],[71.78905597241679,21.509854712432158],[71.789149978144749,21.509853141041276],[71.78991043023008,21.510280416513492],[71.789997716931452,21.509926965737115],[71.790853857691218,21.510440634295346],[71.791233246495835,21.510610279716175],[71.792455336081744,21.5105898307018],[71.793877215177204,21.511182010494277],[71.793880579589541,21.511357945658162],[71.794353980034117,21.511526012761482],[71.794923070782502,21.511780472962133],[71.796151900945262,21.512111872830925],[71.796143482646471,21.511672026645051],[71.796318025626093,21.510965125403935],[71.796212234657972,21.510350919859086],[71.796114862176154,21.510176556747126],[71.79582610888275,21.509829405533441],[71.795824425598269,21.509741436249822],[71.796292771425016,21.509645590439742],[71.796480785356124,21.50964243942051],[71.796667111631081,21.509551322698947],[71.797041451186871,21.509457050503283],[71.797229464754935,21.509453898667335],[71.797415790162532,21.509362777518152],[71.797786759731153,21.509092565459571],[71.797973088197082,21.509001443705785],[71.798441429550806,21.508905592259485],[71.798535433913372,21.50890401565103],[71.799186727330977,21.508541105348307],[71.799467058062078,21.508448405093755],[71.79955937663577,21.50835885892327],[71.799747388385953,21.508355704405336],[71.800027714385763,21.50826300334877],[71.800215725937178,21.508259848316914],[71.800872070119368,21.508160835286752],[71.801154085073819,21.508156101288037],[71.80143947300617,21.50832730456705],[71.801625793850846,21.508236179140724],[71.802000125555935,21.508141896506032],[71.802468460174481,21.508046034319367],[71.802470147309762,21.50813400311954],[71.802562467576493,21.50804445543811],[71.80301676244558,21.507881168619804],[71.803589762086773,21.507675213645307],[71.803815129742546,21.507610840194442],[71.804244415514134,21.50748821911651],[71.804338418497366,21.50748663934025],[71.80471105741178,21.507304382365387],[71.804705992202614,21.507040476443578],[71.804747033587645,21.506732177906574],[71.804788176016189,21.506423119632679],[71.804778045923811,21.505895311424354],[71.804872047840064,21.505893731458897],[71.805989947661573,21.50534695619891],[71.806553960244472,21.505337471685216],[71.806552270894187,21.505249503164354],[71.806448134015653,21.504723276506091],[71.806444755557067,21.504547339434396],[71.806271138681296,21.50387361488788],[71.806036658682217,21.502882266610669],[71.805551458719506,21.502098454238293],[71.805158575098858,21.501225091346168],[71.804876574477845,21.501229830656204],[71.80469026451452,21.501320958592423],[71.804406575881728,21.501237728406629],[71.803370891911584,21.501167129994752],[71.802853900016643,21.501175812645439],[71.801584889857537,21.501197118322228],[71.800807363715393,21.501137510437463],[71.799795518758117,21.501051149377325],[71.799327203328417,21.501147001879584],[71.798565877747578,21.501088625594956],[71.798385517896619,21.501074795592295],[71.797727514483199,21.501085826467286],[71.797349829523526,21.501004163058596],[71.796315828028185,21.501021489589121],[71.795372460549785,21.500861296628631],[71.795278457184793,21.500862870962681],[71.79490077734755,21.500781198061237],[71.794336772776433,21.500790641385297],[71.794147092296868,21.50070581918899],[71.792549084863722,21.500732562929496],[71.792171402218742,21.500650883706768],[71.791889399564198,21.500655600971349],[71.791417717733808,21.50057549226776],[71.790947715817069,21.500583351920955],[71.790852036692357,21.500496953924944],[71.790006032349666,21.500511097449547],[71.789722350628637,21.500427841188518],[71.789628351004367,21.500429412247342],[71.78960697319647,21.500430672976407],[71.789606726403704,21.500431682332398],[71.789711693962659,21.500730642584497],[71.789856298740261,21.501279836675256],[71.789758857581788,21.501487573816579],[71.789014732850191,21.501262980058222],[71.788381786247797,21.501178604775507],[71.78815344031959,21.501166788952744],[71.787203145364643,21.502255105669796],[71.786832106126752,21.502664774486142],[71.786246014058534,21.503190805096661],[71.785706346116612,21.504107470629666],[71.786334537194008,21.505089290635588],[71.786668296696249,21.505625952992069],[71.786851486605471,21.505894255885668],[71.787374341694985,21.5063817523192],[71.788131248936637,21.506459812400411],[71.788124977786254,21.506588026971244],[71.788262108341087,21.506654944677017],[71.788080057289335,21.506966610767453],[71.787963459386233,21.507388052726728],[71.787827413456526,21.507822485311316],[71.78834407948105,21.508666336461488],[71.788524338764731,21.509110056357347],[71.788617116298809,21.509207366300704],[71.788831412137355,21.50930446605129],[71.789033120593572,21.50985423518588]]]]}},
{"type":"Feature","properties":{"District":"Bhavnagar","Taluka":"Palitana","Village":"Palitana_M","Dist_Id":"14","Taluka_Id":"14009","Village_Id":"14009IX","S_Name":"Palitana (M)","Remark":null,"GUJ_NAM":"HL<,M o EFJGUZ","GUJ_NAM2":"TF,]SM o 5F,LTF6F","GUJ_NAM_1":"UFD o 5F,LTF6F sGP5FPf","Popu_2001":"41870","Status":null,"BEAT":"Adpur","ROUND":"Palitana","RANGE":"Palitana","DIVISION":"Bhavnagar","CIRCLE":"Junagadh","VILL_TYPE":null,"FOREST_AR":null},"geometry":{"type":"MultiPolygon","coordinates":[[[[71.785096182326427,21.479737312920928],[71.785096959493671,21.479737592219912],[71.788267052153756,21.480805804924202],[71.791815372426584,21.482001373913473],[71.791709636082729,21.481387159317396],[71.791415923241175,21.480776082369982],[71.791869077655193,21.479888533041077],[71.792609224054061,21.479260179058382],[71.793451745248561,21.479070096076015],[71.794113011348216,21.479235032228939],[71.79458966315363,21.479579049877572],[71.794584623362056,21.479315140790533],[71.794389928933811,21.478966406602691],[71.793822653303081,21.478799903182338],[71.793627965337436,21.478451167749387],[71.793428237202562,21.47783852631181],[71.792842501165239,21.476704350657613],[71.792367541401703,21.476448296346458],[71.791788527753269,21.47566599516545],[71.791392457910945,21.474616644482577],[71.791191072467427,21.473916024799298],[71.790706062251971,21.473132147776873],[71.79051306356088,21.472871380678871],[71.790602018450457,21.472605900772948],[71.790878932157341,21.472337281448059],[71.791157526006913,21.472156631731821],[71.791243121030448,21.471715215311967],[71.791211386246758,21.471442523575803],[71.791130691331986,21.470749118441667],[71.791131083131418,21.470744009576606],[71.79087323309794,21.470699570704735],[71.789409676479124,21.470190222732434],[71.787156979165999,21.469348896700858],[71.78620233982727,21.468933880601366],[71.7854517672328,21.468816119790418],[71.782360465364704,21.468345193032814],[71.781660791871815,21.468239233564905],[71.780744829356024,21.468086016912942],[71.780642815211266,21.467943335757578],[71.77772776405682,21.466507773390433],[71.777587827150199,21.466484196958685],[71.775171514158785,21.466488189739856],[71.774459939535859,21.466810776915398],[71.774562392965933,21.467191548599313],[71.774868952667603,21.467905307204905],[71.774983611765663,21.468012258039931],[71.775442160327145,21.468392443240614],[71.775913406485714,21.468760701830966],[71.776218854109857,21.468879241292125],[71.776321380954514,21.469295724725047],[71.77656330897166,21.469450081570258],[71.77708563484525,21.469925391550667],[71.777213825679354,21.47046087546271],[71.776450668959285,21.470414521321906],[71.775318630109467,21.470333058305656],[71.774326978179005,21.470513253421117],[71.772559050420725,21.470432813622168],[71.77238082441481,21.470337869070455],[71.77190907380762,21.469695800919897],[71.771146318973948,21.469863700497186],[71.77091691551361,21.469602176169449],[71.7701147778983,21.469103490138984],[71.769745614820863,21.468913616047605],[71.769236821138421,21.468866818427177],[71.767902207686632,21.469273710290611],[71.767583722027524,21.46897661087251],[71.767545351689506,21.468857628537023],[71.767138191502113,21.468751140040862],[71.766667443723875,21.468644751948549],[71.766133713850977,21.468871785219715],[71.765675273950492,21.468539191640815],[71.764696081194373,21.468576457394004],[71.764467163842923,21.468576819543856],[71.763996933192729,21.468756128098992],[71.763819507676075,21.469101634948871],[71.76351451891135,21.469233063909048],[71.763348611308942,21.468911907115505],[71.762318757757143,21.469068282499066],[71.761963301293022,21.469425970931955],[71.761455102784979,21.46971247122114],[71.76120178795847,21.470296181444631],[71.761063652813576,21.47128446020216],[71.759410182149352,21.471203702694471],[71.758340433260074,21.470383956760401],[71.758100358572861,21.470376115504113],[71.758574888425173,21.471148291006955],[71.759188560471856,21.47190288071452],[71.759597340163836,21.472214883722071],[71.759861372240834,21.47461135762055],[71.759957296454061,21.476382817972979],[71.75951343812585,21.477225890321055],[71.758904347018671,21.479076602876358],[71.758460965054709,21.480197570938664],[71.758092263196815,21.481578953093607],[71.758324684573893,21.4818391247173],[71.758371843144431,21.482273269538439],[71.758511404154973,21.482490162606904],[71.758755116644906,21.48388796631323],[71.758468583258804,21.484513682969954],[71.758181404276215,21.484774657356819],[71.758154073547885,21.485061283162864],[71.757700518161727,21.485687256349827],[71.757320639605766,21.486000478260486],[71.757315824827728,21.486140153096233],[71.757933048728773,21.48618733538132],[71.759467044332766,21.486993606828111],[71.760908536303702,21.48782888861534],[71.761011428307896,21.487847981419776],[71.761279425294092,21.488165244865311],[71.761696172774165,21.487640705255476],[71.761771352588838,21.487125735516944],[71.76203220183956,21.487088696959525],[71.761875227096652,21.486850849376449],[71.762162167255454,21.486813769735587],[71.762396355447066,21.486459314265613],[71.762682977039532,21.486245190255865],[71.76306096116231,21.486055341841301],[71.763138686402428,21.48574997123745],[71.763092555016712,21.485487530355162],[71.764186413008147,21.484393016136121],[71.764857162698391,21.483787563009553],[71.766081281826473,21.482601255449044],[71.766875723095694,21.481873497966724],[71.767429321924226,21.481420845692362],[71.768210727284881,21.480705312665499],[71.769532766222056,21.479592082337305],[71.769962623054383,21.479249510569609],[71.770340342949254,21.478931441887504],[71.771141536831905,21.478350172480056],[71.771844819628711,21.477732428674859],[71.772665443202428,21.477083965752851],[71.774072263383516,21.476001086197087],[71.775286238423163,21.476432544522009],[71.776141223505519,21.476724173016663],[71.777524781771731,21.477149229794417],[71.778640974531143,21.477599140704221],[71.779443746733762,21.47786641929979],[71.780533545133778,21.478151527515802],[71.782426365219578,21.47882599157256],[71.784325653915374,21.479463793209955],[71.78510235630047,21.479731088719593],[71.785096182326427,21.479737312920928]]]]}},
{"type":"Feature","properties":{"District":"Bhavnagar","Taluka":"Palitana","Village":"Palitana_M","Dist_Id":"14","Taluka_Id":"14009","Village_Id":"14009IX","S_Name":"Palitana (M)","Remark":null,"GUJ_NAM":"HL<,M o EFJGUZ","GUJ_NAM2":"TF,]SM o 5F,LTF6F","GUJ_NAM_1":"UFD o 5F,LTF6F sGP5FPf","Popu_2001":"41870","Status":null,"BEAT":"Taleti","ROUND":"Palitana","RANGE":"Palitana","DIVISION":"Bhavnagar","CIRCLE":"Junagadh","VILL_TYPE":null,"FOREST_AR":null},"geometry":{"type":"MultiPolygon","coordinates":[[[[71.78960697319647,21.500430672976407],[71.789628351004367,21.500429412247342],[71.789722350628637,21.500427841188518],[71.790006032349666,21.500511097449547],[71.790852036692357,21.500496953924944],[71.790947715817069,21.500583351920955],[71.791417717733808,21.50057549226776],[71.791889399564198,21.500655600971349],[71.792171402218742,21.500650883706768],[71.792549084863722,21.500732562929496],[71.794147092296868,21.50070581918899],[71.794336772776433,21.500790641385297],[71.79490077734755,21.500781198061237],[71.795278457184793,21.500862870962681],[71.795372460549785,21.500861296628631],[71.796315828028185,21.501021489589121],[71.797349829523526,21.501004163058596],[71.797727514483199,21.501085826467286],[71.798385517896619,21.501074795592295],[71.798565877747578,21.501088625594956],[71.799327203328417,21.501147001879584],[71.799795518758117,21.501051149377325],[71.800807363715393,21.501137510437463],[71.801584889857537,21.501197118322228],[71.802853900016643,21.501175812645439],[71.803370891911584,21.501167129994752],[71.804406575881728,21.501237728406629],[71.80469026451452,21.501320958592423],[71.804876574477845,21.501229830656204],[71.805158575098858,21.501225091346168],[71.805551458719506,21.502098454238293],[71.806036658682217,21.502882266610669],[71.806271138681296,21.50387361488788],[71.806444755557067,21.504547339434396],[71.806448134015653,21.504723276506091],[71.806552270894187,21.505249503164354],[71.806553960244472,21.505337471685216],[71.805989947661573,21.50534695619891],[71.804872047840064,21.505893731458897],[71.804778045923811,21.505895311424354],[71.804788176016189,21.506423119632679],[71.804747033587645,21.506732177906574],[71.804705992202614,21.507040476443578],[71.80471105741178,21.507304382365387],[71.804338418497366,21.50748663934025],[71.804244415514134,21.50748821911651],[71.803815129742546,21.507610840194442],[71.803589762086773,21.507675213645307],[71.80301676244558,21.507881168619804],[71.802562467576493,21.50804445543811],[71.802470147309762,21.50813400311954],[71.802468460174481,21.508046034319367],[71.802000125555935,21.508141896506032],[71.801625793850846,21.508236179140724],[71.80143947300617,21.50832730456705],[71.801154085073819,21.508156101288037],[71.800872070119368,21.508160835286752],[71.800215725937178,21.508259848316914],[71.800027714385763,21.50826300334877],[71.799747388385953,21.508355704405336],[71.79955937663577,21.50835885892327],[71.799467058062078,21.508448405093755],[71.799186727330977,21.508541105348307],[71.798535433913372,21.50890401565103],[71.798441429550806,21.508905592259485],[71.797973088197082,21.509001443705785],[71.797786759731153,21.509092565459571],[71.797415790162532,21.509362777518152],[71.797229464754935,21.509453898667335],[71.797041451186871,21.509457050503283],[71.796667111631081,21.509551322698947],[71.796480785356124,21.50964243942051],[71.796292771425016,21.509645590439742],[71.795824425598269,21.509741436249822],[71.79582610888275,21.509829405533441],[71.796114862176154,21.510176556747126],[71.796212234657972,21.510350919859086],[71.796318025626093,21.510965125403935],[71.796143482646471,21.511672026645051],[71.796151900945262,21.512111872830925],[71.794923070782502,21.511780472962133],[71.794353980034117,21.511526012761482],[71.793880579589541,21.511357945658162],[71.793877215177204,21.511182010494277],[71.792455336081744,21.5105898307018],[71.791233246495835,21.510610279716175],[71.790853857691218,21.510440634295346],[71.789997716931452,21.509926965737115],[71.78991043023008,21.510280416513492],[71.789149978144749,21.509853141041276],[71.78905597241679,21.509854712432158],[71.789033120593572,21.50985423518588],[71.789081583897541,21.509986324981138],[71.789319220479996,21.510180853927519],[71.789834862412121,21.510499445532325],[71.790136218270945,21.510726352754855],[71.791220109374748,21.511623358039312],[71.791452169859198,21.511920778816915],[71.79134847355887,21.512153805309183],[71.791366114198937,21.512294564839305],[71.791337784956681,21.512597854936974],[71.79143188343501,21.513355792331211],[71.79211025183362,21.514015238193387],[71.79214525376473,21.514155967224685],[71.792290702521768,21.514545593396726],[71.791329912611488,21.514455217507859],[71.791260891967013,21.514666523341404],[71.791198563979961,21.51533267832718],[71.791083582395032,21.515711929538007],[71.790969117592198,21.516351100216678],[71.791744956379588,21.516550101541462],[71.792434514134641,21.517009170810741],[71.792371519108571,21.517339596664307],[71.792371876535341,21.51751829131182],[71.792239578909886,21.517919233565873],[71.792077956351179,21.518125286730704],[71.791968664544143,21.518455793398758],[71.791773821889336,21.519414590402175],[71.791745330167387,21.519636655494363],[71.79178027911172,21.519750309555874],[71.791954072757235,21.519842060794591],[71.792023743914399,21.519955654066276],[71.792105497859893,21.520323731472313],[71.793108041418876,21.521015094801701],[71.792814822710724,21.521974065415829],[71.793110072370041,21.522027697241388],[71.793121407581893,21.521908547223347],[71.793897246098837,21.522091293087914],[71.794175538434018,21.522345308047477],[71.794436306769299,21.522518128377111],[71.794494494237227,21.522675060841372],[71.794605104269067,21.52299976588024],[71.794130898367712,21.523168467360726],[71.792822248218968,21.522791718132641],[71.792318574496591,21.522695130942033],[71.792191171494579,21.522652033987285],[71.791843804501553,21.522582246671458],[71.791862323043446,21.523161619819518],[71.791904563682039,21.524027946662891],[71.791933921413687,21.524239080473684],[71.792027598353769,21.524780416971325],[71.792005964643295,21.52553855530304],[71.791983335180063,21.525798515045278],[71.791983908716631,21.526085509196641],[71.792002428437357,21.526664882075089],[71.79196866794824,21.527146876349544],[71.792021565282383,21.527552908942127],[71.792079957937233,21.527812726832952],[71.792098846468051,21.52857620897192],[71.792222243734372,21.529507373066526],[71.792275435243084,21.530059609939457],[71.792386468882526,21.530595500407809],[71.792428346754946,21.531277716960151],[71.79250699917722,21.531895170778022],[71.794348845399881,21.531931667472328],[71.795195109724389,21.531944311174644],[71.795241344041187,21.532389601672019],[71.798210748020622,21.532391390137345],[71.79879260904282,21.53242569613316],[71.798614307543176,21.533910589181417],[71.798594588800768,21.535352781663136],[71.798678975527636,21.535974737544986],[71.79874770159519,21.536328084315478],[71.799964274202253,21.536361248184718],[71.799965189069042,21.536806618467953],[71.800101195718355,21.536806373850808],[71.800177772230398,21.537301093737142],[71.800291096948442,21.537293820379581],[71.800435852705064,21.537873250093973],[71.800921868489894,21.539052962784385],[71.800960056702635,21.539250836891945],[71.801144157768618,21.540586619765332],[71.801922291882619,21.540514519129321],[71.803546709602955,21.54044087688542],[71.803668533726011,21.54088602673578],[71.803827771585986,21.541154373568951],[71.804275809128697,21.54222103460388],[71.804473774318936,21.54294175094816],[71.804633901113775,21.543634258546358],[71.805048739789797,21.545602192935814],[71.805728544410712,21.545462963244045],[71.807964861847552,21.545167547232577],[71.808202484160574,21.545167108248414],[71.808348515073732,21.545528994235088],[71.809410013405341,21.54511459105068],[71.811597890077635,21.544218030688402],[71.813404963251969,21.544370153582825],[71.815450632226245,21.544569134542417],[71.817272181840423,21.544727949315522],[71.818103284405851,21.544726366096015],[71.819397076205931,21.544798267080342],[71.821276373861764,21.544923121134548],[71.822143746437661,21.544982299209252],[71.822447279941443,21.544981712596837],[71.822352164435259,21.544454518362777],[71.822292975328281,21.543832596989109],[71.822227276248029,21.543535228554294],[71.822073452396197,21.542602471895737],[71.822109213783776,21.542433371338344],[71.822115933407886,21.542203475522662],[71.82210058463717,21.541797829553531],[71.822078232902143,21.541493615995691],[71.821997962477369,21.541142185421499],[71.822460253550261,21.541039873392815],[71.824056699300186,21.540732522612675],[71.824309801686823,21.540806404538092],[71.824541614755447,21.541056120257586],[71.824693227019594,21.540988212584981],[71.825070149130866,21.541494572856703],[71.825041678433621,21.541690704857093],[71.825143923124415,21.542170554939513],[71.825448731912303,21.54274466738601],[71.825181608627261,21.542866891069782],[71.824957439844169,21.542806476672368],[71.82453886710293,21.543070980772629],[71.824257153478371,21.543132380052725],[71.823982906603661,21.543301944486572],[71.823934028729056,21.544072822835261],[71.823493305127343,21.544127768364344],[71.823400043908165,21.544438967095285],[71.823567148273824,21.54483755714735],[71.82379220455077,21.545296885804262],[71.823908796862952,21.545729379801454],[71.824178524420944,21.546776850321884],[71.82566748293246,21.546855084144685],[71.826513081329736,21.546866953082414],[71.826569717945119,21.546339464341624],[71.826734441728746,21.545669777460589],[71.82660340225577,21.545244075074713],[71.826964676423941,21.545209560865263],[71.827689668105393,21.546229087272692],[71.827819846049223,21.546269398939554],[71.828240079213629,21.546741860049703],[71.828683991131797,21.548099997436591],[71.829227978838858,21.548964364448899],[71.829924356170025,21.550098878058073],[71.830063080619652,21.550720638453303],[71.830425607536469,21.551233775307864],[71.830750759037969,21.551199324354958],[71.83091029607381,21.551435651484592],[71.831264602688464,21.55150932162724],[71.831632734232869,21.551305752351912],[71.832074306999502,21.551615890838256],[71.832421310274682,21.551655766819888],[71.832782614153828,21.551628001062685],[71.833013965215343,21.551661345362394],[71.833237996417878,21.551654136489173],[71.833534578884979,21.551768484632223],[71.833708343732823,21.551903361852791],[71.834185889004814,21.552139048944717],[71.834259337117047,21.552301171607429],[71.836123520352473,21.552790243299217],[71.836546248112853,21.553063101628304],[71.836432138691819,21.552715178724178],[71.836308232548177,21.551742803788507],[71.836207068487809,21.551039406733334],[71.836170407500688,21.549528807529065],[71.836068459487095,21.548483958176128],[71.835733562879795,21.547139512463332],[71.835510436781476,21.546301847974782],[71.835276229697442,21.5454538582715],[71.835308933839883,21.545246850857506],[71.835305772614959,21.54387069504725],[71.835327202764248,21.54357058649525],[71.835081846718182,21.542681230252555],[71.835003954374059,21.542474444996074],[71.835035945905631,21.541957026380736],[71.835462704666924,21.539969527619114],[71.835472955760608,21.539617705951546],[71.834772891978872,21.538170519679031],[71.834283961610893,21.537157485067912],[71.834194730085727,21.536826556843174],[71.834260682599989,21.536650524098398],[71.834036635135448,21.535398974326846],[71.83401406731555,21.53520242468133],[71.833779461988485,21.534168184498132],[71.833778799856972,21.533878467074409],[71.834551600448364,21.533297481692326],[71.834937784876104,21.53291386421521],[71.835224769952646,21.532675304573747],[71.836041627090182,21.532021794123963],[71.836648550920955,21.531451480202787],[71.837420944775417,21.530704928859375],[71.838039131934678,21.530227711029159],[71.838701261761187,21.529626236539347],[71.839120601424526,21.529242542137794],[71.83934136508168,21.529066192634055],[71.840037623309073,21.528878527464691],[71.840358466903538,21.528939955943613],[71.84064440591915,21.528905668172474],[71.840509545554156,21.527535102317493],[71.840225477858041,21.527427798446229],[71.840127239813654,21.527137543734415],[71.840329685841425,21.526473233886939],[71.840382282360935,21.526207567761507],[71.840310806996115,21.525983648239052],[71.84012422600297,21.525842950458696],[71.840052828476033,21.52565222551139],[71.840105579763915,21.525452948851836],[71.840309395981166,21.525377844928318],[71.840308816126367,21.525128884650915],[71.840175103128502,21.524838702205365],[71.840529267598896,21.524580719749753],[71.840963814014316,21.524563235104679],[71.841176013196915,21.524280645116015],[71.841654186000611,21.523956017017053],[71.843788833806258,21.522764917301512],[71.843776528907043,21.521304368576192],[71.843897764092148,21.52005931119988],[71.843905285514936,21.519486684129692],[71.844299923194498,21.517593762585161],[71.844580159801623,21.516082817163554],[71.845257375108574,21.513683087220308],[71.846116786567762,21.513332761464298],[71.846224111353564,21.513714280209982],[71.846651054858313,21.514244512555035],[71.846918014286743,21.514625699262442],[71.84847078848756,21.514954414336728],[71.848976827470551,21.515177422783569],[71.849562704497018,21.515408561245422],[71.850006726555918,21.515656592518376],[71.850378628166951,21.515415149580175],[71.85088331708269,21.515073842171297],[71.851416204973418,21.515396371358744],[71.851788582838637,21.515354093532057],[71.85229534810216,21.515875844118042],[71.852721138395708,21.515916438648429],[71.853596836216269,21.514968532526691],[71.854959440137378,21.513671041250269],[71.855029420093672,21.513272554019743],[71.855417712503339,21.51248334971725],[71.855062394584593,21.512243442848888],[71.854946421416329,21.511961532983985],[71.854767847156282,21.511463989336189],[71.854535823200493,21.510866974305415],[71.85518175327789,21.510268093734037],[71.855530420933022,21.509868781641373],[71.85469048501065,21.509157584278839],[71.853213662880762,21.5079486398471],[71.852207182751414,21.507302932449743],[71.851771543413349,21.507230708191308],[71.851078290304912,21.506824658998173],[71.850843735551749,21.50679380514585],[71.849628074021282,21.507381494379935],[71.848990804144137,21.50703801280752],[71.848520873126787,21.506631486063434],[71.84817441362398,21.506496372680132],[71.84793918877908,21.506183395099633],[71.847748279629428,21.505724039905786],[71.847289397820887,21.50526524189398],[71.847199502706829,21.505025103427705],[71.846572399195168,21.504253185062531],[71.846449380680667,21.504169848837527],[71.845836563073775,21.504714463295144],[71.845198993018869,21.50423513141795],[71.844965552484993,21.504674468868945],[71.844652671258572,21.504570625496651],[71.84459590817751,21.504173683196608],[71.843633883314084,21.503412893108752],[71.84266173107028,21.503090973371968],[71.842494861430978,21.503352539010756],[71.841131556963518,21.502874677891043],[71.839912974010815,21.502208430173678],[71.83936172675422,21.500422782276242],[71.838461426857251,21.497363068291545],[71.837229804328061,21.494522812173159],[71.837092624068973,21.49287401650755],[71.836897291550855,21.490358096001138],[71.836945519800622,21.490194381712595],[71.836005051377128,21.490788465237689],[71.836083431037409,21.491192171668398],[71.835486319709645,21.4913590593602],[71.830971046251406,21.490974554922644],[71.829154233024809,21.489994371524599],[71.830334309113113,21.488293741751118],[71.832111172763049,21.486301964842706],[71.833502347497344,21.485015112989167],[71.834683919209311,21.484008267905608],[71.834771011515102,21.48338676358383],[71.833627543752343,21.481690747688059],[71.833514590326388,21.481702986423191],[71.833440328483974,21.481640068765607],[71.832717110824703,21.4806513765473],[71.832595254376983,21.480399355761548],[71.832365519572193,21.480116016479851],[71.831913562376755,21.479889877467212],[71.831090592711234,21.479475274920915],[71.82926372264852,21.479081568246933],[71.828376688045822,21.477134577980856],[71.828450252484927,21.476888476605396],[71.828063217364232,21.475558546591724],[71.826431896393501,21.475208570497418],[71.825420788812252,21.475008730593082],[71.825303404679701,21.473728721264195],[71.825167503636123,21.473211845168404],[71.824676732325401,21.473698406306958],[71.824413809969826,21.473629544121913],[71.82389041130223,21.473817397937495],[71.823098496928822,21.474021202396159],[71.821759455437544,21.474374389943343],[71.821615364515921,21.474595831205761],[71.821344242333225,21.474615580809537],[71.821324781560321,21.475581488386183],[71.821547306622918,21.475751189897263],[71.822015047370812,21.477224743526058],[71.821693616355105,21.478000395641498],[71.821815664183205,21.478397129014624],[71.822221372232931,21.479209187245907],[71.822486294107534,21.480286161444912],[71.82210289800166,21.480438126573585],[71.821559092954615,21.481119690319144],[71.821479137449245,21.4814979089819],[71.820853131339263,21.481536918204938],[71.8212178279733,21.482065508613424],[71.822065166110335,21.481648006871424],[71.822187634031167,21.482233771359507],[71.822632207284627,21.482346333318322],[71.822975548314915,21.482345670278423],[71.823825934559594,21.483308090129626],[71.824697409121796,21.484667432340739],[71.82496131069577,21.485271822856987],[71.825711667022858,21.486650297903704],[71.824720401908095,21.487493125008854],[71.823638765377524,21.487718517473958],[71.823612409917203,21.487359702559885],[71.822351521429113,21.487441887310958],[71.82207060121236,21.487562050911542],[71.822139205650288,21.487761288678389],[71.822151026459508,21.488113633878985],[71.821952254420268,21.489569565351488],[71.82145229783697,21.491838914541098],[71.82137150646254,21.491839069942973],[71.821253375190267,21.491835611863824],[71.821245567921139,21.491890377264738],[71.82120891335714,21.492038943463612],[71.821110390019669,21.492438271514249],[71.820895050382475,21.49321623599652],[71.820812936150958,21.493833593370042],[71.820635127545174,21.494364574991728],[71.820553012159067,21.494981932353515],[71.820380296025149,21.495776812880301],[71.820200787528762,21.496219826782049],[71.82003146229853,21.497190642380229],[71.819944250073604,21.497544097024338],[71.819860434952261,21.498073490432478],[71.819862131613306,21.498161454354335],[71.819771529256585,21.498338977399925],[71.819865525102813,21.498337389525503],[71.819875705778969,21.498865195013728],[71.819983277054632,21.499567343913402],[71.819897764838032,21.500008766110817],[71.819911340386909,21.500712502927922],[71.819817343018443,21.500714090994784],[71.819820736897114,21.500890026119112],[71.820013823072173,21.501150752539907],[71.820022308543258,21.501590586579898],[71.819836009708851,21.501681730461108],[71.819555708635278,21.50177446221884],[71.819371105989703,21.501953573218863],[71.818813894563505,21.502314970157936],[71.818630986608781,21.502582044469172],[71.818632682992472,21.502670012102378],[71.818540380598307,21.502759567226281],[71.818543773296142,21.502935502501678],[71.818360860328269,21.50320258036939],[71.81836425281638,21.503378511997443],[71.818271949845141,21.503468067032912],[71.818273646089779,21.503556034684081],[71.818090735871266,21.503823112310627],[71.818092432037687,21.503911079971832],[71.817907821102608,21.504090189868151],[71.817721517586904,21.504181328189123],[71.817536905844975,21.504360437756475],[71.817164293572304,21.504542720902865],[71.816883988890552,21.504635448858444],[71.816791684210173,21.504725003248151],[71.816603679884579,21.504728176446658],[71.816231065304905,21.504910457729142],[71.815573058653072,21.504921560716973],[71.815104746918323,21.505017454068643],[71.814916741943179,21.50502062540918],[71.814636430566125,21.505113349901894],[71.814352734643748,21.50503013803154],[71.814258734049716,21.505031723272804],[71.814072422772796,21.505122861616599],[71.813382235921864,21.503462571356049],[71.813378849411365,21.503286638973535],[71.813657465048735,21.503105948868154],[71.813262838727525,21.502144642703826],[71.811835921478831,21.501288725835114],[71.810699471021593,21.500867884050059],[71.810210873632172,21.499908154145992],[71.810296415665093,21.499466730060764],[71.80922186776705,21.497372905198706],[71.808933115219446,21.497025776858646],[71.80892635502029,21.496673903139687],[71.808545299083079,21.496416327580942],[71.808253174951005,21.495893260607414],[71.808343790943383,21.495715742414998],[71.807964427931196,21.49554613363189],[71.808147349570802,21.495279065995859],[71.807865365051086,21.49528380903935],[71.807479247585263,21.494762324739916],[71.807856918856331,21.494843970057733],[71.808410752780631,21.494306672687305],[71.808400615898293,21.493778865359225],[71.8072642335718,21.493357992383785],[71.80672765918311,21.493213299793936],[71.80603555153904,21.493026663054572],[71.805659577266084,21.493032981625568],[71.805092232950685,21.492866520508947],[71.804059857226491,21.492746143302469],[71.802737314639131,21.492642077687808],[71.802166602864787,21.492299671783776],[71.801587471553162,21.491517418366151],[71.801179483437252,21.489852321398153],[71.799744334061259,21.488556433204835],[71.798872111035891,21.487484069995588],[71.798492142222187,21.486993475318503],[71.798112811710638,21.486823836597789],[71.79800748389566,21.486544847843621],[71.79781569492242,21.486036840264156],[71.797901272354409,21.485595422372118],[71.797699835037804,21.484894816379224],[71.797216430448188,21.484198936368038],[71.796838790396393,21.484117263225766],[71.796263085743149,21.483510923073563],[71.795788093678738,21.483254881797812],[71.795875361689639,21.482901433826548],[71.796061656301802,21.48281031751587],[71.796343623567637,21.482805596933066],[71.796627272204077,21.482888845381904],[71.796816929357874,21.482973667267284],[71.797288554226682,21.483053766683735],[71.797377496354784,21.482788284177715],[71.796424161031325,21.482100270785654],[71.795940772951909,21.481404385211174],[71.795272773633656,21.480887579121589],[71.795066317064666,21.479923062243202],[71.79458966315363,21.479579049877575],[71.79458966315363,21.479579049877572],[71.794113011348216,21.479235032228939],[71.793451745248561,21.479070096076015],[71.792609224054061,21.479260179058382],[71.791869077655193,21.479888533041077],[71.791415923241175,21.480776082369982],[71.791709636082729,21.481387159317396],[71.791815372426584,21.482001373913473],[71.788267052153756,21.480805804924202],[71.785096959493671,21.479737592219912],[71.785096182326427,21.479737312920928],[71.784568552864656,21.480269234820078],[71.783884974766167,21.480935837812943],[71.783312263051272,21.481596145191485],[71.783536277802682,21.482755707789003],[71.783686854960919,21.483042385401305],[71.783557288099701,21.483500477193417],[71.783362032503561,21.483720586842917],[71.783153601023628,21.483873564036255],[71.78300407418908,21.484130225548554],[71.782782372266396,21.484167230530065],[71.78233263369296,21.484338929658033],[71.782235792944292,21.484858014708152],[71.782419584218744,21.48545599017476],[71.782596653885065,21.48595019246773],[71.782676247748839,21.486633813100038],[71.782586412818219,21.487403189590449],[71.782586919547228,21.487665701865243],[71.782620170404599,21.487995313280017],[71.782746098241176,21.489026837802196],[71.7835900298859,21.490301343321633],[71.784447176663988,21.491655186140257],[71.784538594448193,21.491703870120197],[71.78494984448281,21.491855793145124],[71.785223932327199,21.491916375045953],[71.785406816409377,21.492038161819952],[71.785687213358813,21.491988843041227],[71.786366867252482,21.492628699568129],[71.787226792681849,21.493162424291985],[71.788585059601189,21.494450263272412],[71.788843506598283,21.494019417760832],[71.789762928002801,21.493843834753878],[71.789870596325443,21.493861962846097],[71.790398762907898,21.493755735345328],[71.790658649211082,21.494052899707143],[71.790728525033614,21.494748742249005],[71.790758388855181,21.495005098097256],[71.790628512759412,21.49612252946433],[71.790694429779052,21.49628453504614],[71.790440107354797,21.496327711990965],[71.790258230972881,21.496718744679285],[71.790063307030167,21.497109799814691],[71.789555383631281,21.497562446967706],[71.789164370486361,21.497758482511848],[71.788962460750668,21.497917560483462],[71.789106215405226,21.498039410698279],[71.788898529238395,21.498577005250713],[71.788749118332262,21.498894720758628],[71.788802160973347,21.499328080210812],[71.789383914807075,21.499919253121575],[71.789664966025171,21.500193488517414],[71.78960697319647,21.500430672976407]]]]}}
]
}
