{
"type": "FeatureCollection",
"name": "Talukas",
"crs": { "type": "name", "properties": { "name": "urn:ogc:def:crs:OGC:1.3:CRS84" } },
"features": [
{"type":"Feature","properties":{"Taluka":"Bhavnagar","District":"Bhavnagar","Dist_Id":"14","Taluka_Id":"14005"},"geometry":{"type":"MultiPolygon","coordinates":[[[[72.054671642220384,22.102678709436592],[72.055826872930609,22.101713275711145],[72.056258528222941,22.101856691665549],[72.056520446758981,22.101967756273108],[72.05707247558837,22.102170031080519],[72.058240374448047,22.102633627942311],[72.059698472272416,22.10320817888708],[72.05949126792099,22.102635935311948],[72.05904838885742,22.101438859207953],[72.058783513194669,22.10057704227696],[72.058490710167874,22.099800933954747],[72.05823329658682,22.099037875442761],[72.057911274752342,22.098018195694959],[72.057739600741911,22.097491927709097],[72.05743909679822,22.096551201392746],[72.057209987833858,22.095794629904795],[72.057009794137684,22.095202601373838],[72.057100730521512,22.094965207069052],[72.057584217643054,22.093916435734268],[72.057997808691283,22.093065471919978],[72.05856574439693,22.091930795555335],[72.059133359976855,22.090717090167942],[72.059764148197132,22.089397795633701],[72.060058728562268,22.088837003951948],[72.060323560080818,22.087900929941714],[72.060623043606128,22.086793508938552],[72.060890535419134,22.085936452964198],[72.061234520169776,22.084767411699801],[72.061993634487223,22.083746218838467],[72.062284170588796,22.083358859989566],[72.063343326188047,22.081976611650411],[72.063671366132041,22.081545216626704],[72.064628048026592,22.080461864265864],[72.065462694460606,22.079493080263401],[72.065659595320554,22.079255314745307],[72.066362997357189,22.07845381744448],[72.067488304936049,22.077141560975196],[72.067721339427464,22.076517307571812],[72.068420711974724,22.074714791666675],[72.068737577114703,22.073853160793604],[72.069156835864916,22.072683841075115],[72.069370803686198,22.072006966100293],[72.069435974417814,22.071813559142225],[72.069594682873259,22.071452989116775],[72.069743793915478,22.071048547789719],[72.070210491591425,22.069966869199398],[72.070369337065145,22.069641421597485],[72.070892089805014,22.068445393701268],[72.071321442038268,22.067451651384438],[72.071676096867762,22.066625006370078],[72.071881542355229,22.066176461623524],[72.072265794797062,22.065683386737383],[72.072649655520678,22.06509372224421],[72.07345522517312,22.063958162551852],[72.073960828778453,22.063192449969279],[72.074747501878903,22.062048169393996],[72.075337338601287,22.061150442982132],[72.076189252684742,22.059839088753968],[72.076356037872216,22.059631953572023],[72.076755800224362,22.059136504077895],[72.077393678723325,22.05833741431757],[72.077776596643076,22.057905769052905],[72.078244507096116,22.057354296565634],[72.078856919850054,22.056603101627196],[72.079911839445685,22.055364264477042],[72.080379538268417,22.054764976331956],[72.081315347514135,22.053669983934395],[72.081734941621406,22.05385176659793],[72.083438906895935,22.054562858245173],[72.084766157053721,22.055123878460009],[72.085852663175316,22.055343108377116],[72.088102880220902,22.055845016159626],[72.088624570142116,22.055906888015286],[72.088974872006887,22.055865785870996],[72.090077361562479,22.055814004555561],[72.090547334158757,22.055772467581619],[72.091752032950311,22.055632653875715],[72.092381671510083,22.055573103465516],[72.094227447072015,22.055427463993485],[72.095635784109604,22.055310289533605],[72.096770050943817,22.05519410247765],[72.097808302466476,22.055114116042379],[72.09863502975486,22.055043861230644],[72.099284306199252,22.055081825267827],[72.100313562964658,22.05514976905835],[72.101409983729425,22.055181601861264],[72.101822862953483,22.055032171173622],[72.103198671318779,22.055183984305934],[72.103309126769389,22.055152201709625],[72.103894832225066,22.054939377719126],[72.104092006013403,22.054947614562202],[72.104469940066934,22.055627515817118],[72.10484759187483,22.056240183919826],[72.105104125328708,22.056638152662718],[72.105235340341707,22.056964869023737],[72.105637861250287,22.057770178221148],[72.105799494000877,22.058464322824854],[72.106313543167019,22.05835932836796],[72.106669204516763,22.058322152673458],[72.107241239092716,22.058284173529131],[72.107601459305883,22.058188710164458],[72.107846318339483,22.058102638931864],[72.108870714640048,22.058152617598704],[72.109411362710773,22.057523095983061],[72.110791297700715,22.057508987529459],[72.111855858487544,22.057457698978084],[72.111965782798663,22.057178395029251],[72.112119544124681,22.057153914919166],[72.112512512356844,22.05709666614781],[72.114204191384843,22.056899085601394],[72.114648549180188,22.056865543973949],[72.11488792731376,22.056872613197559],[72.115563804694375,22.057005534836936],[72.116742253122169,22.056730173960354],[72.116904491873939,22.056689720701783],[72.117689728844596,22.056415834696086],[72.11815111070328,22.056366282622601],[72.118886824077279,22.056498964534271],[72.119588242731751,22.056607867850211],[72.121067945221697,22.056809437014845],[72.121333280558872,22.056888113551999],[72.122120879702052,22.057156045937418],[72.123069253147989,22.057048849633652],[72.123604457090465,22.056289817230869],[72.123816722653487,22.05596230563625],[72.124462166364339,22.055003641325275],[72.125200961864834,22.053893219168451],[72.125778145422828,22.05296668392991],[72.126483010393869,22.051920132704979],[72.127009418913659,22.051113312931342],[72.128096021420077,22.049411886839202],[72.128415765287116,22.048990328797252],[72.128821629358455,22.048352297609426],[72.129361318616134,22.047534462940845],[72.12962917349671,22.047219678870484],[72.130054139661212,22.046554678019692],[72.130765884645683,22.045507584290338],[72.130880954990729,22.04543542570838],[72.131253560914416,22.044891643043403],[72.131879146781557,22.043934520800029],[72.132433125827092,22.04309421008794],[72.133020373778308,22.042168607074551],[72.133421350665301,22.041521619235784],[72.133941857331564,22.040726255044046],[72.134170968508514,22.040353345062371],[72.135407891139522,22.038497400408605],[72.135809247500887,22.037940049469078],[72.136310517870527,22.037149234809071],[72.136764048246647,22.036434801731009],[72.137389601000692,22.035486623472824],[72.137614108268451,22.035163030951857],[72.138354305456943,22.03405304341814],[72.138521420541835,22.033796906407019],[72.138822560008236,22.033410262670262],[72.13935236079196,22.032556576790441],[72.140016096908084,22.031554453256323],[72.140441049674891,22.030907354963517],[72.141070897542221,22.029856055481154],[72.141500526735655,22.029182042974917],[72.141892037245853,22.028584376210556],[72.142259690205336,22.028027141907916],[72.142813588156486,22.027195761662352],[72.143128617948761,22.026697000580825],[72.143486849451804,22.026184622630009],[72.143725567760143,22.02582062628063],[72.144193568905138,22.025133009512086],[72.144580493527897,22.024589140982851],[72.145177161897308,22.023654493960237],[72.145229573012429,22.023551196858392],[72.145797410867957,22.022621143356613],[72.14629893934476,22.021910977565344],[72.14667568406793,22.021246124795486],[72.147224418178766,22.020347517294312],[72.147520271437514,22.019866752534099],[72.147901954846404,22.019233252940502],[72.14810221549115,22.018873884608485],[72.148321967920012,22.018572707620667],[72.148608036885889,22.018056121993236],[72.148794118368045,22.017750595428144],[72.148951112843363,22.017391397344252],[72.149256037122768,22.01679405622502],[72.149637296219325,22.01607091021765],[72.149794572922076,22.015774461117296],[72.150531059213719,22.014946813703045],[72.1512052333414,22.01415975049569],[72.15192732396585,22.013341118586034],[72.152997975956509,22.012014606094318],[72.153136369403811,22.011922321713829],[72.153481857876514,22.011621457823544],[72.153780222137982,22.011316788001864],[72.154232103330571,22.01087174446215],[72.154607030570503,22.010454959123951],[72.154781848559892,22.010290541415049],[72.154883997414942,22.010154365946477],[72.155276288178811,22.009789420846477],[72.155668485107796,22.009404509405954],[72.155822036755765,22.009272120949692],[72.15592842930603,22.009127941552766],[72.156282175292617,22.00876314831687],[72.156810806191118,22.008249906899174],[72.157002508208834,22.008033508163464],[72.157083445206212,22.007941341126394],[72.157437406265174,22.00762446252897],[72.157701754844851,22.007375826403663],[72.158102521211703,22.006994868085584],[72.158452158693621,22.006670018389642],[72.158673867500056,22.006461483569989],[72.159257778740539,22.005868149197916],[72.159441260651406,22.005727650782127],[72.159722342408699,22.005395087830259],[72.159935039776954,22.005090751767906],[72.160118187278087,22.004878377081219],[72.160645735518216,22.004137517877428],[72.160722274961657,22.004021407851575],[72.160922251781784,22.003745073919788],[72.161381576612115,22.003068377935595],[72.161526218802209,22.002864143336563],[72.161773331012867,22.002595604564394],[72.162122708395486,22.002218837233954],[72.162501871948862,22.001802017250746],[72.162655130778134,22.001609726355614],[72.162859623719143,22.001385282962659],[72.163286013844669,22.000996222444815],[72.164057840424348,22.000306275501242],[72.164467245393254,21.999949226048631],[72.165119448100654,21.999319656261378],[72.165537336727496,21.998946597165915],[72.165874017557158,21.998605812029314],[72.166188672258514,21.998133341417649],[72.166494817274653,21.997672884278387],[72.16680929992404,21.997164474769829],[72.167204498993499,21.996519968923689],[72.167510319729374,21.995991627540299],[72.167867276018697,21.995411166323699],[72.168277480498503,21.995229803425506],[72.168999350658325,21.994855497039207],[72.169537403609027,21.994545828471622],[72.170003021683655,21.994312324077182],[72.170605089190488,21.993958465850408],[72.170985389227127,21.993793191193348],[72.171361106050483,21.993564043885364],[72.171818079291526,21.993314597185769],[72.172005945944107,21.993202019249662],[72.172462295805104,21.992820799113854],[72.172871677019245,21.992467722509186],[72.173485820424077,21.991954078078422],[72.173797040085006,21.991669285879073],[72.174155167501297,21.991344368769461],[72.174718054539099,21.990858882581541],[72.174880150574779,21.990730434788933],[72.175441038165317,21.990728126524061],[72.176382873058131,21.990700287259681],[72.177229249692289,21.990707444031408],[72.17865636754388,21.990685574078142],[72.178890477918287,21.990695253886258],[72.17993394030141,21.990430046463448],[72.180401347936595,21.990279030870084],[72.181929182321369,21.98983077835862],[72.182391029762201,21.989711725516187],[72.183312536196951,21.989955374928225],[72.184353921152635,21.990222224206804],[72.185899029382355,21.990580834988808],[72.186859526228488,21.990305626722474],[72.189428304867988,21.989575156332585],[72.190802077211771,21.989193884361491],[72.192298507245752,21.988739070921266],[72.192991180569976,21.988590121522808],[72.193739567360595,21.988399212192384],[72.194577217329766,21.988166200159593],[72.196107224990257,21.987721640634827],[72.196978111599947,21.987425893297331],[72.198206711749961,21.987097328523095],[72.199424071456747,21.986758372212503],[72.200507326876405,21.986440840278075],[72.203624733624011,21.985729445556263],[72.205799134055937,21.985564051794452],[72.205831917590899,21.9855615579222],[72.206994176735165,21.985473139569361],[72.211918373960955,21.985028659588341],[72.216357907968998,21.984888427102263],[72.218304469526146,21.985272879036909],[72.221029794333447,21.985835254131498],[72.229823900983604,21.986661784185838],[72.238147177390545,21.991711759401561],[72.238998576249372,21.99292598954781],[72.240367081427323,21.996172869869064],[72.239877405072519,21.990535887240569],[72.239073856882783,21.98677091769602],[72.238936641757263,21.983565419161842],[72.23860047774177,21.976873456851592],[72.239123711472274,21.973102503930487],[72.234892100129741,21.971096581736735],[72.225280949597078,21.966583243787888],[72.219543932618222,21.964921045366847],[72.214173053846196,21.964100771624235],[72.211150531740842,21.962595191292618],[72.208171090121894,21.957601985093497],[72.207496134657106,21.955242472080933],[72.205237173126648,21.949571119482137],[72.204617057290676,21.946086390543893],[72.206539169170014,21.94461568358258],[72.208333696920931,21.94173929917833],[72.207837183793615,21.938872778122722],[72.206231644569215,21.931173668790464],[72.205605498607454,21.926451496885125],[72.20612613416246,21.922005641291324],[72.205993923718196,21.919643776592675],[72.204588652110303,21.91582490979869],[72.203119315958588,21.911218822730202],[72.204524207423447,21.902719290346507],[72.205689805343653,21.894614506930097],[72.204458153533935,21.889276165275483],[72.208836025010953,21.88486998753967],[72.211757804633862,21.878557542711999],[72.214919816259609,21.872131507622925],[72.218441128682827,21.865310106850231],[72.220776213035506,21.862318732945649],[72.221433099492216,21.86113463743802],[72.224365778851976,21.857184370764777],[72.233282210383805,21.845107747937082],[72.241777484808352,21.833426295084298],[72.246263388282969,21.827162468570723],[72.245570716038131,21.821371985486227],[72.241424062879275,21.811603377080022],[72.240389080888406,21.809470565847519],[72.237863866066434,21.810381849622001],[72.227710970083706,21.81571430149728],[72.224106950808078,21.817755108649283],[72.220195724775024,21.818615951703755],[72.218331433044597,21.819242812864157],[72.215261793070752,21.819762382349229],[72.213082057234786,21.817521851988861],[72.212241512891069,21.81808797065711],[72.211163066204662,21.819273849466725],[72.208827063634132,21.821983850043257],[72.208405663321344,21.822041908122674],[72.207023744138269,21.822779070609894],[72.205460538227229,21.823404498617467],[72.202949968427802,21.816611837764288],[72.211604499532029,21.797288705138396],[72.222265538222061,21.789644941549238],[72.237553065400334,21.777978144492231],[72.247491215264063,21.769605206087089],[72.251903980099371,21.75919560698879],[72.254845823322796,21.747541381911159],[72.254124505993914,21.744740973458132],[72.259131296864567,21.737018634996502],[72.266089887566224,21.727429357566219],[72.269738904641414,21.722083123246811],[72.27593374758311,21.713512176163029],[72.279882429578052,21.706914244125866],[72.282555546737868,21.702570428741296],[72.276493298893286,21.699897311581481],[72.274091287923966,21.699098107470778],[72.272094720957284,21.698115521042723],[72.266480615739979,21.695439829643249],[72.26437725093372,21.695270051973125],[72.259684667628846,21.694800389520012],[72.256873281840697,21.694539291556161],[72.255182137911774,21.693942415236556],[72.254812304788743,21.692801053349118],[72.253895195865908,21.691378779054101],[72.253669537822532,21.690746878268207],[72.252613550200579,21.687879886964993],[72.2524726063874,21.687512349122553],[72.25246344244708,21.687488452852779],[72.252244685932169,21.686917999976529],[72.25204034388085,21.684547812197287],[72.251835960784049,21.682168176850013],[72.25176351190207,21.67989185617315],[72.251893723335812,21.679664545918154],[72.253482530375194,21.678108083903275],[72.253684711399757,21.678116612404224],[72.25327622629689,21.677306052960525],[72.253617393420328,21.676832170042989],[72.253394117569883,21.676653696975372],[72.253652565181341,21.675821215717153],[72.253743081118301,21.675735784514316],[72.253820838377536,21.675140290540426],[72.253797040510989,21.674450790999774],[72.254222375618056,21.672672882610009],[72.254559252873278,21.671377155989301],[72.25477819518963,21.670724339413077],[72.254957104889726,21.670147278096923],[72.254975300772301,21.669759881313002],[72.254802613646078,21.669590626349738],[72.254409020171053,21.669696329191282],[72.254015229644224,21.669764245266297],[72.253701452305535,21.669671203463164],[72.253578953128326,21.669435592490164],[72.25342299584257,21.668595545300541],[72.253310996498925,21.66843545991302],[72.252582340704862,21.668240384548763],[72.25255020950128,21.667891002708497],[72.252668587988154,21.667333111311549],[72.252697631002931,21.667087365682665],[72.252854239625094,21.666756021360474],[72.253266719210259,21.666324189770634],[72.254011804969792,21.665642551374802],[72.254138427643852,21.665526710228974],[72.255418747359485,21.665571271662031],[72.255276563557828,21.66673071221712],[72.257096987476757,21.666986927090807],[72.257305416808023,21.668195151733446],[72.258424065924743,21.668240426850449],[72.26123977867671,21.668139369393295],[72.263447012235289,21.667638005808307],[72.26519663141957,21.667239487691752],[72.265452959783374,21.664744384773613],[72.267661725225622,21.664545252929873],[72.268901013634803,21.664476540192311],[72.268289140633769,21.663433941509783],[72.268057747935487,21.66299416751264],[72.267635788483958,21.662190003006138],[72.267621115049351,21.661963350717905],[72.267890326731845,21.661911723630414],[72.268117716198105,21.661595782788886],[72.268289742022759,21.661002995454592],[72.268527334165455,21.660069824268962],[72.269779656601401,21.659925472203714],[72.271642512645016,21.660571794770046],[72.271492894763739,21.660307983313935],[72.271435919464963,21.659728852381768],[72.27116463818902,21.659390032392245],[72.270483397814957,21.657969896295615],[72.270644010067244,21.657767622017719],[72.273482759071328,21.656973499463263],[72.273671454302857,21.656985216036535],[72.273520561203981,21.65648209663426],[72.273572239287873,21.656066202493172],[72.273719438931778,21.655876583389027],[72.275793590949604,21.655728356097306],[72.276858319539983,21.655786356720597],[72.277186333020964,21.65665391501469],[72.277550317072908,21.656689997853963],[72.278337380748866,21.657731741247488],[72.283588743769954,21.659592176406008],[72.285867990383736,21.66036365470703],[72.2858985882159,21.660374011174643],[72.28687171876004,21.659772337486061],[72.287192778139541,21.659565010467745],[72.287845660511991,21.659155323196],[72.28863231433678,21.658659664292813],[72.289296118652175,21.658285057090385],[72.290116537580346,21.65807535030687],[72.290650837851828,21.657585902252489],[72.2911693817817,21.657161782915939],[72.291848158017302,21.656581289273959],[72.292286399596932,21.656202726197844],[72.292751376432932,21.655803955835022],[72.293339216482536,21.655289145673851],[72.294034055973867,21.654703547044406],[72.294322794907487,21.654481302270018],[72.294584218889128,21.654173853854388],[72.294978748816803,21.653659962838077],[72.29567715474505,21.652748064086484],[72.296157145432701,21.652153446764522],[72.296557088790195,21.651649565487357],[72.297207648256659,21.650828243500943],[72.297367512758413,21.650606612124946],[72.297759651227167,21.64966103745396],[72.298162136789145,21.648645137239765],[72.298368939900399,21.648172297518272],[72.298554624059562,21.647764814361118],[72.299329418496612,21.647083437056782],[72.299890354706463,21.646568734132661],[72.300349827895275,21.646154910962185],[72.30063281136708,21.645867428124966],[72.300862380016198,21.645630398691743],[72.301278812046945,21.645201721615614],[72.301415759653167,21.644995354526255],[72.300185479950656,21.644740714773214],[72.299538735653641,21.644625387611121],[72.298765307725958,21.644510667007651],[72.296951767887307,21.644164053453107],[72.2957977720462,21.643956391224091],[72.294516965599698,21.64372563915688],[72.294327522606793,21.643833141802851],[72.293211667102909,21.643648967279063],[72.291334032920204,21.64316046850735],[72.289253588740536,21.642649223443325],[72.288885756967758,21.642568061534728],[72.288644608702427,21.642486297555411],[72.287209750902875,21.641877208054975],[72.285584561267996,21.641209785191545],[72.284010058754788,21.640542106851871],[72.282309016855862,21.639898697190404],[72.280514644967724,21.639172799170741],[72.278385142969555,21.638945904941579],[72.278431476511216,21.638388532610936],[72.278528947510026,21.637215987703318],[72.278518284637101,21.635226222674607],[72.278630798257041,21.633173698451714],[72.278698472775758,21.631618837808443],[72.278861150856429,21.630063531788608],[72.279023778405829,21.628499342538962],[72.279154544970808,21.628081223538111],[72.279529459714325,21.627128973189023],[72.28003479819364,21.625696422150099],[72.280822027622222,21.623685143746087],[72.281628235872745,21.621673772479085],[72.281807396284279,21.621424203066848],[72.282805104402854,21.619696185451204],[72.283097471699307,21.617536212245703],[72.283153464764609,21.617349403166042],[72.283507605769088,21.616077449656625],[72.28385291176231,21.614929900631125],[72.284327898534173,21.613168804321305],[72.284536739996923,21.61314117008423],[72.284720592297901,21.61200326375916],[72.284763344118403,21.611123633318151],[72.284791074915518,21.610981372586007],[72.284881321853348,21.610101517959144],[72.28708512882163,21.609507780881771],[72.286969666212059,21.609235911518496],[72.287791186723851,21.608912231079653],[72.288929273182944,21.608575201599518],[72.289181295350218,21.608337123206152],[72.291723417383906,21.607661772517304],[72.292563991116452,21.605817430996751],[72.291505552565894,21.604050120006068],[72.290094559929059,21.601733842383599],[72.289165256808928,21.600017522857186],[72.287958034601616,21.597941159944426],[72.287623314888265,21.597288866787601],[72.285903669881478,21.595713923228828],[72.284257934219738,21.594190234404323],[72.281115966787937,21.591555079105984],[72.280821964503303,21.591625287722042],[72.28023303701255,21.591593634361214],[72.280217316110381,21.590404560047013],[72.280059305495527,21.589896969645153],[72.279767874179782,21.588557965910908],[72.279492620324049,21.588027538151689],[72.2793961509241,21.587706744243675],[72.279061977819026,21.587231978612468],[72.278665982779444,21.586270094199396],[72.278412767100306,21.585429392994605],[72.278150551489531,21.585120450362467],[72.277719807052534,21.584302732270469],[72.277289363109404,21.583540398670326],[72.277027035185526,21.583209299691497],[72.27663147864466,21.582324949433747],[72.275512368091952,21.581233497542435],[72.274976004660928,21.58059350231575],[72.274583353716068,21.580251928047343],[72.274438939419866,21.579820579029843],[72.274317446907517,21.579245116382356],[72.274137976181066,21.57890254962193],[72.273494922925224,21.578240890029601],[72.272934834938908,21.577589920218383],[72.272339164581425,21.576928035886095],[72.271969863429092,21.576519881860886],[72.271516667526413,21.575923798689239],[72.270706317553405,21.574974888153147],[72.270491098377448,21.574588172473437],[72.270264915874165,21.574367669178805],[72.270144205984607,21.573936206057429],[72.269977121214112,21.57369327414381],[72.269845681902055,21.57347233225159],[72.269642134436211,21.573052328942541],[72.269510462297461,21.572787077933654],[72.269320045656002,21.572610717872358],[72.269164163343191,21.572245881103225],[72.269008164950449,21.571858889742558],[72.268970708946298,21.571493506015265],[72.268967962344036,21.570972877412569],[72.269049573560935,21.570728796260543],[72.269023025181085,21.570186122537294],[72.269032354647351,21.569709748021779],[72.269006975352553,21.569388618358953],[72.268991743900969,21.568746195005495],[72.268929319191841,21.568137221837034],[72.268832478581103,21.567738879499338],[72.268616750033075,21.567252465706638],[72.268521078770561,21.567075667325611],[72.268377280421475,21.566755083572311],[72.268113778251546,21.566191346917172],[72.267875420638276,21.565904430967834],[72.267802676873359,21.565583519157528],[72.267671598463139,21.565429038314456],[72.26737362512749,21.565064853808611],[72.267217931191951,21.56473324615968],[72.266845528574265,21.564318401942213],[72.267191821995368,21.563275894653529],[72.266771694638535,21.562568037315852],[72.26642659735397,21.562050265474046],[72.265652405389744,21.560876609425378],[72.265092679840492,21.56001358067644],[72.26444882231489,21.558986471792306],[72.263711855885916,21.557847258754784],[72.263572156301322,21.557674778842514],[72.263439988384391,21.557173336378412],[72.263195202596378,21.556369449457875],[72.262912367498998,21.555366648163879],[72.263120561897551,21.554482783085444],[72.263454802911696,21.552931828344821],[72.263967508413401,21.55189075931548],[72.264074782478986,21.549405994572158],[72.264220389637458,21.547846666864011],[72.264480267015358,21.546342502636449],[72.264606641393044,21.545640535769653],[72.264565430196569,21.545075320516368],[72.264365863396932,21.54348737772894],[72.26428737955743,21.543108415511941],[72.264159588420597,21.542078390500208],[72.263993813255567,21.541098638358228],[72.263883048185576,21.540397757746771],[72.263773145429738,21.539861484511533],[72.263645885584879,21.538931654424733],[72.263550610315789,21.538266487527576],[72.26343156436613,21.537443974784825],[72.263169013799825,21.536972812636748],[72.26232756539676,21.535509469968407],[72.261987893778965,21.534916988621205],[72.261952068637669,21.533915168371966],[72.261962624996343,21.533006177533942],[72.262007133360271,21.531273973087963],[72.262003548976764,21.530586914519656],[72.261563855766227,21.529880375899271],[72.260938875123372,21.528845457505653],[72.260029104586522,21.527468296093815],[72.259952165645316,21.527202369060131],[72.259778159427469,21.526736811460005],[72.259612364579951,21.526278861329672],[72.259295652454469,21.525473746441406],[72.259097030125005,21.524987275950117],[72.258799411852308,21.524317773267754],[72.258526575249633,21.523699761632745],[72.258229051634672,21.523047458716849],[72.258018389190667,21.522601178041132],[72.257602601424054,21.521593914256751],[72.257522020475164,21.521416531681314],[72.257555962687789,21.52087166499825],[72.25758981554587,21.520309597232217],[72.257628814916444,21.519558290072236],[72.257661240620592,21.51872100540529],[72.257700833952654,21.518084371793815],[72.257694042633403,21.51776969379334],[72.25735537961792,21.517192585076391],[72.257037197086632,21.516611386518875],[72.256571849358309,21.515815060964478],[72.256300315172027,21.515334352901125],[72.255748412711682,21.514149988730537],[72.25539084335233,21.513381943831067],[72.254908767671253,21.512319543277339],[72.254851618429186,21.511672421247365],[72.254796215036251,21.511363367718939],[72.254724584667557,21.510888945818202],[72.254598963019234,21.510378802271248],[72.254502900874925,21.509638345234535],[72.25427743051975,21.509143038696326],[72.254176355554208,21.508920508542488],[72.254050070089576,21.50828089121676],[72.253899947736812,21.507490325802376],[72.253797243214535,21.506951305358875],[72.253679389149084,21.506455511902359],[72.253561461811515,21.505945332399808],[72.253711593405413,21.505246922006982],[72.253824256107478,21.504735701785961],[72.253806214349424,21.504217878336238],[72.25380302629577,21.503599284073193],[72.253813913363089,21.502728866873717],[72.253564286578481,21.502017873899657],[72.253236912208138,21.50113459601565],[72.252926876174669,21.500632474924661],[72.252577930965273,21.500037017811291],[72.251996818047303,21.499133300610026],[72.251249336650332,21.49882611410063],[72.251031325948532,21.498765807860796],[72.250519406473046,21.498340759149052],[72.249430201300029,21.499240101733378],[72.249202428336275,21.500384034966199],[72.248620240820145,21.500754364569552],[72.24802707509555,21.501055172834789],[72.247169231181459,21.501516177021319],[72.246523012231506,21.501827155744898],[72.246407617062175,21.502105945623331],[72.245592594741339,21.502636319104322],[72.245148798609463,21.503075587649345],[72.244332906481873,21.503437006846926],[72.243739468070586,21.503688109657119],[72.24308281418925,21.504038875333201],[72.242521280748434,21.50429977031796],[72.242278085876805,21.504509557070151],[72.241812328740181,21.504809777496419],[72.241368262660032,21.505199345680005],[72.240520590036738,21.505580764489654],[72.239971023425497,21.506109934004652],[72.240014860690735,21.50637807571108],[72.239760737207646,21.506528277132116],[72.239497953167557,21.507066112907399],[72.238598871414951,21.507785654463117],[72.237318711446264,21.50875533365215],[72.235580268098317,21.509408994895544],[72.234327741622081,21.509543706670875],[72.232534231914428,21.509809982161492],[72.230941256626565,21.509826901333142],[72.230196802495755,21.509621452503964],[72.229676266029472,21.509593912840479],[72.22894535790941,21.509974763739372],[72.22814010441023,21.510355935732083],[72.228434736609202,21.511784616225349],[72.227938016146894,21.513696023180174],[72.227695713796493,21.51432870787346],[72.227363223322257,21.515335020116996],[72.22665142187887,21.517189939334962],[72.226117989272325,21.517895664746234],[72.225594444741375,21.518477604596107],[72.227295867081793,21.518145081848278],[72.227545675366542,21.519563648393564],[72.227174564284681,21.521485671515695],[72.226103139659358,21.522373103328292],[72.224757322880663,21.524671050449587],[72.224414966909961,21.525725662639648],[72.223779128515389,21.527679801487118],[72.224515773195236,21.529364702630929],[72.224702453459344,21.530293119983195],[72.224903305646379,21.530741374317575],[72.225724356634842,21.532751131736372],[72.225772770393917,21.53297226767604],[72.225789327585531,21.533047894563392],[72.226113912447943,21.53453045595748],[72.226317471105162,21.535520745550489],[72.226455669692029,21.536681677656606],[72.226858715398762,21.537841455558929],[72.227176303554501,21.538459555855241],[72.228127076347391,21.539911196380203],[72.228560932622329,21.540606221556466],[72.228745103948953,21.541023568759435],[72.22887979077025,21.541475977961628],[72.228855656870792,21.541615467352297],[72.229335779837641,21.54328597518947],[72.229714676584692,21.544573618451711],[72.230091663004643,21.545477963343792],[72.231067614450595,21.546983678677904],[72.231237600059089,21.547258974536742],[72.231283537740268,21.547333371521514],[72.231568304391089,21.547794554704886],[72.232132352628625,21.549134292748043],[72.231386876976913,21.549029154912628],[72.231103440970799,21.548627733809465],[72.23032447301479,21.548445302559834],[72.229594626796128,21.548154243068847],[72.228437782850875,21.548546478271259],[72.225778750419408,21.549797041469134],[72.225874598732815,21.550761663748084],[72.225306537426761,21.550755424491236],[72.224809803312709,21.551985904905063],[72.224281189999147,21.552423776778639],[72.224170787821549,21.552694312582314],[72.223950933261918,21.553427032626399],[72.22482690508609,21.553553898613583],[72.225398920081133,21.556225836829199],[72.224666508283178,21.556882383939271],[72.224678244028595,21.557370176075363],[72.224727618352375,21.557936207888385],[72.224786132244333,21.558467353963241],[72.225587420222638,21.558550982478547],[72.225658240437028,21.559683166760568],[72.226267620167917,21.560499391553307],[72.226904162552955,21.561158688808895],[72.226417242691667,21.562493667940505],[72.226200640070857,21.563879736727749],[72.226008111455783,21.564490378933005],[72.225602256558233,21.565276179471812],[72.224610733278169,21.566273602367801],[72.224178182490007,21.5673121484453],[72.223770537049958,21.567740781980422],[72.222692376595745,21.570054002940726],[72.222480465727571,21.570516630179046],[72.22202580966642,21.570858348728148],[72.222190217422394,21.572085953913479],[72.222873610342873,21.57281196737998],[72.224558202160111,21.573676618143445],[72.225153446836657,21.575342610751381],[72.225246053010153,21.575449858058672],[72.226321845259491,21.576543205287695],[72.228195861958682,21.578451200122934],[72.228392430531144,21.578633346237485],[72.229979364550715,21.580660989984192],[72.230612695178465,21.580722802927383],[72.230662943116627,21.581562254956697],[72.229747970097904,21.582718125325368],[72.229971341262882,21.58365370396292],[72.230174664361272,21.585181446575231],[72.230547397940597,21.586062543816485],[72.231481408630813,21.586402923948913],[72.231583273161107,21.588350945428161],[72.231806178987469,21.58918963736475],[72.232216710922629,21.590716464851301],[72.232151114930232,21.591405714409667],[72.232842856060486,21.591628735971884],[72.233239673633008,21.592714254947065],[72.233014131232295,21.593641039323746],[72.233247588735722,21.594285911762213],[72.233606251718214,21.594650341755425],[72.233641813321,21.594854720195336],[72.233898513518326,21.595542549098742],[72.234435865727463,21.597101104770196],[72.234523555070325,21.598510933294648],[72.234469098143478,21.599124778776844],[72.235187163354823,21.599993573266428],[72.235244574786677,21.600106879153003],[72.237242883548376,21.599592713302311],[72.237987317381126,21.599489888205113],[72.239133258838322,21.599461835209201],[72.240934596007889,21.599530383263126],[72.241810277416107,21.599480547422637],[72.242603706300798,21.599354515933488],[72.24406792467002,21.599133613287368],[72.244983944804318,21.598968743360878],[72.246995718223488,21.598569279651446],[72.248017756223945,21.598327359255254],[72.248078405293697,21.597385422723185],[72.248401397435444,21.59651886471228],[72.249431840929105,21.596322833007942],[72.249652506248125,21.59625293704142],[72.249930472802134,21.596182782616893],[72.250735040089111,21.596105149475825],[72.250823304162893,21.596288490594368],[72.251198560712524,21.597093208451891],[72.251397921946207,21.597653733899595],[72.251554469186942,21.598377776098907],[72.25173094982749,21.598734249677026],[72.252085285112145,21.599712590938292],[72.252547665936504,21.600476080361812],[72.252647641783895,21.600812483251833],[72.252780257307904,21.60112832295675],[72.253388028824304,21.602564861777239],[72.253653372815876,21.603216954522093],[72.254587717996955,21.604478477422671],[72.255247131629062,21.605343141705966],[72.255829987011452,21.606177527753378],[72.256303377223588,21.606951162868398],[72.257272003965184,21.608498329033338],[72.257767028048022,21.609231030082892],[72.257855096669374,21.60937353683051],[72.258095717099209,21.609464309880707],[72.258435003450913,21.609636294440797],[72.25877418410704,21.609787863354963],[72.2591457925638,21.609878037347425],[72.259497861887297,21.61040723100195],[72.259781614309247,21.610395727568665],[72.260076922279154,21.610506663294558],[72.260875132194528,21.61076501199215],[72.261212109690817,21.611189925401447],[72.260611769019661,21.611428582792993],[72.258246832721696,21.61192934931513],[72.256656695309999,21.612154354446496],[72.254638871597763,21.612236108985741],[72.25330043594316,21.612351057885547],[72.252136073763424,21.612970931964544],[72.25232562031546,21.613206317389142],[72.252692988857518,21.614101738980516],[72.252929625748862,21.614636240181873],[72.252951004245858,21.615077990454363],[72.252953787385522,21.6165374118846],[72.252945558876149,21.616791845868924],[72.252852967318972,21.617345689478721],[72.252979996321329,21.617911928102728],[72.253307223336307,21.619347564178536],[72.253634410995275,21.620774273191355],[72.253958504096744,21.62160294019067],[72.254561868073495,21.622898964416876],[72.254996563086976,21.62388333531155],[72.255220204675695,21.624667824350304],[72.25543933083776,21.625501427507501],[72.255644070635583,21.626321706339397],[72.255708117002115,21.626705241255415],[72.255825504058777,21.627249204970525],[72.256094459642739,21.628484258560899],[72.25610947583769,21.628618083021994],[72.256221976823156,21.629139753025282],[72.256389028556271,21.630053926707067],[72.256502019721012,21.630669319051062],[72.256485249898532,21.631115704408884],[72.256623363903429,21.631971989074628],[72.256743060347716,21.632957786936409],[72.256881549957569,21.633885478827523],[72.256906253880331,21.634046037513954],[72.25695696400868,21.634617081867809],[72.256974702412734,21.635273075000075],[72.25708900326967,21.636138393325343],[72.257178321659282,21.636789597112347],[72.257221255196953,21.637699871143987],[72.256390966097669,21.637761672387253],[72.256737472323294,21.63830012836819],[72.257338747719473,21.639176617143256],[72.257234357567953,21.639297596167687],[72.25701041869128,21.639378952005661],[72.255234187069249,21.639297772371737],[72.254627828106749,21.639278211597503],[72.253940388091152,21.639272405753413],[72.253214782634828,21.639271233145809],[72.252307827691226,21.639279804645042],[72.251596611964089,21.639291949094225],[72.250675520304327,21.639336280348701],[72.249525526573862,21.639426270027606],[72.248938537599571,21.639460158213623],[72.247858553939224,21.638313544199026],[72.24709597991874,21.637620731588601],[72.246837062569114,21.63739874064899],[72.245921471490448,21.636653052755154],[72.245609728657186,21.636368813539455],[72.24440134581549,21.635307550258499],[72.243942432167358,21.6351579763896],[72.2439322839044,21.635154668745091],[72.24386103218481,21.635131445501472],[72.242889125097733,21.634568979063253],[72.242084021148742,21.633952204874245],[72.241470633782313,21.633486316854544],[72.241187706035689,21.633233182021392],[72.240037002409238,21.632238574526159],[72.239892665613411,21.632016061967203],[72.239131842285587,21.631653472408562],[72.238602941925635,21.630901558887295],[72.237518805838732,21.629848616665399],[72.236933999356026,21.629364731682255],[72.236637084464604,21.629174134085815],[72.235387425761047,21.628420938649352],[72.2342704150293,21.627466307735986],[72.233224025894657,21.626314980574332],[72.232467386731088,21.626773553052637],[72.2313650283199,21.627459774362354],[72.231296229825446,21.62734512474557],[72.230216333329452,21.628055162626872],[72.229484892528973,21.628513607206198],[72.228753929310912,21.629068222634672],[72.227940351412457,21.629559079340932],[72.227762895805526,21.629726561528582],[72.227585215088709,21.62984916234489],[72.226703824644659,21.630494191695607],[72.226457856793061,21.630674795510437],[72.225542201226034,21.631326380359233],[72.225016163957036,21.631726203481737],[72.224721678187734,21.631804428565378],[72.223368280571592,21.632286436723525],[72.223355663693596,21.632290930117289],[72.2232635975314,21.632323718660153],[72.222893517919317,21.63237021075048],[72.222729215174169,21.632426493658819],[72.221768660213712,21.632328079532055],[72.220215869378364,21.632651127629494],[72.219130650351858,21.633228608896903],[72.217825643433045,21.633738640637411],[72.216001095373059,21.634584312107712],[72.215517377255807,21.634765924159119],[72.214632649051197,21.635214278484543],[72.214186383499111,21.635575254654825],[72.212984391449183,21.636589197353405],[72.212800107742481,21.636703797803154],[72.212755044786761,21.636731821031059],[72.212236881897738,21.637054048517417],[72.211347733956515,21.636604759682104],[72.210052849200906,21.635456181605502],[72.208836810923117,21.634221766501085],[72.207869538041805,21.633370988012494],[72.206755096203139,21.632338450459393],[72.205151309272566,21.630953355719473],[72.203654374171535,21.629434537255019],[72.201594085028248,21.628854479483916],[72.200453828503683,21.627586768361923],[72.199600180429897,21.62695410292929],[72.198534277338922,21.626401857334329],[72.197705306822456,21.62500026361894],[72.196922566425556,21.624367286065247],[72.195807549964698,21.623617153041433],[72.195792309171011,21.623606899612046],[72.195571458411465,21.623458319250989],[72.195313944017357,21.62296894540626],[72.194093860020416,21.620548298384023],[72.193761095496299,21.619883601250496],[72.192937616661027,21.618872993417423],[72.192083342720466,21.618091165697887],[72.19121050826341,21.617876080802343],[72.190676990816854,21.617470692315422],[72.189641482271668,21.616580246515586],[72.189036897642339,21.616881000031597],[72.188294617449188,21.617291678798601],[72.187004672066493,21.61655139286626],[72.18586484638611,21.616078900658589],[72.185343714957426,21.616041282473276],[72.183615428784165,21.614775870375937],[72.182197113075361,21.61385712458647],[72.181025057049453,21.613305197575574],[72.179980956898447,21.612832271917505],[72.178861331075808,21.612121049125559],[72.178296021189453,21.611725690757805],[72.176587028116089,21.61001275109351],[72.175807217885719,21.609210649738994],[72.175973896159363,21.608474292794948],[72.176750327313343,21.608550669186357],[72.178303052694119,21.608673586752914],[72.179430122744478,21.608708754145063],[72.179493350101197,21.606312566741408],[72.180896740928617,21.606333340405509],[72.181241409797678,21.606336136158184],[72.181217151665535,21.60603698154349],[72.181158915510764,21.604989831095683],[72.181086709812973,21.604213491294562],[72.18105159908464,21.603223246662399],[72.181003851990624,21.602788811181551],[72.181047197718712,21.60228275189613],[72.18112750342938,21.601534287978822],[72.181200823292741,21.600921229437521],[72.181310935480383,21.600030141360559],[72.181354679843054,21.599609581429775],[72.18132875545281,21.598954178416722],[72.181279341942897,21.598163494590121],[72.181146524942179,21.597458653230333],[72.181022161168329,21.596931904635209],[72.180854619858607,21.596946840287373],[72.180882161421167,21.596319718630038],[72.180897165167451,21.596269781535174],[72.180864625086855,21.595828158283496],[72.180720796066609,21.594396600742133],[72.1808033991678,21.594139759161255],[72.180863480033324,21.593954260707111],[72.180899639348439,21.59354085673467],[72.180829641419109,21.593234763531388],[72.180588843263834,21.59224535852184],[72.180432415293012,21.5913767349704],[72.180415647302695,21.59104904857297],[72.180257091733097,21.589724426435598],[72.18028693200425,21.58958892743949],[72.180255427610874,21.589368177794363],[72.179819332357368,21.587339302660617],[72.179678716333569,21.586591740022314],[72.179364473061781,21.584959590346561],[72.179243120297812,21.584666174466829],[72.176659128908625,21.5842572984266],[72.174484325895335,21.583894966520329],[72.170950708205936,21.583909241869645],[72.170440669167633,21.5839466443059],[72.170100859777932,21.584018708380004],[72.170150824597656,21.584610588624123],[72.16906561787502,21.584906574740099],[72.167769182153734,21.584469927014378],[72.167447132768842,21.584294477434092],[72.166643832522269,21.58425351014704],[72.165594596522311,21.58415166290877],[72.1641850407904,21.583768461229724],[72.163467824008237,21.583956898300215],[72.162419395489181,21.584031768639548],[72.161597200991451,21.583990852100079],[72.16121927286072,21.583992353215315],[72.160950513133415,21.583065530205356],[72.160203989539937,21.583041980392441],[72.159287319510725,21.583001426836571],[72.158389745823953,21.583004977980099],[72.158238295993314,21.582943717334782],[72.157133501117556,21.583089473515905],[72.155887339441847,21.583315312760583],[72.155296782753624,21.582257191061093],[72.155322940761863,21.581771050023061],[72.155375176891965,21.580781094060882],[72.154973474278989,21.579695716153125],[72.153925427400225,21.579850064524756],[72.152387112911839,21.580236091160124],[72.151685986255899,21.579796982999849],[72.151329610964353,21.580390460362416],[72.151047671853433,21.580727371173467],[72.149989060796713,21.580634298484767],[72.149858838379032,21.581094334041833],[72.148489738125321,21.581294086338417],[72.148384983647091,21.581108915826771],[72.148684409361366,21.580453806889981],[72.148617958647762,21.580383369170264],[72.148078715441088,21.580226401229261],[72.147132464650809,21.579903109190148],[72.146930526060572,21.579108557438488],[72.148082424611971,21.578936174821404],[72.148060502436863,21.578255805781563],[72.147407383132744,21.577984396574262],[72.147272640367092,21.577428184772771],[72.147205799250898,21.577269377219746],[72.14653477055974,21.577218960842309],[72.145379987182849,21.576737400213272],[72.143808300674863,21.575983493902875],[72.143515967750176,21.576108342634374],[72.143242022698189,21.576118237838365],[72.142656497410414,21.576173520421019],[72.142279522885062,21.576387064345003],[72.141561494114328,21.576389831506635],[72.140814111635365,21.576162944397947],[72.140236169198374,21.575794009382655],[72.139696912585833,21.575628176636609],[72.139487899816615,21.575363866686303],[72.139031388494914,21.574676326044546],[72.137142825675951,21.574904487500813],[72.136707383947055,21.574711736537012],[72.136311547303961,21.574934176276393],[72.135605015206707,21.575405239398631],[72.134449395529018,21.574720351926452],[72.133995523751551,21.574633709073684],[72.133880422382745,21.574236477983128],[72.133331269810839,21.573964616867666],[72.132961316415518,21.573621376341798],[72.132213615572752,21.573314917346273],[72.131684858267448,21.573387619967416],[72.131506426517063,21.573635735154511],[72.130910080847713,21.573372881891846],[72.13043793158235,21.573427691975795],[72.129842925187049,21.573474128187307],[72.128857898381511,21.572903438116477],[72.128818850068399,21.572611961223178],[72.128429748830285,21.572206922856097],[72.128415475791712,21.571818144250155],[72.128171975960029,21.570852872752489],[72.127498322974304,21.569453257546471],[72.126978119265658,21.568583288170924],[72.126296158695254,21.567199408953183],[72.125418375341297,21.565187844719567],[72.125352514610995,21.564516471355059],[72.125351049193583,21.564174775155873],[72.12537305763432,21.563432375036374],[72.125408268193056,21.562831319140795],[72.125304217275399,21.562065826296081],[72.123985641083749,21.563001611401724],[72.123050172774285,21.562215662268418],[72.121953582758252,21.562043015942418],[72.120983103590106,21.561905240971672],[72.119689291350412,21.562746637722732],[72.119021910186618,21.562796249340419],[72.118606746048229,21.56291561924095],[72.118405211827707,21.562916367212921],[72.11757353378006,21.562836971491969],[72.117133824686618,21.563109605527394],[72.116907297708011,21.563157575574849],[72.116327985252099,21.563183284750728],[72.116075071327231,21.562948563241328],[72.115911523719817,21.562996299103048],[72.11581274682176,21.563467977510751],[72.115624056392178,21.563527588843698],[72.115409378276766,21.563398770583198],[72.115181706952683,21.56317573731819],[72.114795104679146,21.563090283769615],[72.114085207646085,21.562765927427268],[72.113508462498316,21.562653168964147],[72.111938940463688,21.562340802829347],[72.111696175522553,21.563022153174874],[72.109770293598643,21.563338510729587],[72.10899593810386,21.56341203938668],[72.108552410126705,21.563528542365276],[72.108962578795854,21.564472617289745],[72.108162492575758,21.565173672684132],[72.107705865251091,21.564415345057778],[72.107516114597615,21.564221619966105],[72.106536050422889,21.564808440973707],[72.105470110365715,21.565192314253103],[72.105056125365749,21.565600326218682],[72.1046134668223,21.56592890699649],[72.102934580488622,21.566588938475107],[72.102632466853038,21.568923035525316],[72.099610745419923,21.569791139974317],[72.098554572238825,21.570266251807599],[72.098076728800123,21.570375212747951],[72.097882685045178,21.570494184810784],[72.097284155849451,21.571597204539845],[72.096555895133548,21.571900051971255],[72.096390878857349,21.571982525899315],[72.096051863268144,21.572329467880703],[72.095878830590181,21.57283048365834],[72.095812120395152,21.573167352806049],[72.095589894953221,21.573532072369762],[72.095298912740574,21.573733271159053],[72.095290709650044,21.57410632349346],[72.095563986603693,21.574332799742411],[72.095987853276924,21.575705099964761],[72.095852608025211,21.575933036804571],[72.095600342886115,21.576088607047353],[72.095564596076997,21.576862075008041],[72.095351571133094,21.577099387653384],[72.095323208157239,21.577299647644498],[72.095422633440961,21.577826983115514],[72.095317161014222,21.578200382967651],[72.094900424220043,21.578574894815073],[72.094882158840534,21.57886609982279],[72.094629516342124,21.578930688829431],[72.094606164455612,21.580359176583322],[72.094958866966266,21.580976588821471],[72.095027997473636,21.581231089060026],[72.095720821589566,21.581765400918609],[72.09607167107329,21.581927911537154],[72.096198571688234,21.582036634626558],[72.096121759049424,21.582282558641744],[72.0957915537535,21.582411113907749],[72.095529736210466,21.582612208882267],[72.09534595924957,21.582867613150196],[72.095220954354218,21.583222886397202],[72.095124052978136,21.583314213854177],[72.095144920044277,21.583659867545634],[72.094904226082093,21.5842703011092],[72.095006070928619,21.585389004882742],[72.095241314352265,21.585824873384325],[72.095096257100266,21.586034648398009],[72.094484798918245,21.586373462688066],[72.094106613272075,21.586665952041916],[72.094284084768546,21.587247597722079],[72.094450159090201,21.587419868947638],[72.095707659755675,21.588061340168895],[72.096789029396987,21.588448686127347],[72.097461095758007,21.588655532165244],[72.097824716725697,21.589554939098104],[72.097942233883927,21.589745577219229],[72.098780465112128,21.590142880987457],[72.098898021415636,21.590342616346359],[72.098696655745371,21.591052992429297],[72.098833593544228,21.591234461898434],[72.099058494021079,21.591515693822657],[72.099253762456911,21.591687854905661],[72.099362454158921,21.592096878026389],[72.099573520837353,21.593742873472564],[72.099398604103385,21.593788993892971],[72.099127118507781,21.594008325560257],[72.098662642631439,21.594610471035327],[72.098907266312438,21.594955318686235],[72.099904366794945,21.596125382135583],[72.099895913319983,21.596434747755108],[72.099413887347197,21.597500961199845],[72.098666570489712,21.597931261293706],[72.098570821538047,21.598304627461314],[72.09811407707582,21.598424544711889],[72.097160702040739,21.598427968176342],[72.096966583426138,21.598537841692306],[72.096355562599172,21.598994936940997],[72.095300343727459,21.600263349880453],[72.095184681321285,21.600527608300474],[72.095196232850483,21.600973373572234],[72.095100287144618,21.601301248058004],[72.095033154661408,21.601538038531316],[72.094956144654219,21.601738471918644],[72.095115340974601,21.602060137688216],[72.095784388855279,21.603320859418009],[72.096529172471222,21.604438581648004],[72.097281715786451,21.605584817291447],[72.097505445579884,21.606176322164995],[72.097914051751715,21.607188200624208],[72.09836745241536,21.607957284584529],[72.098530963670939,21.608748819031828],[72.098163804134629,21.609785932621978],[72.099035919296085,21.608710615782982],[72.09966329682068,21.608157528226378],[72.101262500107467,21.606850664266712],[72.101863755324004,21.607351832570597],[72.102046397335229,21.607313183676933],[72.102601174338901,21.606399461126951],[72.102684096208691,21.606001064407053],[72.104033013565171,21.604941540436467],[72.104536979880208,21.604561497167051],[72.104778410498341,21.604682234884269],[72.105908693314191,21.605247473771087],[72.107364606345911,21.60560583186265],[72.108460934112983,21.605529093087686],[72.108710849447647,21.605775471941783],[72.110161314482895,21.60668659755374],[72.110597927556029,21.606939561980049],[72.111239846146461,21.607926376216469],[72.111396193825101,21.608114907988909],[72.111585334185634,21.608703351486607],[72.112177448658557,21.608941193188155],[72.112894131028042,21.609207667130825],[72.113104589146289,21.609315991382598],[72.113276925449426,21.609606288754119],[72.114349055234413,21.609318673787232],[72.114716113972946,21.609673710240219],[72.115408671125095,21.609751156194054],[72.115509597134817,21.60970714294351],[72.115912746288302,21.609400171781957],[72.116338980344025,21.609034927651155],[72.116603514695285,21.609055767348504],[72.116589962968334,21.609528582803463],[72.116940114951362,21.609563651219879],[72.1171115643794,21.609643021741359],[72.117336100154375,21.609402169446749],[72.117429185856011,21.609343637518897],[72.117670449484962,21.609379108487868],[72.117701683886523,21.60940808575868],[72.117765295475678,21.609735148499276],[72.118093443742595,21.610083048471886],[72.118202641400714,21.610155375810262],[72.118226345588525,21.610242567427296],[72.118458967331009,21.610074416690082],[72.118739121168844,21.610109741493133],[72.118917359748309,21.609956339002117],[72.120317478199567,21.609980217407259],[72.120690872106366,21.609993371301151],[72.121850999900701,21.61027997100738],[72.122443043289536,21.610495956008705],[72.12356488167471,21.610920879608095],[72.125351855451768,21.611763614167277],[72.127044538797108,21.611769904925929],[72.128453188520155,21.611853227618287],[72.129291198659743,21.611495505568445],[72.131187432395237,21.61160228519681],[72.131761104047612,21.612739744850085],[72.13307514233037,21.612861375344174],[72.135336784454211,21.612916065602182],[72.136867373590405,21.613011513528164],[72.139237625216438,21.613129047904245],[72.14168907062836,21.613233572598212],[72.143680232183513,21.613365168107059],[72.141968835505807,21.61525851162321],[72.141888649459233,21.615499410765448],[72.141843090421503,21.617449628920099],[72.141762511886341,21.617601891206373],[72.141860097165235,21.618234645136983],[72.142068476726806,21.619424125986669],[72.142331362853241,21.620689371438971],[72.142506044993411,21.621674171365907],[72.142553572083287,21.621942110774075],[72.142901919750102,21.624156719476133],[72.143276018742512,21.626067324723174],[72.140816396343197,21.627229119557946],[72.13968139540188,21.627815970097828],[72.139357378258751,21.628045143306633],[72.139292506245809,21.628691185344852],[72.139431608908694,21.629526381832687],[72.13909649507444,21.630312751532724],[72.139584311758,21.630374188357752],[72.140287473593574,21.630130892156735],[72.141368654489924,21.629620220529603],[72.141775101830049,21.629656639686313],[72.142132526092524,21.63085820561621],[72.142148474869458,21.63140263537715],[72.142071302241249,21.63232730248259],[72.142087754688433,21.632985693496913],[72.142022221861353,21.63347978752882],[72.14213123746265,21.633631317445008],[72.14216308041469,21.634707514183305],[72.142193972560307,21.63556845052954],[72.142031957696474,21.635683039717716],[72.142282621182204,21.637239568774756],[72.142354033339259,21.638075023039878],[72.142107342857898,21.640481866167946],[72.142514380923913,21.640644906301375],[72.143206229925454,21.640895481232448],[72.143075502282628,21.641959643319431],[72.143092073741556,21.642643358045081],[72.143055310758399,21.643517217683872],[72.143083744351884,21.643821009302833],[72.142766871732931,21.645670970436566],[72.142703130175832,21.646570259248424],[72.143340382174756,21.646719743540427],[72.143275578022553,21.647378447806819],[72.142968096252005,21.648291342699729],[72.14263643633933,21.649862783736317],[72.144628832288589,21.650158965278305],[72.144351028354563,21.651654224754779],[72.145623948406552,21.651585969165499],[72.147210539879609,21.651997658833945],[72.147234902646616,21.65190272945031],[72.147302530332382,21.651639217919115],[72.147695772267539,21.650849483352935],[72.148187267053714,21.649850722881151],[72.148310269117189,21.649630010043076],[72.149332607963714,21.648119160799045],[72.149630013974701,21.64808322445376],[72.150559789735524,21.648056403566954],[72.151613392816586,21.647994318229603],[72.152295303878333,21.647991642086058],[72.152989613214672,21.647988914409893],[72.154327645577283,21.647763416920792],[72.154374836038258,21.647230036098097],[72.154540993039916,21.645583431745717],[72.154835412975189,21.644886799751607],[72.155139561431056,21.64359897777328],[72.155382343020634,21.642450491613065],[72.155607020473369,21.640038635460691],[72.156897691049593,21.640323318366097],[72.158758136578854,21.640489821349874],[72.160221805549952,21.64064628914597],[72.16033391212305,21.640761755626709],[72.160754591754312,21.640574624284582],[72.16083673521824,21.639554272586846],[72.161556378997787,21.63967891233963],[72.162548666653734,21.639779279744356],[72.163529775674675,21.640146283178787],[72.163951879731101,21.640272100249881],[72.164274083852447,21.640263087504007],[72.164435336742329,21.640258576677205],[72.164739512311797,21.641706258379525],[72.16470428163673,21.642135273143342],[72.164736770022699,21.643815864709886],[72.164726282016147,21.644233189206798],[72.164682048318852,21.645404075408042],[72.164646923003659,21.645856271931393],[72.164615139877256,21.64703869927931],[72.164579766899081,21.647268807078319],[72.165368050473518,21.647256202959902],[72.166694613592441,21.647174037282053],[72.167109921520861,21.647208196402794],[72.167115238079774,21.647208633683466],[72.167458186033983,21.647236840380717],[72.168633003398,21.647352876232848],[72.169619636584684,21.647403793245029],[72.170115258686451,21.647928747667525],[72.170789003028759,21.64888113047418],[72.171508813587025,21.649635716791572],[72.172217142955574,21.650445237111676],[72.172913177585613,21.651134044034531],[72.173302577728123,21.651538658547551],[72.17355198115888,21.652141446965441],[72.174049214104372,21.653006705486352],[72.174261201196998,21.653137583110617],[72.174660159592534,21.65307009402191],[72.175904004585973,21.652867429918654],[72.176619102429655,21.652601042342646],[72.177053696781186,21.652621227721273],[72.17728891585999,21.652697115904274],[72.178010778755635,21.653879812581813],[72.178342408060857,21.654482257429013],[72.178909469465736,21.655204499041787],[72.179346486837019,21.655740641832686],[72.179711299495011,21.655903821525822],[72.180206678423914,21.656362875922181],[72.181150266004138,21.657237260864044],[72.182329663231044,21.658308278076692],[72.182659513345556,21.658526485431732],[72.183908255317007,21.659355686462675],[72.184603507471849,21.659857816253162],[72.185675753790974,21.660610883953368],[72.185887814132201,21.660752723979151],[72.186679003630459,21.661671617673303],[72.186926401683877,21.661835266428085],[72.186774876154288,21.662077412292067],[72.187281418226263,21.662404660459938],[72.187037137893313,21.662899687626243],[72.187532303770979,21.663303828944418],[72.188941984432503,21.663385810536564],[72.189235581136174,21.66338459199584],[72.19103966106924,21.664903052856371],[72.19173543530367,21.66550395226432],[72.192427704391463,21.665369328876263],[72.194063011778482,21.665966296958096],[72.194333440535601,21.666031034866826],[72.196081778819803,21.665705348008895],[72.196415355259745,21.666691979551878],[72.196725764420648,21.667744576129127],[72.196929741222831,21.668643925200577],[72.197706764382957,21.669035873105727],[72.197697396508175,21.669529927461749],[72.199177342372664,21.669556634682319],[72.199327742695459,21.669083942472042],[72.199573049302501,21.668808456127721],[72.200408112488063,21.669057431198095],[72.201128388752593,21.669855792096715],[72.201269639582847,21.669921064027069],[72.203193479767194,21.669451844841856],[72.202728813226102,21.670507710369868],[72.202447213223039,21.670563792835694],[72.202158280177855,21.671531088208724],[72.20175407588026,21.6729489725439],[72.20145407960797,21.674059028684358],[72.201309894163643,21.675816133570741],[72.201231609335267,21.676628843454615],[72.201129780724344,21.677430674625651],[72.201063133154761,21.678221378959964],[72.201011149899884,21.679615816316858],[72.200732238027015,21.680231767543471],[72.200651666560105,21.680572428615321],[72.199935896522291,21.680718164763146],[72.199560313579923,21.680774639169815],[72.199265623132476,21.68055631950962],[72.198983102277396,21.680425772787036],[72.198884114279821,21.680406446636031],[72.198781156261887,21.680753253207399],[72.198515834523022,21.681421302346148],[72.199206842260324,21.681518790125001],[72.199020321581429,21.68261678647082],[72.198834386166766,21.683836692310532],[72.198727626521233,21.683973396842443],[72.197806601507793,21.683912731532356],[72.197911189408302,21.68405122549138],[72.199345547461178,21.685145561560457],[72.199627818609073,21.685331227710648],[72.200415166319729,21.685840030016706],[72.201499872371983,21.686589792297077],[72.202658467319708,21.687304631197499],[72.203348971971863,21.687689258395714],[72.203801726549642,21.687908797189042],[72.204833690307183,21.688464983817013],[72.206214017094837,21.689088886933749],[72.207312099635772,21.689534046653289],[72.20858083488352,21.690047675892934],[72.209567691505526,21.690458692474792],[72.210547250681742,21.690890496061563],[72.211690025928405,21.691383878710546],[72.212714604791302,21.691933125911611],[72.213724483977117,21.692503191575984],[72.214815243580432,21.692955252401752],[72.215267416188823,21.693050191030437],[72.216037962904551,21.693136833569831],[72.217149475398074,21.693291204248474],[72.21814995169234,21.693452968846728],[72.218757663903759,21.693554144842221],[72.219795339727682,21.693750341075326],[72.220543780921489,21.693857820183844],[72.220825406674223,21.693905040371696],[72.221365858204067,21.693881928724878],[72.222299008533739,21.693905549460201],[72.22290603432505,21.69386830168845],[72.22317254007362,21.693853298634949],[72.224075794024017,21.693821675167275],[72.224453303057203,21.693792344238176],[72.225460189332949,21.693753339944919],[72.226629530132811,21.693623650466009],[72.226941054282378,21.693726093771488],[72.22825463392158,21.694301658273773],[72.230028583034368,21.695124326392328],[72.231424095641174,21.695789471681742],[72.231764104149988,21.695964061477667],[72.233402132269831,21.697072316578119],[72.234239221130579,21.697576029861516],[72.234863492590307,21.697951677909547],[72.235567516911487,21.698325854698282],[72.237063089947597,21.699024597144042],[72.23855917907126,21.699821748987297],[72.243240881163388,21.702261466377525],[72.243751440402718,21.702554453177122],[72.244983710912734,21.703237898612837],[72.246074720494391,21.703757927971829],[72.247482630918753,21.704456967899084],[72.249224750672795,21.705285719133833],[72.250368621080767,21.705838288880617],[72.252146306786827,21.706748868538849],[72.253308094659459,21.707366952888446],[72.255068006325473,21.708228368302962],[72.256370763901771,21.708944213431373],[72.257620957918732,21.709676692413041],[72.256186772242685,21.714046757322592],[72.254909130290841,21.71815362955919],[72.25427045449949,21.720239869598618],[72.252716681850828,21.725283019757057],[72.251975594481735,21.727943862180435],[72.251112266904272,21.730736488905684],[72.250785080051244,21.731968285232824],[72.249093248657303,21.737520555382435],[72.248591984461655,21.739048409580963],[72.247158363934645,21.743631646230199],[72.246327772423001,21.74599759153956],[72.245043757047696,21.748972528017703],[72.243283566458501,21.748143830317716],[72.24111836807883,21.747087268971928],[72.238829368264078,21.745850785132006],[72.237788306693062,21.744854773795119],[72.234443790717592,21.743212823625175],[72.23199763289962,21.742124576866154],[72.227018213654162,21.740063183907566],[72.224520558261418,21.739188304736338],[72.222979220612118,21.738731133323263],[72.222920736850696,21.738701524445535],[72.222905873926891,21.738693999837832],[72.221523007181872,21.737993881197443],[72.220575991155201,21.737616907943902],[72.219189671594222,21.736925805774316],[72.218541862521519,21.736696241685141],[72.218292179846628,21.736502128680165],[72.217952499827973,21.73621545488561],[72.216994495386317,21.735624721714256],[72.2157970927625,21.734904886833654],[72.215657355140323,21.734812540125407],[72.214875911225363,21.733709802145533],[72.213820380661119,21.733509863793799],[72.212645244284602,21.733263958017165],[72.212495607746064,21.733180946212826],[72.211526370227375,21.732320671299487],[72.211059422699464,21.731774267228506],[72.210379155508633,21.731005694932769],[72.209658282086139,21.730069982116554],[72.208937964957386,21.729245804479667],[72.20877256848911,21.729110287047156],[72.208755071336626,21.729095950747361],[72.208068982882423,21.728533800084286],[72.207459428312646,21.727978699516814],[72.206730957966144,21.727517054882632],[72.205943213376088,21.727139315366902],[72.204766600617006,21.726577325115962],[72.2038093913132,21.726125935339724],[72.203131222839502,21.725775601726593],[72.20247281767746,21.725397296143615],[72.201346376338122,21.724918723990179],[72.201126940421034,21.724798816584556],[72.198785047812123,21.723944267276291],[72.196323407878822,21.723006531522344],[72.196094210199647,21.72292383873372],[72.19485789364245,21.722343436791729],[72.194040587289194,21.722012238651931],[72.192246558516402,21.721294725447127],[72.1908715832311,21.720835708835065],[72.189904771925967,21.720440047335053],[72.189406823576334,21.720321283474608],[72.188960206846275,21.720536929091672],[72.18791744754941,21.720903771835602],[72.187720206894653,21.720962401727309],[72.187566812212154,21.721007997655079],[72.18672753050113,21.721257471035301],[72.186713541613912,21.721261629159816],[72.18638966192303,21.720171047271027],[72.185731872663709,21.719162622845321],[72.185356298116972,21.718649885824952],[72.18457675958139,21.717537358266735],[72.184013844074798,21.716859772590116],[72.18342352548791,21.716304333071204],[72.181738316368126,21.715012470968922],[72.179642290722995,21.713635108079757],[72.177883256722922,21.712500410295153],[72.177593556899467,21.71238827642815],[72.177638727713926,21.712074286461636],[72.178024174515713,21.71072160390332],[72.17825332864625,21.709857701670209],[72.17838073216349,21.709177268690731],[72.178497903159041,21.708241910598414],[72.178592973497885,21.707255976329293],[72.178700858107888,21.706765213665321],[72.178797328809537,21.706078369251472],[72.178914900715569,21.705415954380619],[72.178918721860541,21.705111939674907],[72.178870903285997,21.704984652026212],[72.178796833414367,21.703734636478256],[72.178766738163802,21.702911020113106],[72.178699896975388,21.702719696797676],[72.178680947733071,21.702548087470543],[72.17859684864689,21.701786458357137],[72.178693143449493,21.701278890684485],[72.178254220480227,21.69973611266181],[72.17811682120211,21.699367821069313],[72.178363250875066,21.696681097525282],[72.178529008945773,21.695205004489594],[72.178878089138351,21.693370833660882],[72.179118149322136,21.692703159093664],[72.179118966202566,21.69270088710979],[72.17924333140661,21.69235499018831],[72.178327166893041,21.691609505283814],[72.176309010011565,21.689934850226301],[72.175554225044309,21.689407698218712],[72.174700621233413,21.688846364517495],[72.174143066233228,21.688295350031751],[72.173349960031942,21.687480175788846],[72.171999431261085,21.686137028155269],[72.171032785044332,21.685126590968981],[72.170214942099435,21.684288447305462],[72.169706485380999,21.683679584951012],[72.168912684776387,21.682703016769977],[72.168689106241246,21.682358116605808],[72.167970960269827,21.681738566756263],[72.16658602982794,21.680937266231304],[72.165955496157054,21.680593996531957],[72.165213658264278,21.680182010282525],[72.164224177823996,21.679552004324492],[72.163457527567701,21.679105529088474],[72.163037023405977,21.678842095106635],[72.161528143220906,21.677891398588773],[72.160984168493414,21.67759387117944],[72.159958095189538,21.677044671716857],[72.158783104050158,21.676288575633496],[72.157620718257547,21.67559005466298],[72.156504800186212,21.674257370428467],[72.155147114008841,21.673997620263474],[72.154912343316738,21.673894806108148],[72.152809327033552,21.671883938146042],[72.152770862143882,21.671847157894774],[72.151999630510005,21.67156490200399],[72.149435167445262,21.67047919297794],[72.148072993147281,21.669894490647817],[72.147536748923542,21.669416781725694],[72.14598814815831,21.669020819416748],[72.14485864705911,21.669278079693097],[72.144654034293737,21.668500817249694],[72.144558648631332,21.66856774712948],[72.144540023977413,21.668580815598368],[72.144356693915483,21.668709453631088],[72.143839605722022,21.669418195368149],[72.143067417891444,21.670478049788759],[72.142560471249638,21.671912935070388],[72.142505956000548,21.672133595634413],[72.143387064613933,21.672169085335703],[72.143353676508724,21.672460986142188],[72.143190507251944,21.673207256495481],[72.143069416040944,21.67405710454296],[72.142865917570305,21.675095302081427],[72.142539222452356,21.676510037105185],[72.142335257587433,21.67744449475806],[72.141661789278828,21.677310940305407],[72.141007701192322,21.679991279997822],[72.140470287447584,21.682392362858796],[72.140437779821553,21.682885257394737],[72.1401188416786,21.684494471320114],[72.14002452843809,21.685130247791545],[72.139789629478855,21.686920683011373],[72.139749609197509,21.68728393018451],[72.139422458778,21.688607886780275],[72.139226197172746,21.689723856711822],[72.13911831709818,21.690431006492023],[72.138978208312068,21.691695886946889],[72.138925539700736,21.692337985798339],[72.138881409541497,21.693343144313928],[72.138865629780298,21.694484353208626],[72.138836289319542,21.695696935934265],[72.136553948455344,21.695738131429547],[72.135333093828194,21.695781716000575],[72.134022133908758,21.695845087515149],[72.133509918021247,21.695778042001479],[72.130601796686349,21.6957539829057],[72.129498570351743,21.695711316901654],[72.128746509517867,21.695714169996627],[72.128095739324323,21.695950923590264],[72.126478906603339,21.6959804682891],[72.12540105123604,21.696007965465025],[72.124273057720387,21.696035644394907],[72.123959395254275,21.695966538586674],[72.122279536172584,21.69591427879087],[72.120988846304826,21.696001117744625],[72.120186695325785,21.696015834000583],[72.118855695113325,21.696142096886621],[72.11794120025192,21.696129968838886],[72.117027168763599,21.696226601993818],[72.115031983819776,21.696218475449566],[72.113935129181428,21.696331307851498],[72.112738319280908,21.696397887522043],[72.112422753377018,21.696476744690621],[72.112316425329354,21.696828125638593],[72.111232003191901,21.697006981872217],[72.110770546863193,21.697020339189326],[72.108826160349764,21.697365543524018],[72.107280124028478,21.697522754176237],[72.10681881192356,21.697571071133019],[72.105110960109158,21.697810453034727],[72.104836598294355,21.697823111048724],[72.104326850653933,21.698221309143285],[72.104089713194142,21.698187202084618],[72.103304530363843,21.698341602315409],[72.102057834786905,21.698497675187088],[72.101730778354863,21.698591759878202],[72.1017197321178,21.698594937548286],[72.101360154477348,21.69869837674289],[72.099964498085882,21.699029829907392],[72.099091895997162,21.699161212529059],[72.098120420195542,21.699514431294268],[72.095691217322852,21.700182819540828],[72.095654587824242,21.700098185418927],[72.095532324774055,21.699941254330906],[72.094358995412364,21.698983757017693],[72.09242193835162,21.698850804305838],[72.092215484991613,21.69869417143213],[72.089819754384663,21.698492883315847],[72.088948888497896,21.698286151494617],[72.087441250059314,21.697924301658059],[72.086561637704108,21.697866215828441],[72.085485112807618,21.697695164212305],[72.08506389375556,21.697635451268148],[72.08406168257784,21.697332985998735],[72.082597331716912,21.696799213364194],[72.082624011228646,21.696717629524112],[72.082055059908299,21.694813694386585],[72.081789931500808,21.694019028613564],[72.080461108795362,21.693910028242861],[72.079600197113635,21.693843096672413],[72.078944495221506,21.693626816478176],[72.077942254071061,21.693306827781189],[72.076193802054021,21.693531482015967],[72.074034153392702,21.693862455552132],[72.072575234586324,21.693972412721433],[72.071752261591755,21.694036451749035],[72.071021456422756,21.693750456313516],[72.069879529611867,21.69358827037798],[72.069542554529917,21.693536970964271],[72.067678400819958,21.695274442570696],[72.067266344397112,21.69516219578545],[72.066088504403183,21.694988449629236],[72.064771062338778,21.692999575383258],[72.063310700061933,21.691135389301621],[72.063225862634638,21.691059989533667],[72.063210052365193,21.691045938048973],[72.062641871626084,21.690540960677563],[72.062154519456357,21.689703300432775],[72.061053523231024,21.688021845154719],[72.059146939557749,21.687560540462066],[72.058657998222245,21.686928331378297],[72.057884784959171,21.685975640636752],[72.057663379952601,21.685869421746279],[72.056529288057831,21.685482260785754],[72.056202478249759,21.684646092080534],[72.055891594393387,21.683915466502103],[72.054409211177216,21.683702948252019],[72.053556482800019,21.683617274165016],[72.051577328801216,21.68342223364143],[72.051461291595814,21.683348851498351],[72.049793551036203,21.683408482883216],[72.049375027733589,21.6826574367132],[72.047675235229008,21.683902903649752],[72.046919499655644,21.684421225614649],[72.045677440576029,21.684967373107987],[72.044528552690792,21.685417034130126],[72.043248894895711,21.685919572765478],[72.042931112870406,21.685990556012737],[72.042829395184143,21.686305632037293],[72.042335320695329,21.686761877012955],[72.042157229321759,21.686666287620302],[72.04087888991927,21.687527261445663],[72.039225838549726,21.688249558221631],[72.039150287722919,21.68805746071509],[72.037824009818976,21.688612566803894],[72.036964634376872,21.688947579929422],[72.034785791091721,21.689155704858024],[72.032788405272669,21.690377391695634],[72.03220025743056,21.690702766124229],[72.031743809139456,21.691228802390885],[72.029892557849408,21.691497013244671],[72.029688322573165,21.691926066408818],[72.029261107117335,21.692775488924543],[72.028873604009249,21.694254270487463],[72.028855596647176,21.694446671085984],[72.028830277237205,21.695198638739424],[72.0289640229974,21.695958841898449],[72.029115841381767,21.696544129814452],[72.029296716472317,21.697400353697013],[72.029457733068384,21.697941897453866],[72.029864669680606,21.699217056085104],[72.03000650029621,21.699627517458211],[72.030008196197215,21.700090883862391],[72.030289267566005,21.70020364241033],[72.030541823751022,21.702747007442785],[72.030103915105386,21.703238008418438],[72.030200606418049,21.704094499548049],[72.029821001061862,21.705179827761803],[72.029430308048973,21.705793076100502],[72.028477446996206,21.70618080233675],[72.027230646744414,21.708064487309091],[72.027840743302548,21.708604602856227],[72.027806508401341,21.709478997600957],[72.028248208446016,21.710019647573411],[72.028032281478019,21.710333037560861],[72.027911094829989,21.711205055560342],[72.028173620345285,21.712143644602111],[72.027670180941911,21.712342555317981],[72.027663803079435,21.71234507522113],[72.026962765676515,21.712622054140763],[72.026300421288809,21.712885648388205],[72.025524210794714,21.713188340326042],[72.023950315333366,21.713590400504415],[72.022243914804704,21.713655509521988],[72.020575142602155,21.714577587956565],[72.020002005739215,21.714755440137665],[72.019998758897415,21.714756447670084],[72.019650299555309,21.714864578168577],[72.017579637642754,21.71547797280784],[72.015905427163418,21.714889191873368],[72.015817218424004,21.715215480288414],[72.014892354745029,21.716927495193662],[72.01448893439013,21.717440466367957],[72.013464305441587,21.718825283519184],[72.013358520226703,21.719879750515474],[72.012951573313643,21.722490772563056],[72.012824964995644,21.72385233403438],[72.012731758007817,21.725367307169002],[72.012513820830563,21.72568524657833],[72.012526188431664,21.726084348131401],[72.012474287858339,21.726893022640816],[72.012028504605155,21.727825727335699],[72.012185583973405,21.728879379917331],[72.012164583528985,21.729135303627743],[72.011901739112105,21.729146350534297],[72.008955067997846,21.729094025181421],[72.006282303596592,21.72906127906683],[72.006326654602631,21.729214658857501],[72.006583745518341,21.730687620039927],[72.006336904764282,21.732141653227938],[72.006994766603071,21.732323858968218],[72.007028381170485,21.732538677465421],[72.007273706153853,21.733776282737534],[72.007696597040379,21.735668341388013],[72.008017748036366,21.736660088098855],[72.008062355198064,21.736885106853528],[72.007449328958444,21.736999564475468],[72.007331349932016,21.737716330231727],[72.00729981696665,21.738095097633614],[72.006281090479732,21.738098215697338],[72.006198046215772,21.739408465870614],[72.005641721056293,21.739451075597398],[72.00563318735307,21.739451729190993],[72.005524021098708,21.739460090160357],[72.00551645365428,21.739460113265487],[72.003208182786551,21.738975060104206],[72.003358776015943,21.737888622250622],[72.003573701060375,21.737022578266451],[72.00333745297776,21.73698087547012],[72.002375922252043,21.737280743270126],[72.002112903230696,21.737374867499373],[72.000643781267584,21.737947758903097],[72.000016527849127,21.737754517146179],[71.999905591792739,21.737186409119627],[71.999651329435764,21.737187176558397],[71.999378436469073,21.737052252201181],[71.999432422849068,21.736907857556417],[71.999058030995926,21.736306606356351],[71.996990129710824,21.737042469331783],[71.996194136337678,21.7379526688593],[71.995977680730832,21.738386012942378],[71.995851392540118,21.73863243375661],[71.995887639678287,21.739003992579082],[71.995926688946085,21.739404272808443],[71.997474070461735,21.740451674467302],[71.99627017148093,21.741583689229383],[71.995226312441289,21.741722562583213],[71.994835912726657,21.74174918259828],[71.994510038621854,21.742055588373763],[71.994576771601288,21.74298016940709],[71.994769625936158,21.743607425618737],[71.994863808715877,21.74459131383021],[71.994513414177163,21.745695309673998],[71.994106407754458,21.746180125652035],[71.993575592429053,21.747640995159067],[71.9930250977784,21.748660742131268],[71.992330446666557,21.750020284884322],[71.991635782690466,21.751379824745083],[71.990949668508065,21.752586620409705],[71.990945455030115,21.752837471773269],[71.990934561995388,21.753485992158048],[71.991001192439526,21.754385121304825],[71.991293342726081,21.754833917555416],[71.991469412014368,21.755018664688492],[71.991712613218027,21.755273851328305],[71.992185684093869,21.755510002855086],[71.992340713806101,21.75569619432979],[71.992815119003538,21.756322613763903],[71.993208862146744,21.757263187954649],[71.993594514545194,21.758492248246146],[71.994198044565849,21.759289788014978],[71.993338974954384,21.759466456261677],[71.99266295200978,21.759674292689688],[71.99253855410106,21.760115710238932],[71.992098845867517,21.760396348571923],[71.992323989559381,21.76180702950349],[71.992469042530089,21.762806304397721],[71.991462801109378,21.763103328236031],[71.991577524594106,21.764440829955866],[71.990758930764287,21.764384454306484],[71.989893122483949,21.764328214429565],[71.988194674941624,21.764715476577688],[71.98652744700793,21.765029121723472],[71.986657419153218,21.766234268254518],[71.98776135340313,21.766892587158388],[71.989259612126958,21.767799659102796],[71.989467855469968,21.768872257015655],[71.989820247837315,21.77067950552614],[71.990060128033733,21.771796113149268],[71.990349078668956,21.7734565321541],[71.990767403438895,21.776130973053085],[71.990621708408995,21.779571566639621],[71.990706510894711,21.781364902702261],[71.990792316701558,21.783452265998292],[71.990923045046429,21.784863224881892],[71.990976674648181,21.786744861310524],[71.991091867857691,21.78821467167548],[71.991192775371033,21.790110868246469],[71.991373294961349,21.792271454885096],[71.991490553373993,21.794344019783388],[71.991607213961672,21.796240167695021],[71.991614637024028,21.79841596874493],[71.991594635329605,21.799474536611616],[71.991455798989904,21.80184679201307],[71.991259135779671,21.805728572150322],[71.990317433960925,21.806574256039195],[71.988495839380235,21.807932191303319],[71.988542143117243,21.809206183710586],[71.988627242116223,21.810571537043579],[71.988744606304849,21.812165484376301],[71.988386960704332,21.813996060676061],[71.990020636372847,21.817022991987201],[71.985927124150635,21.817698196411005],[71.98468658481184,21.817959441238937],[71.982757879540202,21.818673487462284],[71.981654398949871,21.818676710587532],[71.979377397240981,21.8183613401979],[71.975996928172734,21.818049123432154],[71.969443981056742,21.817745888524883],[71.966753423641165,21.817495918418182],[71.965856225703021,21.817305253443653],[71.962615187689323,21.817443166240643],[71.958547971254276,21.818034110318465],[71.957446128959148,21.818552364843651],[71.955998622639797,21.818813968300628],[71.953677568330448,21.818539646095374],[71.95378428707977,21.819215460968106],[71.954028060536245,21.819981046560248],[71.954199310431633,21.820709269688056],[71.954249194468119,21.821219969564062],[71.954510322136201,21.822383658821501],[71.954585530714965,21.823269904167216],[71.954659434920771,21.82374297603425],[71.954775157770356,21.824719257203991],[71.955244436045987,21.825551829526251],[71.95562626476017,21.82671518319945],[71.955739641228405,21.826947751601168],[71.956016597909709,21.828021245997789],[71.956237405289841,21.82914748108514],[71.956491877580007,21.830739385181378],[71.956723816146962,21.83283467486579],[71.957082995430866,21.834456336483537],[71.957287299818148,21.835447393430577],[71.957190937446839,21.835507758846038],[71.957792041715209,21.837294018078371],[71.95812756094783,21.839058475408716],[71.958186446486778,21.839862127016399],[71.958251775060745,21.840162437174371],[71.957474287687447,21.841111143771879],[71.956673104010306,21.842202645859306],[71.956473086460988,21.842563789411273],[71.956417287521646,21.842626024316445],[71.956372679648325,21.842675777302777],[71.956088212042033,21.842993054577931],[71.955567614961112,21.843760746800857],[71.955246655538303,21.844047099983708],[71.953521328582241,21.845539286448844],[71.953217236135927,21.84607349489238],[71.952712611592233,21.846811085152645],[71.952424985427598,21.84746544354611],[71.951946027978224,21.848691259749284],[71.951602160808861,21.849375819938874],[71.951370404948392,21.849887289972049],[71.952086345614802,21.849810205883543],[71.95215013017598,21.849622223843738],[71.952294407280647,21.849441533312209],[71.953428499622063,21.849273148586533],[71.953734044501076,21.849197185315578],[71.953869489421095,21.84876861229942],[71.954287166676409,21.848527069077857],[71.95460016231975,21.848263276555059],[71.955282430455483,21.848002846564121],[71.955800914493722,21.84783238793495],[71.958900153879725,21.8469448557954],[71.959377284501571,21.847056211709905],[71.95926706481518,21.848448169070949],[71.959675743525736,21.849799241039225],[71.960130908142787,21.850586761004664],[71.960406049090295,21.851695932221403],[71.960560874369278,21.852396459735644],[71.961166621915623,21.85239476665615],[71.961370975317692,21.852087487866392],[71.961359969908742,21.851857488316046],[71.961573634656247,21.851253060678182],[71.962198030546233,21.850666651199809],[71.962454052398698,21.850464656824499],[71.962690249758609,21.850483163442487],[71.962793627341583,21.850703319092581],[71.963050420463205,21.85074093657801],[71.963492294111489,21.850864294912625],[71.963954609271667,21.850958840747726],[71.964200826718951,21.850900640224186],[71.964221979533804,21.851092272594776],[71.964509636078233,21.851148970089479],[71.965198071003414,21.851319552030009],[71.965999380538065,21.851470642927026],[71.966533535928207,21.851555393835191],[71.967190894047533,21.851639793975703],[71.967920432922654,21.851819832581739],[71.968454715601069,21.851942915227632],[71.969584759602142,21.852150561848322],[71.969885069017039,21.852935642588434],[71.96922751580307,21.85279374633674],[71.968755393622658,21.852843012169526],[71.968119437312296,21.853026926132728],[71.967482419144517,21.852884964600779],[71.967060851815432,21.852694467475256],[71.966773066712861,21.852599436500633],[71.965858627742946,21.852391161599797],[71.966055688347893,21.853004018623686],[71.966693546246461,21.853404767256762],[71.967701674777658,21.854005739812575],[71.970088387686616,21.855455809284635],[71.971271337694873,21.856132937530198],[71.972413355988479,21.856848512685033],[71.97368011152308,21.857798596418782],[71.975502974230281,21.858944798701913],[71.978873823123919,21.860982062181886],[71.980172296414977,21.86178080988083],[71.981333415954566,21.862486901854684],[71.98416326236557,21.863970879738179],[71.984682446146323,21.864093751028474],[71.984608837379412,21.864898006777093],[71.984049933184806,21.867291411379508],[71.983350840981743,21.87015339949081],[71.982963994996638,21.871844033052653],[71.982630222373515,21.873107046474455],[71.982351750348556,21.874603984390646],[71.982136577455748,21.875469718923334],[71.981932066917693,21.87626417802586],[71.981748815845705,21.876895731457253],[71.981675333464494,21.87732960898829],[71.981641892361353,21.877527061518666],[71.981634062305446,21.878443077355382],[71.981683623510264,21.88021385183816],[71.981697910309876,21.881221401959049],[71.981756020578956,21.882289889943447],[71.981815499051336,21.883765481447661],[71.981927656563968,21.884691323217517],[71.982096904793067,21.886380324349961],[71.982254260134212,21.887774206824052],[71.982378595612488,21.889076586435323],[71.982514728997401,21.890643550901277],[71.98261719085292,21.891925638545608],[71.982673190098396,21.892363114670598],[71.982860190664709,21.892840917326517],[71.983343901406826,21.893989575695961],[71.983937877307582,21.895494126920958],[71.984300887956991,21.896419227796724],[71.984762260861345,21.897405104103871],[71.985355508390782,21.898685742557028],[71.985784075119895,21.899641179232063],[71.986014892010019,21.900169736596354],[71.986927167175125,21.902253461746657],[71.987356101530352,21.903310669124519],[71.98799388880218,21.904845606009339],[71.988334548228963,21.905597742265901],[71.988729341991544,21.906531424817707],[71.988807337183516,21.906715880913392],[71.989334596442177,21.907813500659657],[71.989807922680299,21.909084299086878],[71.990369242193779,21.91056856425811],[71.990578141513069,21.91105646871511],[71.991435706663637,21.913048728347544],[71.992183421853468,21.914807225566477],[71.992842988362682,21.916301364203541],[71.990805349155053,21.916887581807735],[71.990379517583577,21.916756542423844],[71.989407217717741,21.916301444021702],[71.988456738074163,21.915846274963776],[71.986437098436127,21.915312843975627],[71.98604444534341,21.91531400453712],[71.984595325084726,21.9157660961815],[71.984781330806229,21.915938568193738],[71.986291932740173,21.917532000227034],[71.986839160820665,21.918079974400626],[71.986416716592259,21.918946323912539],[71.985970932973942,21.919364924967624],[71.985262645599221,21.919570568958047],[71.984172598067104,21.919777334115068],[71.983868429562989,21.920144624419056],[71.983738950292064,21.920562288717687],[71.986211965599708,21.919679719609775],[71.989512825470683,21.918479145276905],[71.991256207375159,21.917954888252495],[71.993481981862132,21.918151778737396],[71.995578459671961,21.918807022136107],[71.997107209852587,21.919301113122131],[71.998670251724207,21.92024290141881],[72.002551786286432,21.920089827867763],[72.003501453644972,21.921507307996304],[72.004868897802965,21.923429416119266],[72.00587353294037,21.924745187369506],[72.006864085885894,21.926219696127159],[72.007942752908605,21.92772676079321],[72.008756108741593,21.928840623443371],[72.009304315618124,21.929610539799274],[72.01010009716741,21.93072444964184],[72.010489428937191,21.931347098768349],[72.011019765886601,21.932034977855999],[72.011179184616552,21.932329993644313],[72.011992592235586,21.93344383867414],[72.013141871469372,21.934983480809137],[72.013406699101324,21.935228913277729],[72.013725318615485,21.935753271081538],[72.014114621149488,21.936359493573711],[72.014538942936241,21.936916353584955],[72.01547640777693,21.938259633429279],[72.016307657658871,21.939422651083927],[72.017528370384909,21.941224711785672],[72.018218103944193,21.942174739928731],[72.018642399697114,21.942715171230734],[72.019013847282409,21.943239350996635],[72.019792303465692,21.944386098850909],[72.020376004547501,21.945205114390909],[72.021013521933725,21.946303050334961],[72.022429309788436,21.948482049172572],[72.022958327716012,21.948775876695951],[72.026018496953498,21.948257174048496],[72.030027889371212,21.947456262658353],[72.032030796777505,21.946579676647136],[72.034314749061693,21.945570815136264],[72.036230169778449,21.944842218086407],[72.03846040651139,21.94360363384089],[72.041691400922417,21.941770704400842],[72.044043345916435,21.940170465555461],[72.044017811189619,21.942031960362744],[72.04412732673218,21.94284250717272],[72.044344094518124,21.943867837769311],[72.044369076643846,21.945770909028543],[72.044364094852099,21.948199916877442],[72.044363990813551,21.948250647868406],[72.044362865407876,21.948799425957574],[72.04431128523737,21.949229874919716],[72.043843840589076,21.952259918071245],[72.043599762669174,21.953386068117716],[72.043460234012144,21.954015397427334],[72.043411040072513,21.955074705621488],[72.043006412069275,21.95596969754919],[72.042973697521333,21.956697968073126],[72.042517034566245,21.957907564466513],[72.041591088032064,21.961683824288727],[72.041031460689666,21.963820507381904],[72.040771543226199,21.965459727643236],[72.040491624755475,21.966503244459499],[72.039912282987387,21.968126965053507],[72.039756108836741,21.969054229630725],[72.039546644367604,21.969965119998797],[72.039109153593103,21.971571822135768],[72.038669406421107,21.972582762025358],[72.038584876118463,21.973691830420972],[72.038322295140247,21.974635991458104],[72.03802316555722,21.975298936838243],[72.037833419045825,21.976739331728471],[72.037481926377197,21.977634135227209],[72.037238319821611,21.978909214425226],[72.036765415727061,21.980549123623707],[72.03636291558125,21.982039859273332],[72.036277803914018,21.982999985569023],[72.035802702098493,21.984060680165442],[72.035644685195308,21.98450802183044],[72.035436601838228,21.985799530909233],[72.034873446665642,21.987042550129718],[72.034418358716039,21.988715491980749],[72.034014945854295,21.989974536841014],[72.033664202974464,21.991084467470746],[72.033562871487206,21.992458371766041],[72.03333472549285,21.993137626377038],[72.032719586931236,21.99472833776813],[72.032509302210514,21.995440631340447],[72.032177823803721,21.996964223077892],[72.031861554319661,21.997809252245197],[72.031125118628381,22.000194706591422],[72.030951419095089,22.001204762905466],[72.030284459660948,22.003192810255722],[72.029577011228071,22.003840510409546],[72.027503581265805,22.004625000097104],[72.025978862942708,22.005027075832547],[72.024772596886152,22.00516333334058],[72.023884973298706,22.005083426183699],[72.02338764935908,22.004969170721068],[72.022621947336148,22.004260002136032],[72.021499513412508,22.003055491851459],[72.020610333659207,22.00254529515842],[72.019598023384603,22.002333367460004],[72.019066183872937,22.002483993587276],[72.018428588562102,22.002833541568272],[72.017650282280755,22.003531062446097],[72.016801522976678,22.00437774364827],[72.016235258464633,22.004826353024054],[72.014961284716208,22.005872952185825],[72.014023643111628,22.006686800176517],[72.013386671907554,22.007218367030401],[72.012458718916221,22.007029576148447],[72.011484283852084,22.007477519212301],[72.010632100651179,22.00787359513069],[72.009533171043628,22.007863289979568],[72.008638372123414,22.007317110392503],[72.007846713345884,22.006802628905728],[72.007220648609831,22.005949107167076],[72.00624344913949,22.005677648001239],[72.005089650392861,22.0054067270157],[72.004458263746599,22.005815814708374],[72.003748512108331,22.006261737997129],[72.002789114681264,22.006863962149275],[72.001380940886634,22.006799654363373],[72.001000920514812,22.006151215156716],[72.000482758889859,22.005279038591947],[72.000384357236712,22.005196995120532],[71.999008314762179,22.004496691502752],[71.998762666297736,22.004392221769429],[71.998295738570235,22.004137460566476],[71.997396354774452,22.003664426769767],[71.996470075746672,22.003918839879717],[71.996330679632365,22.004742700125636],[71.995690007223388,22.003898326442044],[71.9953724262609,22.002856264074708],[71.99454630994893,22.00228692511827],[71.994229327682817,22.001414120754895],[71.994170287246405,22.001363977412254],[71.993858373313614,22.000536903499157],[71.992748170873327,22.000087351409626],[71.991554945304443,21.999743257749529],[71.991451820497019,21.999711544161737],[71.990116280408955,21.999349567648348],[71.988763821406252,21.999774472694227],[71.987636677294418,22.000102628977878],[71.987536086269145,22.000812000889418],[71.986838270700559,22.001889119741296],[71.985608088920713,22.002217568171194],[71.984980801978381,22.002402411008081],[71.984221110000689,22.002601366466539],[71.983783631066629,22.002341901770492],[71.982790712946056,22.001754696109817],[71.982809405858859,22.001480161162618],[71.982926653382378,21.999887832272542],[71.981100478703993,21.999495203306729],[71.98004369759083,21.998871570314915],[71.978402200048421,21.997956858019332],[71.978239992822424,21.997843641378587],[71.978238308993852,21.997842466105954],[71.978288475202788,21.999120895269016],[71.978389842248689,21.999743985940999],[71.978506124463067,22.000866976370162],[71.978511218712669,22.002385307932251],[71.976773134857538,22.003168059906926],[71.975054661390956,22.003882843315591],[71.974499558053054,22.004143680398577],[71.972602479178619,22.004895987944892],[71.971822515162359,22.005213013257489],[71.971069063284105,22.005542303020224],[71.97019630775776,22.005822554372511],[71.969773054321962,22.005928693938792],[71.969244184653689,22.006121544697432],[71.968662363442675,22.00631454512267],[71.967802694028151,22.00655154144091],[71.965680910141884,22.007427853504183],[71.963538861880068,22.008186924941697],[71.962844623740949,22.008417255564144],[71.962447872302178,22.008535645853307],[71.962051020171458,22.008623174747736],[71.960761835713171,22.009089713719188],[71.959472821678091,22.009611791486385],[71.958057919043625,22.010097178114361],[71.956338929104291,22.010706842293722],[71.954626582532086,22.011328814486433],[71.954547272541831,22.011366067290947],[71.953251497203169,22.011857254623042],[71.951413536534318,22.012535090151758],[71.950276266044739,22.012920891111722],[71.948782024084437,22.013455793505603],[71.947624765129675,22.013804598050292],[71.946976032518691,22.013787851779114],[71.946182761202522,22.014117136876003],[71.945475496651994,22.014433840159722],[71.945052506480252,22.014638670127773],[71.943347141465154,22.015408638244757],[71.9426860452011,22.015675827524692],[71.941734140206719,22.016085757631132],[71.940653451508609,22.017662565278002],[71.939539070994456,22.019054291652598],[71.939472972384948,22.019085329661273],[71.936779319201534,22.019234489894437],[71.936653645366931,22.019265685532805],[71.934965417799532,22.019177592387923],[71.933773739865174,22.019119029150012],[71.933535573383509,22.01916286440656],[71.931629394700153,22.019235789284874],[71.931480969706726,22.019239775090757],[71.931794124039342,22.021687244695336],[71.932786787978415,22.023255961817739],[71.933328586196438,22.026248194320072],[71.933115272167328,22.028295707685],[71.933099696427774,22.031667193774421],[71.933030777663987,22.034484939603598],[71.933169450062152,22.037615198047881],[71.933254489450675,22.040095390600069],[71.933314434787761,22.042816465842105],[71.933415596771411,22.045916435647118],[71.933768805315609,22.045823417402321],[71.935508696646281,22.044916241698374],[71.937114900875088,22.04413437408855],[71.938513252863359,22.043575215540884],[71.93980905086687,22.043571740348252],[71.941477678042915,22.043719990553406],[71.943012778780741,22.044035210854297],[71.943015415492354,22.044882218399042],[71.94541670991191,22.045931000553949],[71.945458828824769,22.045111642567548],[71.94753058808196,22.045564214033753],[71.949181370432186,22.044768221605125],[71.94968751453186,22.044683519503415],[71.952026011299367,22.044704851564443],[71.953957267946492,22.043130450415227],[71.956621939825894,22.042692592118691],[71.958884858015693,22.042380786177173],[71.962040911429384,22.041913691466316],[71.962159747893537,22.041816157880756],[71.963890800503094,22.042838787531963],[71.964353378415979,22.043101300195708],[71.966754110520938,22.043941487607132],[71.968796446736008,22.044491071342961],[71.971092323410488,22.045137098204876],[71.970956765900823,22.046094516205315],[71.970955543948008,22.046103146580155],[71.970874008513562,22.046679010576412],[71.970550691941796,22.047999057184214],[71.970418338854628,22.048513198868662],[71.970362845553737,22.049749162508572],[71.971674528238836,22.048958224222858],[71.972775437209052,22.049386616342058],[71.973398795678918,22.054118569867608],[71.974113672047324,22.055910201956511],[71.975246551593045,22.057228590607437],[71.976321807120442,22.058614570940588],[71.977694637012661,22.059568108552313],[71.977855184709313,22.061419780415886],[71.977649994186251,22.063506284884742],[71.976622689069401,22.067806963657947],[71.972691717038245,22.074975177585404],[71.970230874581532,22.079525703771424],[71.969927811451797,22.080741852945955],[71.969655690289031,22.081592280294952],[71.969044971624584,22.085562042050803],[71.968907085425755,22.088066379508369],[71.973260842873501,22.093532348903892],[71.975881089519575,22.097306495005789],[71.978301388369886,22.09665236194579],[71.980490949532452,22.096214561059139],[71.983219848195844,22.095573827439804],[71.98661155016346,22.094744146059629],[71.987937202374397,22.094366332895159],[71.991096012785718,22.093134634626651],[71.991851053039682,22.092844779014257],[71.995861360293588,22.092458801925396],[71.997072090529812,22.094525738428445],[71.997692646029947,22.096587273501083],[71.998313434715428,22.098709916526996],[72.002268991364005,22.098072310314148],[72.005603831428601,22.098622817658359],[72.00865174243836,22.099831999727783],[72.009694778318178,22.10024934237666],[72.01360006906647,22.101714580258243],[72.015766858682014,22.10245188003594],[72.01986884988527,22.103873207071526],[72.020276782015912,22.104176075061286],[72.02032424651884,22.104211314786827],[72.020775079968871,22.104546031696433],[72.021534378918602,22.105715352078999],[72.022506281574252,22.107097276167419],[72.024708248528228,22.110483749483002],[72.026226846427562,22.112867948185162],[72.027107633209198,22.114265058252641],[72.028003605969886,22.115555866466917],[72.029628505722272,22.117742647441986],[72.030904127957669,22.119656080795348],[72.031609881785727,22.120940325607332],[72.031665232245516,22.121041044481728],[72.03201884006981,22.120838321807994],[72.032554572191628,22.120454606300484],[72.03326655419832,22.119951771438462],[72.034112449369175,22.119349710457453],[72.035134388029661,22.118575840831756],[72.036353641771953,22.117649846486497],[72.037572704747845,22.116677744100478],[72.038221065066409,22.116181683090307],[72.038841124915436,22.115679127247926],[72.039447145172844,22.115202958165529],[72.040003637478733,22.114713779281306],[72.040426191990477,22.114317241203107],[72.041341869488903,22.113497585264085],[72.042124007799572,22.11287593779555],[72.042870826704728,22.11226098971111],[72.043681044798063,22.111593141877478],[72.044590073508076,22.110892032341539],[72.04544969708347,22.110210839832913],[72.046534809653437,22.109357661129327],[72.047612892612634,22.108517670262817],[72.048613578883248,22.107770131767161],[72.048831901327489,22.107571828270402],[72.048980110872648,22.107518644922038],[72.049585832367768,22.106983168860786],[72.049825302987315,22.106771621572626],[72.050346543353299,22.106322040790211],[72.051029738148358,22.105720441756993],[72.052339726959744,22.104556939998083],[72.052691853167588,22.104239636947622],[72.053945997922355,22.103260710300056],[72.054671642220384,22.102678709436592]]]]}},
{"type":"Feature","properties":{"Taluka":"Gariadhar","District":"Bhavnagar","Dist_Id":"14","Taluka_Id":"14008"},"geometry":{"type":"MultiPolygon","coordinates":[[[[71.633197742417522,21.702799396194365],[71.633372558554029,21.702746963079196],[71.633911146451823,21.70275306551861],[71.634295811408649,21.70271353495195],[71.635491919155044,21.702751781220986],[71.636065479966106,21.702757848077422],[71.63629627614182,21.702731512220499],[71.637156645139953,21.702770022136896],[71.637814140895273,21.70277601348619],[71.637961014402606,21.702762818193406],[71.638478562493404,21.702710094157869],[71.638709339348438,21.70266414524588],[71.639136051718353,21.702709543700035],[71.639274985799446,21.702860715689098],[71.639933617070696,21.702848437012381],[71.640335058331061,21.702830511565981],[71.640444984837558,21.702837502771217],[71.640516980478537,21.702842081575124],[71.641413971630186,21.702823732784037],[71.641746348870754,21.70274138030285],[71.643257944027695,21.702593529931928],[71.643301737416095,21.702476251158767],[71.643715635439733,21.702370376069972],[71.644116999001639,21.702276234937887],[71.64477559191721,21.702228764795024],[71.645390269208747,21.702175468507019],[71.645540797662221,21.702157750301616],[71.645358352278805,21.70162446412634],[71.645245184394923,21.701366633243854],[71.645125938081208,21.701302255144849],[71.644893219917037,21.700675219626934],[71.644622692175346,21.699872355268958],[71.64492358606509,21.6996786449726],[71.64577013382133,21.699419972811913],[71.646303189429162,21.699302262383917],[71.646692027213817,21.699237436323077],[71.646760972654391,21.699184616883091],[71.647168597994181,21.699090462836566],[71.647657808657712,21.699037269496301],[71.647708157016922,21.699201361997574],[71.648021764345302,21.699177634153777],[71.648460884134579,21.699212413868608],[71.649458159079586,21.699141173416454],[71.649513995391345,21.698543194204237],[71.65035449901751,21.698518986041837],[71.650962977446937,21.698553605492997],[71.651821850034025,21.698101443686532],[71.652172898775902,21.697895950235438],[71.652423678112072,21.697778478955954],[71.652799932933277,21.697684339919231],[71.653307867470488,21.697549044009154],[71.653960144400827,21.697483957172334],[71.654405457931347,21.697448370846281],[71.654888494279206,21.697494816763552],[71.65517705041664,21.697512133136367],[71.655283532937304,21.697371344315979],[71.655345975447119,21.697107493683149],[71.65544558730727,21.696409816616981],[71.656179859912712,21.696770619685999],[71.656681948838383,21.697035892228421],[71.656874399532029,21.697121686982179],[71.658045877916521,21.697675515098247],[71.659142102840548,21.698237223155502],[71.659585606363478,21.698455646652395],[71.660899198215589,21.698931156976428],[71.661643905640659,21.699250891165317],[71.662388616335349,21.699570621976914],[71.663476394045659,21.700030700598848],[71.664246292082524,21.700428558742715],[71.664290846838426,21.700440724633243],[71.664873755261596,21.700599889288043],[71.665308857458427,21.700771409340099],[71.666245910945733,21.701059666579788],[71.667408858086119,21.701410219020442],[71.66870565637187,21.701784075285246],[71.669784969388999,21.702126879988736],[71.670604847606228,21.702329255801622],[71.671930481639023,21.702560033918175],[71.672923150157658,21.702821917955664],[71.673116694799774,21.702123792443363],[71.673749214682545,21.700650798808621],[71.674157502033822,21.699880742286581],[71.675002111533004,21.700386564740764],[71.675143890441717,21.699191340203939],[71.675138356250443,21.69867344701845],[71.675169815984233,21.697979149622675],[71.675104353686095,21.697264830933822],[71.675071312658005,21.696651095946422],[71.675027432690939,21.695977001531219],[71.675037420799939,21.695333035610918],[71.67506935468036,21.695031147802869],[71.67503584022181,21.694025002762899],[71.675024320357494,21.693401183001381],[71.675034138194093,21.692616351772759],[71.675011524328085,21.691720874811214],[71.675075767517555,21.691429014588774],[71.675182587502306,21.690734637032367],[71.675289418661194,21.690050321152587],[71.675374778143649,21.689416336906881],[71.67538483755348,21.688832741258675],[71.675405857489551,21.688410122964367],[71.675491044953404,21.687635273352548],[71.675554151808527,21.686407665389744],[71.675757709233153,21.685592442907307],[71.675864643957212,21.684998682499554],[71.675992974268141,21.684294219313614],[71.676174971174163,21.683458895377335],[71.676292643512269,21.68284499952259],[71.676474489930527,21.681888933466336],[71.676549000974035,21.681194588670124],[71.67657006560313,21.680812217098591],[71.676623302915573,21.680329193058562],[71.676666044571817,21.680067540215461],[71.676676392730528,21.679725427276118],[71.676751134860552,21.67922225659466],[71.676868997864744,21.678769349010469],[71.677008390083628,21.678316418359085],[71.677126435963132,21.678014437707731],[71.677330440767491,21.677581561424553],[71.677469892010336,21.677178939393702],[71.677641698693691,21.676826591722847],[71.678028121711122,21.67592061339224],[71.678171284205007,21.675601608470171],[71.6779754332875,21.675429403993924],[71.677376224780716,21.675065416049385],[71.677103801775274,21.674853713108241],[71.677012707885126,21.674548539106489],[71.67713011695102,21.674115946316821],[71.677456057933995,21.673581373526641],[71.67775492601676,21.673165545662318],[71.677600016311487,21.672606047546747],[71.677200745492016,21.672521676715164],[71.676701662777177,21.672420451692595],[71.676311423702941,21.672302150067619],[71.676201766816575,21.671649325135228],[71.676183262416004,21.671352553225375],[71.676182767950124,21.670945525318736],[71.676154306092357,21.669919504598528],[71.675971552923244,21.668834289042355],[71.676124320814978,21.66763848059253],[71.675923592209116,21.666688959955966],[71.676041451136044,21.666629476677205],[71.676032142854012,21.666434451981061],[71.675795181807302,21.665527368275633],[71.676610918395525,21.664949878516197],[71.676819325261505,21.664754622094598],[71.676900668823677,21.664508622248125],[71.67691847052798,21.664228771013292],[71.676917922476107,21.663779343997717],[71.676908303036441,21.663329926623359],[71.67690800318816,21.663084013704314],[71.676943492443016,21.662431033806733],[71.677070201522284,21.662193465235621],[71.677114875009309,21.661633752895504],[71.677476502971444,21.660632754057502],[71.677603074704294,21.660284948185218],[71.677684300271991,21.659945670502353],[71.678019289332468,21.659419565978812],[71.678472033725228,21.658757657916333],[71.678743362969612,21.6581044237209],[71.678616751056168,21.657865284941348],[71.678720189732942,21.656434732613665],[71.678681154045847,21.655800016323163],[71.678651374086598,21.654914962770839],[71.678640996402251,21.654253394744622],[71.678381454823111,21.653171902190248],[71.678307489312019,21.652965254506654],[71.678055182609612,21.652260345591376],[71.677882342389168,21.651688353983381],[71.677633052573171,21.651161145234408],[71.677546404188277,21.650687403897447],[71.676750516043541,21.648927020420956],[71.676443856961924,21.648399870688618],[71.675772886362068,21.647113183420366],[71.67476615162721,21.644932819644957],[71.674478580099205,21.644360944506335],[71.674181426676768,21.643771198317868],[71.673816930280552,21.642841791611243],[71.673548534668242,21.642305655712224],[71.673404444114553,21.641760449388912],[71.673222296338921,21.641376207533451],[71.672905773723798,21.640571912348172],[71.67292490940055,21.640580832713038],[71.672589583936499,21.640044764710094],[71.672311858346646,21.639696382098307],[71.671382960202692,21.638561927296244],[71.671238470596421,21.637668048279806],[71.671007754027116,21.636631213276093],[71.670691873885744,21.636354389263303],[71.670222863222818,21.635961497868617],[71.669974057376024,21.635800827418066],[71.668337988144302,21.634997867003705],[71.667189964053165,21.63450731009743],[71.666682648616572,21.634051865067583],[71.666501412186548,21.63389748181477],[71.66577730360116,21.633200450808378],[71.665970065969319,21.633168928975177],[71.666067762140486,21.63307123280423],[71.666784200728401,21.63313636358497],[71.667305246973967,21.631649210758489],[71.667500639316302,21.631215005553699],[71.669237460135378,21.628153858859879],[71.670398959058232,21.625798295623888],[71.671071977125621,21.624441404358944],[71.671495327200432,21.623648979860143],[71.672461433781109,21.621771042349401],[71.672982480026747,21.620696384467582],[71.673177872369038,21.620403295954301],[71.674074758261497,21.618534446391219],[71.67548592517727,21.615798953600851],[71.676115522724174,21.614691730328669],[71.676506307408417,21.614138118692484],[71.676831961312146,21.614290090514316],[71.677298731907285,21.614496337986562],[71.677722081981926,21.614659164938292],[71.677840696094052,21.614662857373105],[71.679479749072698,21.61522059067833],[71.680322040186539,21.61547100155013],[71.680652127244869,21.615596206986034],[71.681300919048809,21.615812470920545],[71.682040769351616,21.61610841104169],[71.682723708092695,21.616347439601157],[71.683165721222295,21.616529556598731],[71.683681719382221,21.617030378342221],[71.684197717542119,21.617409788753946],[71.684668186452726,21.617819551998647],[71.685366301610216,21.618244491659706],[71.686307239431201,21.619094370981824],[71.686975001755741,21.619777309722906],[71.687681223694653,21.620206200612138],[71.688357255761574,21.620211821398975],[71.688616781059366,21.62024345274153],[71.688739669639759,21.620224158025781],[71.689012793987956,21.620211077633424],[71.689647846617788,21.620210354646417],[71.690419595096941,21.620305249226757],[71.690373701505692,21.621761103759859],[71.69162326707152,21.621708587788415],[71.692545101641102,21.621688367699324],[71.694211286284485,21.621692815234844],[71.694436655387463,21.621711707161985],[71.695092183006821,21.621698169212721],[71.695624881779906,21.621748624164013],[71.696464876296318,21.621805099733137],[71.696436578488488,21.6210772323941],[71.696366861443195,21.620017388934002],[71.696311129962808,21.619200162455162],[71.696268814718522,21.618204137327726],[71.696247734885333,21.617763590498313],[71.696199126296378,21.617163448674773],[71.696163976742511,21.616416433656749],[71.69529677728525,21.616417454165788],[71.695351035229294,21.61614283120338],[71.695446219969014,21.615836234634063],[71.695493228579195,21.615248750258953],[71.695368784170284,21.61410596358321],[71.695312717904187,21.613033332488158],[71.695290827486886,21.611986201522022],[71.695310300298161,21.611232736587841],[71.695323056325165,21.610562285811522],[71.69528115368945,21.609866358734095],[71.697029113215947,21.609851527588035],[71.698019178032894,21.609850352100967],[71.699323341022932,21.609855179800768],[71.70059340786753,21.609891963901362],[71.702327683964654,21.609857938278537],[71.703631873678034,21.609881887472621],[71.705475415173012,21.609860465466724],[71.706636171209709,21.60985264269339],[71.706854695386596,21.609871526431842],[71.707461579699853,21.609302496811093],[71.708600336496431,21.608241146186451],[71.708825200724505,21.607921609046958],[71.709534018916898,21.607026803691667],[71.709689965517441,21.606266780095616],[71.709873120520399,21.60543648584855],[71.710321449574266,21.603839643938098],[71.710401970125076,21.602862621193825],[71.710436542882348,21.602162593189679],[71.710523591517131,21.601762502178687],[71.710647934197638,21.601182860262206],[71.710909194008039,21.600064533778376],[71.711076463813882,21.598876085415164],[71.711100651195409,21.598673088012287],[71.711103411502904,21.598649921584414],[71.711305257870606,21.596955885856701],[71.711323592621568,21.596651486684152],[71.711359157201699,21.595281749863815],[71.711422498310014,21.594796307040827],[71.711429069333406,21.594026938528653],[71.711505001005534,21.593372526360273],[71.711565879597345,21.592941032022399],[71.711618651718197,21.592221936602584],[71.711625273963364,21.591488519209978],[71.711477801198157,21.590525208439491],[71.711338540142847,21.589921401289253],[71.711567999722376,21.589108607530179],[71.711544632974551,21.58890011891128],[71.711773169816624,21.587454580658459],[71.711963660905326,21.58628232128445],[71.711947960952315,21.58605944231477],[71.711969339734438,21.584901778501209],[71.712036948950242,21.583815958577482],[71.712082289912701,21.583276629009106],[71.712388265334582,21.582226456477034],[71.712563800069987,21.581349016846055],[71.71277851578094,21.580982037721803],[71.71307017908299,21.580665291940203],[71.713322803604527,21.579938748917808],[71.713422087737243,21.579492823500345],[71.713521392347445,21.579061278566538],[71.713728087974289,21.578471409300551],[71.713835131135781,21.578075805684012],[71.713865215796091,21.57762277845017],[71.71396425393732,21.577011476116411],[71.714070925743684,21.576364212391852],[71.714208208226466,21.575623435331906],[71.71476931331631,21.575579571060761],[71.715013681960727,21.574479140314558],[71.715135626127847,21.573767143359145],[71.715303436865966,21.572882519813344],[71.715395203882167,21.572558837723864],[71.715586402487418,21.571897082846476],[71.715655054002312,21.571537478993825],[71.715670345756806,21.571068963010301],[71.715670562100001,21.571062334586998],[71.715671383834419,21.571037157899593],[71.71567711505071,21.570861562191833],[71.715983753040732,21.570293131188738],[71.71594383774908,21.569293731006951],[71.715912003924771,21.568560361423071],[71.715888400296379,21.568193686563351],[71.715856290264767,21.567273369329879],[71.715878722536289,21.566849112335191],[71.715877838919724,21.566252318214602],[71.715915261144517,21.565569190760403],[71.715921308169811,21.56446187584584],[71.716919770784799,21.563921306210531],[71.71753420726867,21.563589751212131],[71.717979901431136,21.56350288516888],[71.717764736401364,21.56299084347916],[71.71784041089434,21.562331394324477],[71.717829600252514,21.561531406825118],[71.717829600252514,21.560990874731022],[71.717937706671478,21.560450342636898],[71.717980949238836,21.559898999901012],[71.718045813090214,21.559563870002759],[71.718110676941592,21.559336846523081],[71.718218783360342,21.558990905982903],[71.7179593279551,21.558947663415477],[71.717007991469586,21.558958474057299],[71.717139520945764,21.558529651929302],[71.716750337838008,21.558616137064408],[71.716326921031111,21.558677397368459],[71.71590530599758,21.558644965442856],[71.715429637754838,21.558634154800867],[71.71511612914037,21.558580101591467],[71.714889105660745,21.558536859023942],[71.714337762924814,21.558536859023953],[71.714153982012704,21.558536859023953],[71.713916147891453,21.558428752605153],[71.713537775425451,21.558450373888785],[71.712954000763943,21.558450373888764],[71.712813462419447,21.55846118453076],[71.712618870865512,21.55846118453076],[71.712132391981015,21.558461184530767],[71.711564160397586,21.558593014302577],[71.711458756639161,21.556963310038956],[71.711385784806509,21.556087648046461],[71.711312812973858,21.554003896823819],[71.711231733159721,21.552203924950611],[71.711118221419937,21.550225577486056],[71.710785794182016,21.550249901430401],[71.710583094646822,21.550258009411824],[71.710583094646836,21.550079633820761],[71.710607418590939,21.549098568070011],[71.710672282442317,21.54803642250506],[71.710745254274983,21.547679671323056],[71.710907413903257,21.546520229981173],[71.710883089958983,21.546333746408767],[71.710712822349365,21.545377004602308],[71.710672282442303,21.545133765160013],[71.710493906851184,21.543925675929582],[71.710407658146664,21.543197944696608],[71.707208062893756,21.542727249876975],[71.703350941043723,21.542567979571238],[71.698968714899479,21.543016113062954],[71.694833709474835,21.543696753253197],[71.695081852053988,21.544362817358028],[71.69552869191854,21.544896142357683],[71.696494442593277,21.545933963978317],[71.69675389799842,21.546323147086131],[71.696292643944801,21.546294318707666],[71.696162916242187,21.546438460599507],[71.695744904756154,21.546380803842784],[71.69552869191854,21.547173584247325],[71.69511068043245,21.54718799843663],[71.694894467594807,21.547404211274117],[71.694649426378803,21.547332140328308],[71.694346728406018,21.547274483571584],[71.694058444622499,21.547245655193368],[71.693525119623075,21.547404211274127],[71.693453048677227,21.547793394381934],[71.69330890678539,21.548038435597835],[71.693568362190604,21.548067263976293],[71.693539533812185,21.548312305192265],[71.69330890678539,21.548643831543306],[71.693193593271999,21.548759145056739],[71.693179179082847,21.549162742353651],[71.693107108136985,21.549451026137142],[71.692962966245162,21.549897866001466],[71.692256670975596,21.549753724109792],[71.692256670975624,21.549566339650529],[71.692285499353886,21.549407783569574],[71.691435062192625,21.54935012681289],[71.690800837868892,21.549335712623755],[71.690353998004412,21.549724895731341],[71.690181027734312,21.549811380866512],[71.689964814896655,21.549998765325761],[71.689748602059126,21.550214978163403],[71.689532389221498,21.550618575460359],[71.689244105437908,21.550921273432998],[71.689140803748799,21.551257604513804],[71.688838456185465,21.552049253022684],[71.688768806169705,21.551986568008534],[71.68874791116491,21.551805477967434],[71.688740946163364,21.551185592827089],[71.688727016160058,21.550482127667685],[71.688873281193196,21.549346832410606],[71.688887211196516,21.548636402249709],[71.688439731755793,21.548742311754335],[71.687276419194859,21.54903885430787],[71.686221476046342,21.549252233785523],[71.684811631966113,21.549567486327483],[71.683510204276274,21.549836477693873],[71.682080382992112,21.549957983198738],[71.680334944668118,21.550052140112811],[71.678727559130039,21.550136904842997],[71.67892298706802,21.548660535124956],[71.679049979213346,21.547673216588692],[71.679176981019069,21.546695123842362],[71.679382386353552,21.545320228367512],[71.680269904404625,21.54530081933439],[71.681995585872755,21.5452251369544],[71.68323712284996,21.544411889049805],[71.683956396234819,21.543922118964538],[71.684744671471549,21.543413817345748],[71.68594672037996,21.542591367008633],[71.687188200994626,21.541768863759099],[71.688262216434396,21.541094156481506],[71.689365650038283,21.540299470810442],[71.689443378614214,21.539404459839322],[71.69002381823168,21.538352034676489],[71.690417142852525,21.537493567308896],[71.690672734534758,21.536884358714062],[71.690780385778737,21.536256866927708],[71.690816206294372,21.53587549045454],[71.690823123452219,21.535801844353049],[71.690867916387276,21.535324939670538],[71.690867289369919,21.53484518776407],[71.690955120225894,21.534143910297235],[71.690973707825165,21.533276643754906],[71.690776348304794,21.533166157376122],[71.69092404228644,21.532999920173271],[71.692244748128715,21.532518650884132],[71.692964188685607,21.532222587916912],[71.694039087795943,21.532285923396206],[71.694205639807421,21.531473840366917],[71.695329837001069,21.531537110180452],[71.695388630512824,21.531260260913953],[71.695605551501046,21.531250780739455],[71.695615127930978,21.531038571180364],[71.696068591291692,21.530945778793406],[71.696087284510639,21.530179997589649],[71.697231131235881,21.530197101494764],[71.697476247698432,21.529163497868282],[71.697819027750427,21.527437826735191],[71.698240368776851,21.525481410805128],[71.698632256445478,21.523626514719528],[71.698749586193188,21.522897519313748],[71.699106029027519,21.521170034218873],[71.699249856006816,21.520738588987175],[71.699504006301936,21.519560853084037],[71.699646706340218,21.519177777616331],[71.699809604246582,21.51860322539688],[71.699931593535155,21.518038294609706],[71.700176224795598,21.517387063076175],[71.700390176957072,21.516745440600118],[71.700522707644254,21.516410239616338],[71.700950709546973,21.515203574241983],[71.701144393014488,21.514705564462233],[71.701542012231641,21.513728677045048],[71.701644059480373,21.513546673916199],[71.701868136945222,21.512838028707385],[71.702184398685191,21.512215425209781],[71.702551408226157,21.51130558065557],[71.702653240272809,21.510970415063579],[71.702704136217676,21.51078847331997],[71.702836430565981,21.510290535902762],[71.70297658291453,21.509831370567891],[71.703152110903815,21.509256308009746],[71.703397019661963,21.508825241463395],[71.703600889294094,21.508308070894429],[71.703774256055567,21.507924954136236],[71.703988365841838,21.507417343193598],[71.704079762247673,21.50693859985779],[71.704110249852633,21.506794973092372],[71.704364792468937,21.505942697354211],[71.70451748183271,21.505406442885647],[71.704894260169056,21.504190256327941],[71.705210396598289,21.503500638360773],[71.705230438432409,21.503203861978992],[71.705250466758955,21.502897512963671],[71.704948287164868,21.502465560549748],[71.704461788698325,21.501752183412524],[71.703687689608032,21.500844435667435],[71.702815021409705,21.500298426859334],[71.702011958908614,21.499928504566359],[71.701367542978062,21.499641838676052],[71.700772669387462,21.499355110737898],[71.700544620933229,21.499234843645127],[71.699067351027168,21.498513364358818],[71.698115739612263,21.498180689627134],[71.698184868761587,21.498013704641654],[71.698470876586683,21.497039764269744],[71.698648059100847,21.496186493822545],[71.698825453761572,21.49549085350991],[71.699003010682191,21.494915753860258],[71.699061901718792,21.494507698469032],[71.699219502504036,21.493830625990771],[71.699367194310184,21.493153565141942],[71.699356844698855,21.492829043716025],[71.699593613699562,21.492086969537755],[71.699652552612136,21.491716003340798],[71.699760762605308,21.491150257913375],[71.699828886577507,21.490250754060298],[71.699955756878126,21.488841197938132],[71.700103326371959,21.488080684649393],[71.700162351214033,21.487774624804501],[71.700309817112213,21.486939932176085],[71.700378088265907,21.48615169631444],[71.700660803243736,21.485211753815101],[71.700824258247962,21.483999963607744],[71.700882643968214,21.483230283974489],[71.700683108615536,21.48221055917422],[71.70061350691492,21.482025194618696],[71.700294422316006,21.480514175055021],[71.700214192701253,21.479800295792465],[71.699854403016445,21.477491896405116],[71.699444613606204,21.474831203471012],[71.69931463311265,21.473950479117143],[71.698304710387603,21.474331848901276],[71.697710158709185,21.474202739157533],[71.697916687082397,21.473089804960114],[71.698182598911856,21.471939710343797],[71.698389082987532,21.470798958103558],[71.698566298402739,21.469992047331065],[71.698792299366076,21.4686380055171],[71.698999491975101,21.468025779325941],[71.699057932045662,21.467293188464915],[71.699097076542898,21.46694078982431],[71.699412458991219,21.465762816377161],[71.700631240169628,21.46603953157619],[71.702533610958383,21.466380318443552],[71.703207393730693,21.466518587519378],[71.703405825982472,21.466617843111585],[71.704128882754446,21.466673462863177],[71.70370617264166,21.464281813540886],[71.70336133018111,21.462657716791501],[71.703283462528873,21.46185679236731],[71.70336936414536,21.461384642475203],[71.704417487465932,21.459703689979893],[71.704889637358136,21.4588978215777],[71.704859973490443,21.458601182901933],[71.704681990285067,21.458438031630397],[71.702946654032587,21.458082065219571],[71.702516527952739,21.457859586212802],[71.702071569939392,21.457132821457606],[71.702012242204162,21.45643572056979],[71.701819427065004,21.454581728847021],[71.701819427065004,21.453068871601147],[71.701789763197553,21.452623913587615],[71.701804595131264,21.452238283309327],[71.702012242204148,21.451971308501193],[71.702444222275574,21.45179332529575],[71.702800188686396,21.451604218140073],[71.702866932388361,21.451437358884895],[71.702855808438073,21.451036896672917],[71.702855808438088,21.45054744285801],[71.702789064736123,21.450013493241727],[71.702644453381779,21.449757642384093],[71.702377478573638,21.449568535228355],[71.70232185882179,21.449201444867242],[71.70226067709514,21.448300404889896],[71.702320004830185,21.447885110743933],[71.702646307373413,21.447529144333327],[71.702868786380179,21.447247337591257],[71.703076433453205,21.44724733759125],[71.703284080526075,21.447380824995488],[71.703625215003157,21.447380824995491],[71.704070173016532,21.447277001458875],[71.704248156221979,21.446995194717015],[71.704589290698891,21.446298093829281],[71.704648618433964,21.445853135815689],[71.704589290698891,21.445126371060503],[71.704025677215228,21.444829732384736],[71.703610383069304,21.444592421444266],[71.70353622340032,21.44417712729831],[71.703506559532869,21.443331707072794],[71.703936685612533,21.44248628684721],[71.704085004950443,21.441789185959234],[71.704173996552996,21.441003093468797],[71.704277820089615,21.440706454793204],[71.704440971361109,21.440246664845912],[71.704529962963832,21.439890698435082],[71.704989752911104,21.439371580752713],[71.705138072248857,21.439119437878325],[71.704678282301657,21.438259185719065],[71.704648618433964,21.437324773890797],[71.704485467162499,21.437102294884017],[71.704322315890806,21.436583177201669],[71.704707946169279,21.43581191664493],[71.705326715906722,21.435303922912844],[71.705109798875185,21.435245522173503],[71.704751051476819,21.435170435508777],[71.703950127052437,21.435028605141952],[71.70362475150516,21.434961861439987],[71.703215946330218,21.434878431812539],[71.702732054490525,21.434795002184902],[71.702106332284032,21.434628142929967],[71.701914444140797,21.434586428116113],[71.701522324891357,21.434494655525903],[71.70061294195142,21.434369511084579],[71.699812017527009,21.434269395531597],[71.699503327905234,21.434160937015797],[71.699052807916644,21.434052478499883],[71.698226854604115,21.433835561468353],[71.698135082013891,21.433093037783301],[71.698126739050977,21.432634174831939],[71.698085024237287,21.432375542986563],[71.697934850907686,21.4315662755996],[71.697751305727252,21.430823751914613],[71.697667876099572,21.4303148311866],[71.697626161285939,21.42995608378823],[71.697521594897523,21.429374587490713],[71.69745285494885,21.429398025908153],[71.697405072889126,21.429414318266193],[71.696229957614648,21.429815000006261],[71.694456611878479,21.431547462155091],[71.692990046088951,21.43236346148381],[71.691902946386961,21.432398639990531],[71.689800278496477,21.431739414998212],[71.687569799947084,21.430299932691923],[71.687243574682498,21.430232439113926],[71.686266385669072,21.431200513877332],[71.685525181637033,21.43252457927673],[71.684167483838962,21.433510027452787],[71.681957927433345,21.434309781282138],[71.681541539763245,21.434598632208644],[71.681761534838003,21.43666808023989],[71.681563709111572,21.437872784423423],[71.680712560853749,21.438263891955145],[71.680332086571241,21.438298231450855],[71.678256448168398,21.437512677779125],[71.676946875121416,21.437126090007048],[71.676532589201031,21.437214703852703],[71.675139534558525,21.437895126226476],[71.67349224093681,21.438628706592493],[71.672635308138183,21.438726586555166],[71.671505042861781,21.438648389232579],[71.669230415707943,21.437859017786312],[71.669224947548869,21.437857120152792],[71.667312379660601,21.437241806144542],[71.666389354532285,21.43718981996313],[71.665005085643429,21.437349907679163],[71.663734577619138,21.438180014848104],[71.662605239169352,21.438930616405408],[71.661541544567967,21.439434252592875],[71.659950039689534,21.43958568078039],[71.656870252219861,21.439544506418372],[71.655146625560462,21.439449118236205],[71.652641431835164,21.439486691577088],[71.65046608030741,21.439726737545971],[71.649166344717528,21.439701447594299],[71.647960533464371,21.43942035237006],[71.647152535839098,21.439630582141433],[71.646585344937193,21.440020525886268],[71.644387480192805,21.440889036954669],[71.642295963742242,21.441030834680241],[71.640558941605505,21.440871312239093],[71.638999166625538,21.440676340366519],[71.637510290508374,21.440676340366497],[71.636446807567395,21.440924486386159],[71.634195768675923,21.441491677287917],[71.633495926229969,21.441790155664751],[71.6320145226439,21.441005780023051],[71.631051311350134,21.440151673033668],[71.630064109125271,21.440060025151613],[71.627596470404427,21.440246759400193],[71.623919541674226,21.440365043451134],[71.620958461131011,21.440713775435263],[71.619354458995957,21.440807344353221],[71.617084365999688,21.441178618266484],[71.615554336170334,21.441202785749532],[71.614443582967823,21.440903191077766],[71.613664818242768,21.440498510071322],[71.61213644229305,21.439907612705237],[71.610187622797923,21.440698144031689],[71.609186714713147,21.440896109133543],[71.60860730185064,21.441093795353616],[71.607000772494544,21.441686757858395],[71.605182595454735,21.441046654671208],[71.604550436518593,21.441170368990328],[71.603944655108222,21.441343391888196],[71.603154622385219,21.441738499247361],[71.601916997515076,21.44250383097577],[71.60107448601336,21.443219588102838],[71.599941861566066,21.443466904781559],[71.598308678832481,21.443689844845746],[71.597018079014418,21.444085216448098],[71.595727681398429,21.444801205624056],[71.594094445605833,21.444974777307262],[71.592724493634734,21.444901550780404],[71.592246510170796,21.444471010021282],[71.591672037583095,21.444087325088411],[71.59057813748575,21.443883120275196],[71.589621133743591,21.443960435474445],[71.588008156702045,21.444524492056267],[71.587024091429569,21.445088207315614],[71.586230994692116,21.444909417506256],[71.583742367618825,21.444424280286359],[71.580105281390857,21.443914059463065],[71.579202863635501,21.443812088694049],[71.575949024448732,21.444069597008738],[71.57373409352833,21.443993787141469],[71.572667867268621,21.444403854088197],[71.571820541333395,21.44512102096456],[71.571246653926863,21.445838067347275],[71.568977129560679,21.446018218240816],[71.566379300350775,21.445840068315928],[71.564656393392696,21.445405541959879],[71.561483936390403,21.444254735211359],[71.558749261377983,21.4436669161536],[71.557463959722369,21.443360161674217],[71.556041815457121,21.442720642468462],[71.554948051105043,21.442721005047972],[71.551994977956369,21.442977948843982],[71.550838148162413,21.443540398285908],[71.550052012805111,21.443710491567398],[71.549352068958441,21.443819921068574],[71.548782072636214,21.443909032238842],[71.546816204998748,21.44272059877882],[71.544760035754507,21.44277777997377],[71.54349014675698,21.443146136916756],[71.542552740227677,21.44306144961666],[71.540889589017127,21.442863698293568],[71.539438146501865,21.442807427714758],[71.537835565944434,21.442949344603345],[71.537079685301492,21.443232607766046],[71.536081923946156,21.443629157426628],[71.534328086842137,21.443544598057322],[71.533074527300428,21.443281127124173],[71.532934122222102,21.443628749513358],[71.532813758275708,21.443854239980073],[71.532783702915737,21.444070318241895],[71.532011133946909,21.444493218041988],[71.531188383431783,21.444897334716984],[71.531058020903814,21.445310714747929],[71.530947645742316,21.445338918539534],[71.53060649122834,21.445451714659953],[71.530405881834611,21.445855712538567],[71.530125063096335,21.446597924756048],[71.530105045679733,21.446851578455718],[71.529743948910252,21.447612593263141],[71.529402978367656,21.448674225966975],[71.52929261536481,21.448777584223528],[71.529232441635884,21.448956089213169],[71.529282636743076,21.449059419339836],[71.529242540207932,21.449275498594456],[71.528951586938078,21.449576171421466],[71.528740921348245,21.449923802187595],[71.528429979562276,21.450656621942937],[71.528057444135428,21.451371064638611],[71.528008663341694,21.45146461511186],[71.52782810521208,21.451849817383469],[71.527737869322323,21.45227258226496],[71.527647664792298,21.452864447017646],[71.527587540406643,21.453324784553672],[71.527447274501341,21.454536690399429],[71.527387255836118,21.455570088512715],[71.527277060986378,21.456612889102335],[71.527166716624947,21.456857162417393],[71.527136676385382,21.457214155886483],[71.527026457751234,21.458144222888066],[71.526906081453618,21.458416680913711],[71.526595109129062,21.459130707677161],[71.526153670446547,21.459844754250835],[71.525902869055841,21.46035209266973],[71.525591887748647,21.461066117412535],[71.525411300073642,21.461385555631825],[71.525050079018769,21.461770781811342],[71.524880076067845,21.462231684146108],[71.52485948695832,21.462287503959303],[71.524325346119909,21.462210339383841],[71.523861471718959,21.462227107404669],[71.522559037059921,21.462160483269873],[71.520828407268681,21.462077201643645],[71.518972880967652,21.461927111476495],[71.516778366575707,21.461726931429126],[71.515868444065674,21.461610111729144],[71.515315349829677,21.461493254790419],[71.514476795239545,21.461376420967511],[71.51313868372101,21.461242921705548],[71.51187194657588,21.461192912755873],[71.510747941906729,21.461159586318278],[71.509713144230432,21.461126247172693],[71.507447302041768,21.461176467027077],[71.506358982540647,21.46117651193568],[71.504895993992861,21.461126457507152],[71.502398212916631,21.461159914388912],[71.500560559191257,21.461243436708838],[71.498705062492448,21.461276835063668],[71.497937886859987,21.461210022511104],[71.497331282405227,21.461210013934014],[71.495208168454539,21.461159862951074],[71.49399496133293,21.461126421373496],[71.492942320776905,21.461209886345738],[71.492129553921473,21.461181176065651],[71.491731516816316,21.461345097869],[71.49158211736426,21.461607287257291],[71.491336073915349,21.462504104342464],[71.490918172453789,21.463162216088058],[71.490825283405314,21.463652707013797],[71.490745668709764,21.463994187164392],[71.490533388576381,21.464478462421727],[71.490367541680001,21.464888234354497],[71.49032109432909,21.465155210454039],[71.490082278864946,21.465651901149869],[71.489989393919757,21.466018215303166],[71.489883241882922,21.466396946202348],[71.489372468282795,21.466968124828028],[71.488629541755984,21.46748961577601],[71.487972841459609,21.467973856772701],[71.487276338951744,21.468458092137798],[71.486606373491185,21.468836776998959],[71.486447160919681,21.469060281184333],[71.486128749600738,21.469345860139473],[71.485810335236948,21.469650064893909],[71.485558248178648,21.469972901186622],[71.485438824947281,21.470258495860801],[71.485292865841899,21.470575132131493],[71.485120366814456,21.470960062751402],[71.484709056155069,21.47152502682528],[71.484602896914964,21.471804413256741],[71.48451000618077,21.472058965626786],[71.484364049236021,21.472319721787137],[71.484171630100548,21.472853660753827],[71.483614367494781,21.473530366567655],[71.483209674194939,21.4741201626295],[71.482997376810602,21.474411954864408],[71.482586067456978,21.474815484637976],[71.482347226474133,21.475175570068462],[71.481982356219135,21.475498388802738],[71.481816492959979,21.475746722880043],[71.481517937675761,21.476193723784945],[71.481279095786149,21.476522763626697],[71.480973911980058,21.476907674776132],[71.480343668529969,21.477460185035088],[71.48005174711875,21.477845096014057],[71.479826172919417,21.478124464902848],[71.479501081656053,21.478509370882044],[71.478983595442926,21.479055680889591],[71.478791178401437,21.479378514089657],[71.478227250139412,21.479937233391905],[71.477888889241939,21.48028488163477],[71.477464330025484,21.480377956899066],[71.477928539670017,21.481284503172791],[71.478399425291713,21.481942697088275],[71.478512094263607,21.482638096737215],[71.479095727888605,21.483513610869732],[71.479553335129182,21.484339437154311],[71.479758962588548,21.484463638066899],[71.480282972470405,21.484854854728976],[71.480820213590007,21.485544093340728],[71.481456943713638,21.486413396232912],[71.481795199147115,21.486959807169079],[71.482166614965365,21.487599352807752],[71.483364230273779,21.489086152399803],[71.484022261498069,21.490101728489833],[71.484680310562382,21.49103406320765],[71.486298818845825,21.493031931473581],[71.487294854352285,21.494164055679132],[71.486885608445348,21.49546254664973],[71.486832214786844,21.49577884920453],[71.48672539053014,21.496810999550259],[71.486671941441429,21.497726619929114],[71.486814202824817,21.498259358232055],[71.486885251831282,21.499441351766166],[71.487080760476744,21.501355854157765],[71.487151854066795,21.502071711248341],[71.487116183289444,21.503120514233014],[71.487151560147709,21.505417900483309],[71.487186959975247,21.507465570595432],[71.487133357507204,21.510112550408493],[71.487133247639562,21.511361127436484],[71.487150912154561,21.512792830235604],[71.487239809474616,21.513425449238721],[71.487844563352596,21.514940433877161],[71.48904102046194,21.517824346919159],[71.489143056955371,21.518070287660116],[71.489356505887727,21.518686265517175],[71.489420525529667,21.518918258048078],[71.489538442795137,21.519359735166283],[71.489813601234104,21.520169113216163],[71.490363942208617,21.521561001425948],[71.490855326809907,21.522805727876012],[71.490914290611769,21.523001939757936],[71.491287750221076,21.523933950751125],[71.491693974619906,21.524951803708888],[71.491969155516273,21.52576117767121],[71.492381942485636,21.526785160567826],[71.492670241465007,21.527502561037238],[71.493083040877664,21.528471358339726],[71.493731732593133,21.530090104199168],[71.494059378171315,21.530464138618992],[71.494295281133816,21.530807511693116],[71.494419786520822,21.530973066804428],[71.494445996045357,21.531065040400303],[71.494610897800143,21.53165980271492],[71.494819483053192,21.53244055543799],[71.495219187078902,21.533924393558003],[71.495500949700158,21.534997416035612],[71.496215252292899,21.535843582361551],[71.496628110109143,21.536321849079194],[71.49702786259742,21.536849166599058],[71.497886358332948,21.537903799423706],[71.498056747714386,21.538155193390367],[71.498371312605144,21.538768347689327],[71.498351651651006,21.53878061051434],[71.49827956068701,21.538890976949016],[71.498214022104676,21.539093316054547],[71.498417179267264,21.539559312765341],[71.498574462394373,21.539994651276135],[71.498698979153062,21.540307359205407],[71.499124963573379,21.541043142906396],[71.49991796151383,21.542195868496087],[71.500645433679338,21.543305669882546],[71.501202514558713,21.544170209062564],[71.50147122682678,21.54461780677007],[71.501608860619129,21.544850802677768],[71.501766460688273,21.545215436969084],[71.502028095887511,21.545437952394657],[71.502801107424844,21.545771718794182],[71.503859544906206,21.546250112181607],[71.504977452922162,21.546761874812958],[71.50611320734761,21.547268066305332],[71.506172681084252,21.547529523171008],[71.506291611450592,21.547640777896703],[71.506428378410703,21.547696402265032],[71.506797053539884,21.547813209771412],[71.50714789718603,21.548069091182295],[71.507344137139199,21.548308289853736],[71.507582004865554,21.548603115978079],[71.508081532899709,21.549270647429189],[71.508438337990071,21.549687851547297],[71.508818931326815,21.550116179537653],[71.509770353116082,21.550121689457971],[71.510192546773453,21.550127227140766],[71.510870427122612,21.550027051101516],[71.511940761444464,21.54985452622212],[71.513486798919686,21.549643015971178],[71.514705771682756,21.549325824360849],[71.514973350081405,21.5492534821025],[71.515965526099365,21.549164988678015],[71.516097198914025,21.549153244162518],[71.516703722227618,21.549119806762114],[71.517482681173689,21.549019593676579],[71.518309211819869,21.548936060606998],[71.519688760158544,21.548924777505071],[71.520235820666628,21.548908023139788],[71.520806660830118,21.548852323312239],[71.52157378782627,21.54919156621974],[71.522358758317651,21.549536366146782],[71.523131844176788,21.549908978794097],[71.523720580513725,21.550187043906188],[71.523809781754338,21.550220408930915],[71.524457980897751,21.55047621110009],[71.525332161284268,21.550820983855239],[71.526462059268667,21.551260281866895],[71.52730056104663,21.551554983321324],[71.527383811233065,21.551554969668885],[71.528109291071743,21.551627167355779],[71.52860879897699,21.551660460125341],[71.529239149017229,21.551793861697824],[71.529328348026311,21.551804971941333],[71.531112346467523,21.552099485195537],[71.53170106330991,21.552177255664464],[71.532153007060145,21.552232798667145],[71.532260149282081,21.552711192069452],[71.533491161826248,21.553100356127306],[71.533937166485686,21.553172584338846],[71.535257355652831,21.553439332163471],[71.535591589601836,21.553512827799764],[71.535624459075308,21.553520055519815],[71.536470512109332,21.553706092968497],[71.536568511133353,21.553758234538105],[71.539222109899228,21.555248311487759],[71.540514096223731,21.555906506741906],[71.542494664583486,21.556969751114536],[71.544227712708945,21.557989619790956],[71.54527220665075,21.558640607063982],[71.545612612935855,21.558778004097622],[71.545837214108587,21.559639062991327],[71.545976682694743,21.560362655186648],[71.545938052454787,21.560514628258133],[71.545760337332965,21.561165944628421],[71.545536393977542,21.56241788665286],[71.54558284680634,21.562540891121436],[71.546379652944012,21.56262027062531],[71.546542359842576,21.563423454945632],[71.546867437150539,21.563966086553418],[71.547215703314251,21.564443584200642],[71.54728563090282,21.565384283597389],[71.547487141034111,21.56654203442309],[71.54771181031569,21.567540579624172],[71.548230759176349,21.569465285632113],[71.548733944558606,21.570478220825212],[71.5494615975485,21.571816721182131],[71.549802219035669,21.57248235887106],[71.550359507500275,21.573285420041437],[71.550986677332006,21.574797614615893],[71.551814779347694,21.575665714186773],[71.55225597132727,21.576266188581616],[71.552929259184381,21.576859351878923],[71.553618009599688,21.577409089684338],[71.554508007628883,21.578204792709613],[71.55461792378037,21.578973798596142],[71.554620866581786,21.578994387190139],[71.554647632191802,21.579181645994311],[71.555212698717014,21.579955742488785],[71.555263308108252,21.580037438178863],[71.55546816549581,21.58036812600929],[71.556079636255717,21.581077077392138],[71.556652429187963,21.581786039620436],[71.557387754528307,21.582632433304592],[71.557774781116507,21.583102658027084],[71.558177347483692,21.583732074650261],[71.557822121204325,21.585418252486459],[71.557551756855347,21.586503788535794],[71.557420301910838,21.586691977252013],[71.55698727812026,21.587328918806683],[71.556314566006577,21.588392880998907],[71.555525800413633,21.589493060498469],[71.555293847540625,21.5899200781862],[71.554512868241261,21.591193920809125],[71.554482864108479,21.591325258754651],[71.554010353239548,21.59224389985469],[71.553755906710251,21.592697556069762],[71.553428852764029,21.59353677293409],[71.553259100309134,21.593514148640445],[71.553125928513268,21.594058479741992],[71.552920032425476,21.594670869900746],[71.552859544895497,21.595045087449574],[71.55258107384573,21.596145091855938],[71.552411702220013,21.597188364638935],[71.552411865521535,21.597641938184044],[71.552618243365373,21.598344912092909],[71.552860813034087,21.598537603983218],[71.553176212142276,21.598945719681002],[71.553176555971177,21.599886884549296],[71.553188805391315,21.600227060721348],[71.553080043034697,21.601224956953374],[71.553031868547748,21.602120779700371],[71.552959269430318,21.602540358146349],[71.5540384450929,21.602596707872159],[71.553929598587303,21.603356478435089],[71.553760366600827,21.604773949528742],[71.55367570128243,21.605352282656874],[71.553663734623299,21.605783181005137],[71.553664110999833,21.606803720372795],[71.553385211856011,21.606781131437781],[71.553082475114238,21.6078924822746],[71.552973570175681,21.608516179867632],[71.552961531026895,21.60875430951625],[71.552961663116022,21.60911716784705],[71.552973945892262,21.609548058233756],[71.553046920527763,21.610149019095321],[71.553143969685209,21.610262381346089],[71.553107645569341,21.610409804134541],[71.553786738657692,21.610511639861908],[71.553510654991996,21.61165245717741],[71.553375078835415,21.612212670564787],[71.553229764342049,21.612757004451773],[71.553157156416006,21.613165243140745],[71.55315734289519,21.613675512391929],[71.553060924352891,21.615297065446565],[71.553024636114188,21.615546541955474],[71.552685318257261,21.616158972777203],[71.552515666448002,21.616487866539043],[71.552139948356938,21.617054950422904],[71.551702645215073,21.617863219566548],[71.552003443967976,21.617952611246221],[71.552983600351055,21.618145919132715],[71.553328720388365,21.618197440093784],[71.553874444187315,21.619449322276189],[71.553971121270123,21.619578369070037],[71.553991935377994,21.619868788121508],[71.553991959342241,21.619933327180664],[71.554061071591605,21.620178553178185],[71.554137107831508,21.620481862041832],[71.554282175499822,21.620810963964654],[71.554558450329679,21.621314278204242],[71.55491063417098,21.621772389566864],[71.554931360259857,21.621824013962957],[71.555545887513318,21.622430476887377],[71.555877417561959,21.623011217207836],[71.556029461129029,21.623514570553066],[71.556057184709232,21.623811440775427],[71.556229929196746,21.62429542519682],[71.55628532262169,21.624747179660353],[71.556271652856694,21.625095695028541],[71.556396032895364,21.62545061751679],[71.556368460960769,21.625547435398833],[71.556396165599992,21.625792674281307],[71.556396188134968,21.625850759390847],[71.556686309886473,21.6264186040769],[71.55676238261897,21.626792904397153],[71.556893859756443,21.627638320462069],[71.556900779914443,21.627683495396969],[71.557170291196002,21.628483686551132],[71.55744640699632,21.628522314770546],[71.558316196283855,21.628702721138605],[71.558675140488177,21.628734864340878],[71.559185945669043,21.628779860572795],[71.560090248639284,21.62895379145683],[71.561243083364658,21.629217980629686],[71.562354570591879,21.629630616970573],[71.563597233010285,21.630088373002852],[71.564543125426724,21.630623681961794],[71.565288685918119,21.630797646050819],[71.565330090040504,21.630771814195416],[71.566545063445346,21.631016580371242],[71.566702938124706,21.631055586259269],[71.566779779605895,21.631074571320365],[71.567124941124376,21.631138971273788],[71.567518463407552,21.631293705428039],[71.568298577489855,21.631538634811452],[71.568429746188258,21.631577304246111],[71.569458325481051,21.631751132847722],[71.570155581975897,21.631931549132002],[71.570477817590913,21.63198664389202],[71.570569776913999,21.632002366664945],[71.571135850190615,21.632111841613714],[71.57206782118601,21.632330872623815],[71.572702939982335,21.632472581753479],[71.573434694637427,21.632607791893005],[71.574974174536905,21.632949161084529],[71.57526411560265,21.633000661213014],[71.576713742216086,21.633103260831202],[71.577728464086363,21.63314151279631],[71.578398074224779,21.63322509895152],[71.578694930257356,21.633295951509893],[71.57994449622862,21.633605142126871],[71.580931758751632,21.633907997353877],[71.58100771077234,21.633946683714676],[71.581470416990953,21.634340145038735],[71.581629235478459,21.634436875509774],[71.582230004795775,21.634836720718159],[71.582955054137884,21.635281678989372],[71.583659347330126,21.635636290029556],[71.583820203863453,21.635696611314899],[71.584966605027844,21.634418111215947],[71.585527587787467,21.633767454451807],[71.585966550877558,21.633151088861361],[71.586734567299388,21.631804311619319],[71.58744171108809,21.630719992399552],[71.587807244442999,21.629784180698429],[71.588014429522644,21.629339081564975],[71.588623906298949,21.628220578760487],[71.589466073184681,21.628471147487438],[71.590210596756904,21.628687534974841],[71.590772004253949,21.628789919303745],[71.59152866985572,21.628903604337896],[71.592675924529843,21.629153988510513],[71.593542502741471,21.629393112924767],[71.594250397861529,21.629563862919934],[71.594457903981564,21.629643615060466],[71.596361950423002,21.630167381691411],[71.597814396907879,21.630554472948791],[71.598082930469161,21.630645594610147],[71.599755053674627,21.631043949085075],[71.601268542505565,21.631442383406366],[71.602491172390089,21.631563708787841],[71.602525575463972,21.631567122690058],[71.604539284762836,21.631782658183162],[71.605588882457837,21.631930324563093],[71.606809396881431,21.632169154419781],[71.608017694891132,21.632385163272879],[71.608383899628976,21.63252184466371],[71.609103987770609,21.632635473386877],[71.610202401290564,21.632771668556309],[71.611117686361808,21.632805289168047],[71.612301456703449,21.632850133545492],[71.613119186072822,21.632975088836233],[71.613668467083869,21.633134453819139],[71.614009994462378,21.632917430347391],[71.614794723928654,21.632385300722603],[71.615071126477346,21.632197870543273],[71.615729810307982,21.631820883978659],[71.617596353392003,21.63111215534094],[71.618695107882445,21.63167046338873],[71.620294068605332,21.632057253221085],[71.620416149757162,21.632114214715944],[71.621820152031361,21.632843430198303],[71.622796659674691,21.633116551085603],[71.623040854784676,21.633264700179147],[71.622531089077725,21.636562558772262],[71.621896464559271,21.636528795519997],[71.621860350935663,21.637122140444315],[71.621799551889183,21.637384614310054],[71.621740177335212,21.639347172301889],[71.621643443500375,21.640419779932365],[71.621644465943135,21.641640645367936],[71.62179188258699,21.642792943616033],[71.621646348573151,21.643888406495179],[71.621609907407205,21.64409381245537],[71.621683564008535,21.64460720671935],[71.621623000476916,21.645154929097401],[71.620634692879577,21.645463718494852],[71.619780292187102,21.645361647021531],[71.619047984416326,21.645316533508723],[71.618755039037239,21.64527110331268],[71.617595482290199,21.645112188622026],[71.615776877398034,21.644942316408759],[71.615777586941149,21.645832292804752],[71.615741591710034,21.646608195096093],[71.61570552337956,21.647292817699682],[71.616047336202499,21.647395268909406],[71.615865231135118,21.648604851402983],[71.614180836838869,21.648434868289133],[71.614107402002347,21.64817248974239],[71.613106559606834,21.648104714414742],[71.61267940258567,21.648116414642121],[71.612667224406039,21.648150652773388],[71.612558053950636,21.649017883482923],[71.612729382044023,21.649611085004761],[71.611228253413202,21.649703376521959],[71.611363347226401,21.650798641668576],[71.61027713986266,21.650845006126655],[71.609142146181597,21.650937035363281],[71.60909333483977,21.650948477381068],[71.609020679043368,21.651712991993154],[71.609179370361005,21.651747117625266],[71.608984663524723,21.652511712326433],[71.608936194137158,21.652979552152974],[71.608631090982314,21.653013981826966],[71.608558269639758,21.653561707101566],[71.608533859240026,21.653561723053908],[71.607618613041637,21.653756287752493],[71.606947401779692,21.653859410851734],[71.605946723170675,21.654065431282902],[71.605788412580381,21.65455616006922],[71.605581453917438,21.655286528552974],[71.604690702304694,21.655617980946733],[71.604288170899864,21.655960532663897],[71.604166190566559,21.6560632987531],[71.603605214014379,21.656725426656035],[71.602361390968952,21.658335000489792],[71.602154016179938,21.65850627737229],[71.602117704423577,21.65893987763862],[71.601910608934389,21.659510502107185],[71.601324671462166,21.6594195810999],[71.60053123802048,21.659328783765492],[71.599420536027694,21.659352272339987],[71.597992393172248,21.659239021759426],[71.597064738478537,21.659205336730146],[71.59629577312846,21.659194374466466],[71.594403878098944,21.659172640854599],[71.593293183471147,21.659207498389328],[71.592792757866945,21.659219188717781],[71.591901728649347,21.659196864320798],[71.591084034019218,21.659334234201548],[71.59080331738538,21.659357207830119],[71.590583750219736,21.659574116745912],[71.590398473947516,21.65992474050115],[71.590921360230638,21.66027765121099],[71.591570267328748,21.660748222855954],[71.592269485304513,21.661106918537964],[71.592231784305397,21.661236444728548],[71.592200945297819,21.662254843944318],[71.592157451433636,21.663179064445146],[71.592019519197649,21.664138656800251],[71.591956840448731,21.664603732914003],[71.59189413147385,21.665021716200986],[71.59173715831983,21.665751741303755],[71.591555004934335,21.666499439881949],[71.591529878262094,21.666599525908698],[71.591253264105632,21.667353162736802],[71.59081940802983,21.668424761391652],[71.590485583463163,21.668336644727663],[71.590403873289631,21.668589812921834],[71.590076971265233,21.669508299718331],[71.58966201847133,21.670621091025552],[71.589492327456725,21.671180409171448],[71.589398091201687,21.671551315448514],[71.589234623348815,21.671992898028101],[71.588938808692205,21.672281499936478],[71.588762912523052,21.672999758605826],[71.588630969472888,21.67350607619359],[71.588543048865759,21.673912298080335],[71.588342319788339,21.675225115292395],[71.588285879433656,21.675619547019533],[71.588323949817763,21.676084567542052],[71.588236281168378,21.676908737012866],[71.58801629042955,21.677627017956166],[71.587903163116678,21.678015592909809],[71.587796329607585,21.678398277849777],[71.587664563441948,21.679210696947209],[71.587645815339997,21.679452057030268],[71.587722225094609,21.680829478519794],[71.587754253597026,21.68171833642673],[71.587817537894153,21.682218662913197],[71.587950391711232,21.683195766040111],[71.588001252509386,21.68397865510169],[71.587983129766101,21.68525016728184],[71.587952227893183,21.686221470220783],[71.588122790597936,21.687057274708966],[71.588381496753982,21.687834166158282],[71.588495165999433,21.688322691985352],[71.588558513389842,21.688917203068169],[71.588773154039757,21.68972355014769],[71.588918220992454,21.690053121046578],[71.589019322136437,21.690582859181941],[71.589252421078072,21.690726007618117],[71.589511309713856,21.690967685687149],[71.590301543218487,21.69160361935085],[71.590982759757779,21.692112336633663],[71.591514214885819,21.692672042723359],[71.591527905291755,21.692786580305508],[71.592304377266771,21.693167967099807],[71.592958429092889,21.693765781894271],[71.593476287941812,21.69433821639916],[71.594089470342325,21.694897867948871],[71.594484565477757,21.695152187989265],[71.595002318452003,21.695546436412215],[71.594376108580406,21.695903156452662],[71.593627379621736,21.696336306727385],[71.593178145005467,21.6966038316023],[71.592919550430281,21.696845794085423],[71.592361478916757,21.69729155891303],[71.592394769941322,21.69738858563765],[71.592597168324403,21.697301027647004],[71.593497337718802,21.696852196756424],[71.594106601781348,21.696521119968214],[71.595097122743553,21.6959546354196],[71.595541340708394,21.695789014002894],[71.596272504868054,21.695479907784701],[71.596807160321845,21.695317905254612],[71.59712947755105,21.695148675892955],[71.597314186352833,21.695001575520632],[71.597675778349981,21.694766175602012],[71.597978435515074,21.694600630966306],[71.598288963579435,21.694446105520139],[71.599224443107744,21.693934750924011],[71.599401329541251,21.693853799345018],[71.599924105840984,21.693585224605705],[71.600108852976078,21.693500592732427],[71.600655144775502,21.693125432207726],[71.600890994331863,21.693022394426396],[71.60135087326104,21.692783251853744],[71.601739997816026,21.692577224647927],[71.602325560317411,21.692143237660897],[71.602604573089806,21.691918902299346],[71.602950407786778,21.691665126576545],[71.603382705352601,21.691356174208767],[71.603850446693912,21.691128044198514],[71.603959688234994,21.691054751903888],[71.604424365354049,21.69092189487835],[71.604573766572287,21.690903426736678],[71.604998404878842,21.690884784458792],[71.60525003423237,21.690862576161084],[71.605556713591696,21.690844007261546],[71.606445252335348,21.690729520524666],[71.606665430966927,21.690714679867952],[71.607211920916015,21.690644506274943],[71.607577603376313,21.690658968723774],[71.608139905488997,21.690702700722372],[71.608285401504162,21.690720979818359],[71.608521360035084,21.69077594765816],[71.608879203886843,21.690823485592563],[71.610133662880784,21.691039470783426],[71.610287015011423,21.691046718495461],[71.610707864180526,21.691215479068845],[71.610865179423328,21.691263146431176],[71.611266347445977,21.691402520310593],[71.612049037264867,21.691695977626352],[71.612619340046408,21.69190872992019],[71.612890460933755,21.691669683454929],[71.612992632205732,21.69159244303237],[71.613464267993209,21.69133488489458],[71.613837657885355,21.691147214120015],[71.614195321864585,21.690963228134326],[71.614285696067384,21.690885995034495],[71.614468439362568,21.690951186235985],[71.614531592099439,21.691212606041333],[71.61474841699841,21.691225529351577],[71.615217120177334,21.691355936131011],[71.615510916102522,21.691414561050514],[71.615762774198473,21.691505897645666],[71.616217527813575,21.691682067412039],[71.616420412747971,21.691753827557118],[71.616469549718815,21.691976036918366],[71.616490700071367,21.69218519274941],[71.616455955692416,21.692466290246955],[71.616512113338814,21.692721177562678],[71.616456449623669,21.693080728734358],[71.616389058494775,21.693342753813305],[71.617510664221257,21.693786859078248],[71.617727090283665,21.693841858006206],[71.61805765646541,21.693955604681161],[71.618163937090856,21.694025388714362],[71.617924641666349,21.69487490612747],[71.618034944027968,21.695051315356391],[71.617984488499602,21.695271824695855],[71.618190036087626,21.695742312161265],[71.61854503124701,21.696500302105282],[71.618899851270541,21.697040405348911],[71.619516075858868,21.697920221697039],[71.619730871570795,21.698286115148861],[71.62003896282971,21.698695517978692],[71.620450724803931,21.699318615231913],[71.62065390026369,21.699723735312922],[71.620779990756986,21.699952423712702],[71.621088210608818,21.700507807933892],[71.621396569828747,21.701226605831067],[71.621494750583594,21.701533752975603],[71.621886613942266,21.701736099208958],[71.622691305410328,21.70211462705749],[71.622880296720595,21.702277901467735],[71.623118189223518,21.702369237031519],[71.623502973328783,21.70246699947209],[71.623845835295057,21.702617084930875],[71.624202642259689,21.702714866635933],[71.624930246782895,21.702910417191646],[71.625203097568573,21.702982113680875],[71.625867651151381,21.703060049384188],[71.62607748875466,21.703059889947653],[71.626867917134618,21.703105043002203],[71.627238630333252,21.703104758914012],[71.627952043700972,21.70306499043329],[71.629434884299286,21.7030507662761],[71.630644929844237,21.703030207469329],[71.630903688085965,21.702984247359744],[71.631554142607996,21.702937976509688],[71.63205771654529,21.702898356738334],[71.632491356408138,21.702871864484006],[71.633197742417522,21.702799396194365]]]]}},
{"type":"Feature","properties":{"Taluka":"Ghogha","District":"Bhavnagar","Dist_Id":"14","Taluka_Id":"14006"},"geometry":{"type":"MultiPolygon","coordinates":[[[[72.096682642609977,21.476749716638217],[72.098631626037587,21.476710629898459],[72.100127908197251,21.476737385201325],[72.100573929124408,21.476716511851844],[72.10084839940815,21.476702677843782],[72.101287820710468,21.476746065446839],[72.101445565930206,21.476719802390672],[72.101444853737803,21.476546359289149],[72.101272414126484,21.474664772616194],[72.101242773866062,21.47413169423022],[72.101220524073355,21.473727067546047],[72.101141763183449,21.472930785112698],[72.101172334547357,21.472018479008863],[72.101183714262845,21.471446709446845],[72.10119161467874,21.470026995129697],[72.101221790245958,21.469018331353634],[72.101492053420657,21.467983108470261],[72.101532227367528,21.467738855016872],[72.101726733805236,21.466639664929044],[72.101934909870451,21.465527577492718],[72.102147675825435,21.463863015869059],[72.102207854455528,21.46347736386306],[72.102268719075909,21.463258731351345],[72.102456854172772,21.462281617545894],[72.102638969674899,21.461510090718964],[72.102746020411132,21.460841616930015],[72.102860064634356,21.460205237460748],[72.102926864642328,21.459761745910711],[72.103006041257089,21.458990589514634],[72.103092211476053,21.458251527447178],[72.103308418563813,21.457428485386004],[72.103687886223554,21.456257961979777],[72.103850751527943,21.455814123307171],[72.103952227660372,21.455460441053305],[72.104148713475013,21.454849458609097],[72.104212008543783,21.454605358732856],[72.104275701246593,21.454519476357511],[72.104319506744901,21.454048230106693],[72.104291211620236,21.453842766590725],[72.104187781163873,21.453166486266348],[72.103171329137353,21.4529560222282],[72.10275018066784,21.45288901782061],[72.102081193435339,21.452625903701012],[72.101228942737777,21.452294923446832],[72.100520831100638,21.451971986816169],[72.099552959397613,21.451891946148336],[72.099811873056339,21.45144134295154],[72.100106540150321,21.451343927522608],[72.100577274650632,21.450674149702657],[72.100789807972973,21.450628419307076],[72.101074794061347,21.449843676040203],[72.099892407158052,21.449321155814129],[72.0982151688778,21.448601254482469],[72.097509140069462,21.448783646842898],[72.096719069425717,21.448548779906538],[72.096478620441829,21.448478973697622],[72.096162614047927,21.448390164475725],[72.09571599996552,21.448244004120021],[72.094705656099379,21.4478364650187],[72.093283874761553,21.447494618047457],[72.092039596596678,21.446927293034914],[72.091070156857342,21.446448923456551],[72.089716316058713,21.445933359195667],[72.088547980343762,21.445474947139445],[72.088087453021743,21.445277423384066],[72.086369352193259,21.444608936110939],[72.084486154145338,21.4438318001962],[72.083812571405488,21.443545072862342],[72.083537726446849,21.443449671880419],[72.082630600250582,21.443099514108656],[72.08170386152365,21.442993529801775],[72.081457177747282,21.443077898260263],[72.081059667254067,21.44319490974598],[72.080798751108929,21.443150847518552],[72.080358723967066,21.442927535145621],[72.080097452919702,21.442793537638348],[72.078508163035806,21.44171338840474],[72.077930206097079,21.441310675155389],[72.076285602718286,21.440115063629118],[72.07579698197199,21.439744154986286],[72.075680136996297,21.439693165095822],[72.075515413661591,21.439680883493825],[72.074581965106887,21.439607002090398],[72.074368885495815,21.439511373766567],[72.072802437820229,21.438989975188562],[72.071764948304576,21.438627355348725],[72.070438864200071,21.438156504998123],[72.068742428236462,21.437725446213488],[72.06732825752978,21.43753752479412],[72.066487734655354,21.436647438444929],[72.066615651366277,21.437790472772694],[72.066586304904718,21.439075366452357],[72.066595696038831,21.439730579723854],[72.065853551743643,21.441223450942921],[72.065404185717995,21.442130749028006],[72.065398858911436,21.442529053150281],[72.065063683565299,21.44279999159604],[72.06420305822455,21.443824305674628],[72.063704507595389,21.444436262432585],[72.06319062063794,21.446416574752611],[72.062640021409123,21.447773883839243],[72.062469708847203,21.448095654683968],[72.062096347940965,21.449150439726985],[72.062078076416142,21.449754354004668],[72.061787716016127,21.450982306579746],[72.061548754090268,21.451297882944804],[72.06153660338596,21.451376914708284],[72.061793657237871,21.451604459636943],[72.062305753168104,21.451534217409403],[72.062939356409032,21.451337940723739],[72.063500466102852,21.451324631888649],[72.064236359666339,21.45234998651112],[72.064468625558987,21.452474827366938],[72.064956808814372,21.452530281815914],[72.065556986290559,21.453156375184488],[72.065661495582674,21.454949020755091],[72.066618203048137,21.456281967182562],[72.066863912851844,21.456726529318804],[72.066705894061911,21.456875529419062],[72.065435717653941,21.457496526838018],[72.065375072410291,21.45778580990428],[72.064607219833832,21.457974697721706],[72.063795850205494,21.459339313140205],[72.063317142569446,21.459771330927779],[72.062788521426853,21.459715294444539],[72.060729160154111,21.459548762624479],[72.059889584551627,21.460727159363628],[72.061643920303311,21.461877591205955],[72.061788646772769,21.462037704174673],[72.062415198702581,21.462575211210307],[72.062951679406041,21.462888180468937],[72.063275129028298,21.463124777979193],[72.063638840661326,21.463123552826264],[72.066285189767342,21.464225958715559],[72.066477762736639,21.464334513833894],[72.06783169821685,21.464850263026367],[72.068204368421078,21.465388609273905],[72.06882244973059,21.465502139511514],[72.069400629254773,21.465943424676002],[72.069572494059102,21.466019926878445],[72.070389419836573,21.466087806345563],[72.070519834511416,21.466093785489406],[72.070541572762281,21.466389212921154],[72.070727539184958,21.466562025013499],[72.071048981683035,21.466278274155759],[72.072018015466853,21.466634703790856],[72.072753673411896,21.466979079186988],[72.073035494324785,21.467093744846764],[72.073788202450544,21.468286017715801],[72.074855879441174,21.4692909101027],[72.075834632326945,21.470366764840652],[72.076143787054335,21.470449211224793],[72.077064820532726,21.470805776051371],[72.0774320694632,21.471697435714944],[72.078573588635351,21.472271644282173],[72.078820576670125,21.472251517704457],[72.079081087282816,21.472179952447185],[72.079566751420728,21.471773561913817],[72.081097171048242,21.471768250614033],[72.082610577997386,21.472662335189234],[72.084218291227856,21.473106400991377],[72.08518076867459,21.473520590862208],[72.086201239853196,21.474705443151699],[72.086292618536206,21.475244732682569],[72.086891168606215,21.475608796572129],[72.087954063027809,21.475386648721884],[72.088914396198888,21.475261214328654],[72.090433246888779,21.475782619371117],[72.091327724602991,21.476344763383814],[72.091781361925698,21.476510180290443],[72.09231709747371,21.476611065891085],[72.093141135276539,21.476723775025008],[72.094789031771128,21.476904214232121],[72.095166266834966,21.476845056474925],[72.096044428287456,21.476764841003373],[72.096682642609977,21.476749716638217]]],[[[72.359981711741526,21.592969949450012],[72.357965438015682,21.592684060349864],[72.35682084329261,21.592819109514064],[72.355604566857849,21.59319763215591],[72.354371324222996,21.593454676713044],[72.353597783785659,21.594529861491054],[72.353427579811452,21.595981814202428],[72.35269993203427,21.59796083559586],[72.352065611206996,21.599232829475316],[72.351631878515079,21.60007834722779],[72.35017674729491,21.60130135185355],[72.349113698780059,21.602894610539281],[72.348480876635108,21.604432488497739],[72.348236081742925,21.605641703505874],[72.347640804940113,21.606655174944468],[72.347920426124148,21.607238740257106],[72.348242396821178,21.608118382740244],[72.348579467456744,21.608800418306803],[72.348686763606224,21.609088567303679],[72.349044087328977,21.609063952211809],[72.34935928278658,21.608781244238322],[72.350204266699976,21.607401822076746],[72.350461656453319,21.606959864822791],[72.351582473794025,21.605518247621895],[72.35235430481498,21.604139189496063],[72.353159640577289,21.602934693417509],[72.353945629810156,21.60258878446523],[72.355572452132691,21.601554796641231],[72.357252759642563,21.599950722871792],[72.358246304201501,21.598988346314332],[72.359187642527104,21.59744124407727],[72.360124384105021,21.596494344610587],[72.36029398270415,21.594951222902445],[72.360196458035233,21.593569024120281],[72.359981711741526,21.592969949450012]]],[[[72.301415759653167,21.644995354526255],[72.301711172397631,21.64343051108478],[72.302129140590594,21.641118898362127],[72.302522218884192,21.638890313086936],[72.303561800580724,21.636741510500741],[72.304639814289587,21.63467542420155],[72.305229086074377,21.633571070524631],[72.305478558487522,21.630585152036645],[72.305596498546137,21.62900931666292],[72.305126508447913,21.626488801806644],[72.304023334698471,21.623995035723357],[72.302625798882858,21.620946008649451],[72.302009906970923,21.619515842941578],[72.299892190470601,21.616778207477882],[72.297736557162636,21.614040723942569],[72.296806438036285,21.613038431201719],[72.294946626775072,21.611104891547775],[72.292296643870742,21.608263095180931],[72.291723417383906,21.607661772517304],[72.289181295350218,21.608337123206152],[72.288929273182944,21.608575201599518],[72.287791186723851,21.608912231079653],[72.286969666212059,21.609235911518496],[72.28708512882163,21.609507780881771],[72.284881321853348,21.610101517959144],[72.284791074915518,21.610981372586007],[72.284763344118403,21.611123633318151],[72.284720592297901,21.61200326375916],[72.284536739996923,21.61314117008423],[72.284327898534173,21.613168804321305],[72.28385291176231,21.614929900631125],[72.283507605769088,21.616077449656625],[72.283153464764609,21.617349403166042],[72.283097471699307,21.617536212245703],[72.282805104402854,21.619696185451204],[72.281807396284279,21.621424203066848],[72.281628235872745,21.621673772479085],[72.280822027622222,21.623685143746087],[72.28003479819364,21.625696422150099],[72.279529459714325,21.627128973189023],[72.279154544970808,21.628081223538111],[72.279023778405829,21.628499342538962],[72.278861150856429,21.630063531788608],[72.278698472775758,21.631618837808443],[72.278630798257041,21.633173698451714],[72.278518284637101,21.635226222674607],[72.278528947510026,21.637215987703318],[72.278385142969555,21.638945904941579],[72.280514644967724,21.639172799170741],[72.282309016855862,21.639898697190404],[72.284010058754788,21.640542106851871],[72.285584561267996,21.641209785191545],[72.287209750902875,21.641877208054975],[72.288644608702427,21.642486297555411],[72.288885756967758,21.642568061534728],[72.289253588740536,21.642649223443325],[72.291334032920204,21.64316046850735],[72.293211667102909,21.643648967279063],[72.294327522606793,21.643833141802851],[72.294516965599698,21.64372563915688],[72.2957977720462,21.643956391224091],[72.296951767887307,21.644164053453107],[72.298765307725958,21.644510667007651],[72.299538735653641,21.644625387611121],[72.300185479950656,21.644740714773214],[72.301415759653167,21.644995354526255]]],[[[72.284933517423212,21.681360200426656],[72.286739166923809,21.676614497912304],[72.28683647371966,21.671001107122898],[72.286893138875527,21.665746177824669],[72.287804504343612,21.661044505314361],[72.286720455602833,21.660652186453401],[72.283588743769954,21.659592176406008],[72.278337380748866,21.657731741247488],[72.277550317072908,21.656689997853963],[72.277186333020964,21.65665391501469],[72.276858319539983,21.655786356720597],[72.275793590949604,21.655728356097306],[72.273719438931778,21.655876583389027],[72.273572239287873,21.656066202493172],[72.273520561203981,21.65648209663426],[72.273671454302857,21.656985216036535],[72.273482759071328,21.656973499463263],[72.270644010067244,21.657767622017719],[72.270483397814957,21.657969896295615],[72.27116463818902,21.659390032392245],[72.271435919464963,21.659728852381768],[72.271492894763739,21.660307983313935],[72.271642512645016,21.660571794770046],[72.269779656601401,21.659925472203714],[72.268527334165455,21.660069824268962],[72.268289742022759,21.661002995454592],[72.268117716198105,21.661595782788886],[72.267890326731845,21.661911723630414],[72.267621115049351,21.661963350717905],[72.267635788483958,21.662190003006138],[72.268057747935487,21.66299416751264],[72.268289140633769,21.663433941509783],[72.268901013634803,21.664476540192311],[72.267661725225622,21.664545252929873],[72.265452959783374,21.664744384773613],[72.26519663141957,21.667239487691752],[72.263447012235289,21.667638005808307],[72.26123977867671,21.668139369393295],[72.258424065924743,21.668240426850449],[72.257305416808023,21.668195151733446],[72.257096987476757,21.666986927090807],[72.255276563557828,21.66673071221712],[72.255418747359485,21.665571271662031],[72.254138427643852,21.665526710228974],[72.253266719210259,21.666324189770634],[72.252854239625094,21.666756021360474],[72.252697631002931,21.667087365682665],[72.252668587988154,21.667333111311549],[72.25255020950128,21.667891002708497],[72.252582340704862,21.668240384548763],[72.253310996498925,21.66843545991302],[72.25342299584257,21.668595545300541],[72.253578953128326,21.669435592490164],[72.253701452305535,21.669671203463164],[72.254015229644224,21.669764245266297],[72.254409020171053,21.669696329191282],[72.254802613646078,21.669590626349738],[72.254975300772301,21.669759881313002],[72.254957104889726,21.670147278096923],[72.25477819518963,21.670724339413077],[72.254559252873278,21.671377155989301],[72.254222375618056,21.672672882610009],[72.253797040510989,21.674450790999774],[72.253820838377536,21.675140290540426],[72.253743081118301,21.675735784514316],[72.253652565181341,21.675821215717153],[72.253394117569883,21.676653696975372],[72.253617393420328,21.676832170042989],[72.25327622629689,21.677306052960525],[72.253684711399757,21.678116612404224],[72.253482530375194,21.678108083903275],[72.251893723335812,21.679664545918154],[72.25176351190207,21.67989185617315],[72.251835960784049,21.682168176850013],[72.25204034388085,21.684547812197287],[72.252244685932169,21.686917999976529],[72.252613550200607,21.687879886964929],[72.253669537822404,21.690746878268094],[72.25389519586588,21.691378779054023],[72.254812304788615,21.692801053348997],[72.255182137911802,21.693942415236641],[72.256873281840569,21.694539291556143],[72.259684667628719,21.694800389519919],[72.264377250933748,21.695270051973026],[72.266480615739908,21.695439829643185],[72.272094720957242,21.698115521042762],[72.274091287923923,21.699098107470761],[72.276561345483074,21.69909554989334],[72.277762069312658,21.696446373421466],[72.280423139084718,21.693394160390277],[72.283338918641931,21.687620078136568],[72.284933517423212,21.681360200426656]]],[[[72.184235996152609,21.49468954268092],[72.184318653275639,21.494089323968335],[72.18412613019575,21.494040122378614],[72.184113391005027,21.49360026236754],[72.184108951120379,21.492650470094294],[72.184503600843428,21.492518879735126],[72.188017150081777,21.492284492902311],[72.188527516238295,21.491772492637519],[72.188982866037108,21.49092078573322],[72.188982536595958,21.490850801092318],[72.187444022023271,21.490807147655392],[72.187086243214566,21.489688842781494],[72.186913119394944,21.489219648301798],[72.187647338701552,21.488606750346534],[72.188256654868795,21.488694223994276],[72.189656559420428,21.488798430556791],[72.189458391053975,21.487549497976524],[72.189402060635956,21.486929854142709],[72.188931619943972,21.486841812072829],[72.189227756278314,21.486210716750712],[72.189195097946282,21.486080877363079],[72.189383798673845,21.485320250688567],[72.187877012759969,21.485196484955686],[72.187588267738278,21.485127687046614],[72.187438249150901,21.485028324066025],[72.187880695940493,21.483706766429091],[72.189431512574103,21.484110295089252],[72.189396971617413,21.483580543162955],[72.189306526853102,21.482521127272221],[72.189765612531801,21.482469243380148],[72.191057082149186,21.48224395282725],[72.191665334416882,21.482111462932469],[72.193202858320959,21.481965121626956],[72.193187680356786,21.481015374149003],[72.193731740111929,21.48086314705035],[72.194554614680882,21.480939714029375],[72.194657495961053,21.480109452248197],[72.194304905044959,21.480090921070222],[72.194598918753201,21.479019913165391],[72.195154410447017,21.479027602172458],[72.196585747276558,21.479021644065661],[72.197899395298464,21.478976173067132],[72.19908744006743,21.479471108951039],[72.199751976229521,21.477708681005943],[72.199856354939314,21.477198346144874],[72.199065162161176,21.477041688340616],[72.198734418257871,21.477123055000789],[72.198443009838101,21.477473149081664],[72.198320155276235,21.477052625750424],[72.198058894730735,21.475765470499031],[72.198004167368921,21.475552038601279],[72.19733809325804,21.473845534564262],[72.19708664122048,21.473205601665885],[72.197011267482821,21.472885425152679],[72.196768474780384,21.472653924156774],[72.196558593050071,21.472284034766602],[72.196476328271274,21.471926181845976],[72.196452483689768,21.471147048594517],[72.196404354545081,21.470908451946681],[72.196328923895706,21.470575706946178],[72.196213123608644,21.470224277562149],[72.196016315493878,21.469778923220922],[72.195840215705516,21.469452881012476],[72.195534385506193,21.468668636235346],[72.195255739848832,21.467953403253802],[72.195286921053125,21.467450542617687],[72.195494794047235,21.46739940519188],[72.195337614703334,21.466564866888632],[72.195835044448017,21.462559015904848],[72.196461565719005,21.457858470184146],[72.196603214427697,21.457014978343185],[72.196715140107557,21.455489850925645],[72.197032790473102,21.452674721406467],[72.197117816099919,21.451062935768583],[72.196969754304021,21.450555331724964],[72.197550253047993,21.447330049301858],[72.197430383410037,21.447181801250412],[72.196725176206968,21.446453395905429],[72.196046515100761,21.445737272613503],[72.195380630692512,21.444921928158468],[72.194330383426944,21.444021406072871],[72.194037813821112,21.443749915214955],[72.193387532726319,21.443430323339651],[72.192682948860551,21.442825853667941],[72.19175241717015,21.442036379920928],[72.190887977449179,21.44122183664421],[72.189480196739112,21.440297966276237],[72.189053908454412,21.439741916693112],[72.187792717640164,21.439015758625388],[72.184484173540469,21.436109835160241],[72.18464664123421,21.435168101936018],[72.184537555200961,21.434777985659753],[72.184305490056744,21.433573770469835],[72.184179831346142,21.432823846227844],[72.18364191862409,21.432482906072021],[72.183130746104652,21.432125116648578],[72.182875094948244,21.430971210137141],[72.182401200465506,21.430939664991286],[72.181418124248296,21.430977144635584],[72.180059476272348,21.430982667227273],[72.179800221739171,21.430975350583655],[72.179744537251878,21.430532008915549],[72.179634757731421,21.42998845629603],[72.178643563438669,21.428268419481125],[72.178172045722306,21.426814087334758],[72.178009148357461,21.426379547978168],[72.177900615057879,21.4261038033797],[72.177673182663824,21.425242695097349],[72.177345774500068,21.424022114558554],[72.17712201440645,21.423956065478372],[72.175637219394048,21.423727722611286],[72.174107700049646,21.423491177234443],[72.173068472233524,21.422968095194555],[72.171814798497266,21.424412633086341],[72.169632301243936,21.424069864471416],[72.16940884940189,21.424070757550695],[72.167639566942213,21.424178249075283],[72.1666749756087,21.424341105972697],[72.166108441534604,21.425556897285752],[72.164793393729795,21.425311044757208],[72.163102418885686,21.424949501157542],[72.161259277756088,21.42453832564544],[72.15935290341011,21.423976732292864],[72.156792493098195,21.423066174419233],[72.155379299836838,21.424854356943861],[72.155281465666732,21.42496353978153],[72.153669806038906,21.426350761131804],[72.153589436364783,21.426367813228492],[72.152402918036188,21.426882962426077],[72.151498677298122,21.428568699222609],[72.150869617088176,21.429826530874148],[72.150602316304585,21.430020061951524],[72.149010543018562,21.431884209162206],[72.148432676957384,21.432597832993171],[72.146540211888222,21.435207983739346],[72.145812992548429,21.436146464408655],[72.143944010566443,21.435522787326221],[72.142214714317817,21.435323717212178],[72.138420199026839,21.435146229941545],[72.136926342398127,21.435193061178403],[72.136681024537296,21.436044269145381],[72.136494294285072,21.436895254022446],[72.13627808830384,21.437705208336659],[72.135914867805752,21.43839229380383],[72.13540670977963,21.439436495487126],[72.135028773839238,21.440109920807409],[72.134636364450571,21.440824542487551],[72.134173318953756,21.442142851622496],[72.133680613569055,21.44337898708741],[72.133637734918338,21.443626003316076],[72.132857613511959,21.446152349944249],[72.132698313374036,21.44657808939472],[72.132306762758574,21.447498413961466],[72.132150060083333,21.448527563548964],[72.131876873496736,21.449721721949174],[72.131764230934536,21.450778132847265],[72.131664995662106,21.451546496925758],[72.131466168022953,21.453000941538132],[72.13133242264594,21.453725055141927],[72.130982839582188,21.453711938080222],[72.130516268957436,21.453652212546828],[72.129326725073071,21.453472237795175],[72.128262338534014,21.4533778626482],[72.126935009439094,21.453229130188774],[72.125062172840728,21.452990199249935],[72.123169873929868,21.452806655586503],[72.122190822518093,21.452699626945762],[72.122237839623182,21.452945389454058],[72.122376960995084,21.453227699993366],[72.123368046176509,21.454619704818423],[72.123937057951608,21.455601332842352],[72.124757488895341,21.457012410014752],[72.124850172454742,21.457184219881011],[72.125015391052187,21.457423391437864],[72.125529809450697,21.457919491510857],[72.126083034910465,21.458274030882695],[72.126775109312774,21.45884324310741],[72.127256277977708,21.459241087340537],[72.127328946333549,21.459339189652297],[72.126133868079833,21.459411299379912],[72.125969826717053,21.459448803805333],[72.125674898415184,21.459597469291172],[72.124921417138822,21.460030675399626],[72.124652470351663,21.460111609376366],[72.12375370230184,21.460360899955585],[72.123464605673249,21.460337383919221],[72.123418969583611,21.460417483540475],[72.123253926328076,21.461764603897763],[72.123386333509032,21.462010047553854],[72.123334939321296,21.462280769798976],[72.123249894039489,21.462361016217752],[72.122947892501827,21.462392883286295],[72.122770580120417,21.462399691938163],[72.122422993329337,21.462523954162108],[72.122344541605685,21.462610324023107],[72.12225410203321,21.462967269188411],[72.121703944705416,21.463338220434817],[72.121435563473042,21.463554412643845],[72.12156924697787,21.464101125838912],[72.120645373874922,21.464633321102337],[72.120109877473027,21.465366969984682],[72.119257228589959,21.465659105055003],[72.118569120006882,21.466030556938108],[72.118065023401883,21.466425919853972],[72.117796579272522,21.466629809747328],[72.117008513969253,21.466663461014221],[72.116535596965193,21.466665204997629],[72.115852055298674,21.466563200052796],[72.115609777626631,21.466742396431545],[72.114830729806471,21.467360105049234],[72.114669487472497,21.468067767062454],[72.114532738057179,21.468351097327968],[72.114539873699954,21.46848633653595],[72.114391714118824,21.469181653308446],[72.114373504099419,21.469538329033384],[72.114316450488985,21.470030412846523],[72.114336929191424,21.470214790441933],[72.114273152118614,21.470670008345888],[72.114386672480506,21.47111227804713],[72.114486025059662,21.471308662640631],[72.114449527810919,21.472003568923562],[72.114385853598009,21.472483380108031],[72.114326286633045,21.47289844690259],[72.116154108320274,21.473309814408179],[72.117285019729223,21.473570025417629],[72.118480946170465,21.473670129259279],[72.119256171287347,21.47369800208271],[72.120116658323909,21.473694813016646],[72.120918079906758,21.473704135709944],[72.1220422505926,21.473921300396491],[72.122615365955539,21.474306517592741],[72.122885280950484,21.474446925880375],[72.123417601849056,21.474506426114509],[72.123988811160643,21.474442811197086],[72.124638423987903,21.47428052680343],[72.12486829957227,21.474273519456663],[72.125848180029493,21.474540384824031],[72.126038696671628,21.474545820008814],[72.126463186256089,21.47396627915645],[72.126595163258173,21.474107198153391],[72.126774909696422,21.474666030108782],[72.128210090409041,21.474900432034865],[72.128115015711458,21.475195913010165],[72.13031660735804,21.475950030523872],[72.131186392350429,21.474544911838748],[72.131459167755921,21.474839005537685],[72.131548163359852,21.475166584559979],[72.131601808353409,21.475420516154152],[72.131787534248545,21.475837906225138],[72.131765891424749,21.476911909933264],[72.131985485852567,21.477058641757086],[72.135562542237437,21.477889462458322],[72.136921407148066,21.478187612156237],[72.138394708132253,21.478616479602053],[72.139894221047697,21.479028837797685],[72.140437745088335,21.479141526545078],[72.141550927210076,21.479334006935659],[72.14201584314317,21.479496179327413],[72.142743844291729,21.479732656925751],[72.144149942610753,21.480183763000689],[72.144500241908375,21.480297695186589],[72.144662902580478,21.480315513153045],[72.144806156037717,21.480295795997154],[72.144970851033463,21.480775299537651],[72.144826179742736,21.481558749386679],[72.144796499131118,21.482733201324468],[72.144997469307697,21.484503187991393],[72.145053126428436,21.485012874913764],[72.146168440095749,21.485998375636374],[72.146486039649062,21.487766805488885],[72.146519543884892,21.488096612087013],[72.146710420468196,21.490195467244749],[72.146746620771012,21.491135145103822],[72.14679332765381,21.492034789924325],[72.146157728780551,21.492785060324053],[72.145666558786971,21.493004459115483],[72.145398061816948,21.494118584939308],[72.144631018422814,21.494556546260046],[72.14320422677612,21.496519545797732],[72.143000348115038,21.496789007145821],[72.142775667632549,21.496991379159393],[72.14184533844346,21.497609073903106],[72.139995161259307,21.498901981601882],[72.140121809500599,21.499726717182071],[72.139933621096802,21.499652507972392],[72.138424387250794,21.499097031052941],[72.137147552548569,21.498540653987945],[72.13659141572289,21.498220054269261],[72.136186428609776,21.498179503161108],[72.135120055809722,21.49774859033219],[72.133400415144948,21.497067585087041],[72.132561009520813,21.49711285948376],[72.130858739444449,21.49697898318842],[72.130708329268728,21.496867300572205],[72.130127034702681,21.49592238013285],[72.129525341601379,21.495461614866947],[72.128569130198258,21.494490038154179],[72.127719111305339,21.49380569888752],[72.127643791868337,21.493747260533898],[72.127065037073351,21.493646924837073],[72.126048619757285,21.493205111471433],[72.125930308163063,21.49314767548681],[72.124821676959712,21.492899260927263],[72.124292460066911,21.492727601322574],[72.123813977613779,21.492587321115231],[72.123604727705612,21.492298705862794],[72.123519186242717,21.492014890489333],[72.123450040577183,21.491620517083291],[72.123239134829902,21.490942537768966],[72.123164995754962,21.490695511881555],[72.12173735388491,21.489459055805533],[72.121212636013283,21.489019019776968],[72.120980774789814,21.488698914423903],[72.120965669547076,21.487788686721505],[72.120760246921222,21.487073850949923],[72.119344983001085,21.487421116085194],[72.118715865839334,21.487549728595958],[72.117541468181301,21.487690878098046],[72.117395321106102,21.487696679839257],[72.116585701648489,21.487683883615006],[72.116270609681166,21.487621904729671],[72.116011615102394,21.487530778794291],[72.115593442977826,21.487354735249667],[72.115391353754958,21.487426513298349],[72.114834969233968,21.487471970687487],[72.114691611056301,21.487472498040116],[72.113790803416322,21.487834924153351],[72.113474505139081,21.48782030026749],[72.113293330993017,21.48785253581444],[72.11267874530968,21.488096831177689],[72.111830583707373,21.48827883847671],[72.111533413080451,21.488469349661273],[72.110668403884105,21.488656674539591],[72.109657901074726,21.489007640518896],[72.108316440610849,21.48953870556306],[72.107385004780042,21.489978820152345],[72.106807030091517,21.490244008216603],[72.106667177856508,21.490412892498153],[72.106179887912148,21.490855333761086],[72.105805711865415,21.49112109444366],[72.10571693611324,21.491066167734797],[72.105381082907982,21.491422554020595],[72.104719966831126,21.491638049429472],[72.104543116445299,21.491697884230192],[72.104412859803205,21.491808852532149],[72.104101111992364,21.491877067419193],[72.103962731150958,21.492063044917785],[72.103821566157109,21.492596308925226],[72.103859987511015,21.49271061348233],[72.10255784509161,21.492904737988059],[72.101366919959176,21.492459147396264],[72.100941046253368,21.492460679603461],[72.100775428902466,21.493203184450586],[72.100719053169755,21.493850584558501],[72.100040971483992,21.494046391110587],[72.099642058292986,21.494454294839478],[72.098876989466987,21.495033202540256],[72.098954988941472,21.495545945284732],[72.099216116063403,21.496500019652277],[72.098891462314782,21.497539067264885],[72.098366772665742,21.499158940535924],[72.098119257963702,21.499471586577027],[72.097808538813098,21.499796297438468],[72.097526771723338,21.499982782822869],[72.097303668484315,21.500078292521717],[72.097257589855403,21.500153437446187],[72.096964958410368,21.500778002754288],[72.096801468593739,21.501015366418699],[72.096245086754351,21.502110485211848],[72.09619448168587,21.503144602691421],[72.096295604517678,21.504158446785503],[72.096297342054513,21.504584643461236],[72.096266695543761,21.505342446834682],[72.096029867681011,21.506211483141499],[72.096083221756444,21.506886113785324],[72.096020751827311,21.508113642782252],[72.096013507979279,21.508405696411995],[72.095769622730231,21.509614140944954],[72.095867210338511,21.50975980660386],[72.096056512168374,21.509644687683441],[72.095727910253572,21.511106875857429],[72.095604289265466,21.512047417976579],[72.095493660953281,21.512496816056736],[72.094434540677909,21.51384760064213],[72.093508557989608,21.514755917634165],[72.093000763495823,21.515255835314253],[72.092311864052249,21.515468751273374],[72.092120713349601,21.516402514732487],[72.092065252667425,21.517518204358844],[72.091633213407761,21.518214288282241],[72.091927152325965,21.520444231498633],[72.091709127713955,21.522149813673948],[72.092083591268747,21.52389538845927],[72.092403958029152,21.525241260643082],[72.092187630220678,21.525515639610429],[72.092287121310179,21.526013399193435],[72.092422879295484,21.526209356093045],[72.092589938135276,21.526727922556091],[72.092646066207564,21.527625728956114],[72.092987602753112,21.528641787576596],[72.093057648051868,21.529272948748329],[72.09340495115525,21.529861030026211],[72.093473003715033,21.530001101324981],[72.093430038952903,21.530499366453828],[72.09338117186249,21.531390529818136],[72.093419460611742,21.531586832273877],[72.093427728351884,21.531776225829642],[72.093617691348854,21.532392928564061],[72.094197563240172,21.533008242782877],[72.093778398427617,21.533651668346408],[72.093629382020609,21.534346749297477],[72.093719449332085,21.535751315136391],[72.093755866222892,21.536408903768827],[72.095538758523389,21.536439380515237],[72.096014348481873,21.536352625176399],[72.095411576610871,21.536710534031009],[72.093915026439348,21.537705412982135],[72.092736533731156,21.538001393454081],[72.092631808452822,21.538235934751889],[72.090522762515178,21.537957473032872],[72.089839731638662,21.538111198523545],[72.089692906100481,21.53815986137122],[72.088774391402922,21.538252515777849],[72.087979180891836,21.537932069972793],[72.086883606535096,21.537867151410591],[72.086405626428231,21.537827566355421],[72.086045897236218,21.537945751114698],[72.085576481648488,21.538208751448455],[72.083730910611351,21.538098299645309],[72.082671240389786,21.537820019634282],[72.081781030239753,21.537637429415565],[72.081245256998557,21.537852505344379],[72.079258713999167,21.537412366201018],[72.077566329516102,21.536998695667879],[72.077309073149721,21.537006463872711],[72.07701489888025,21.536973093264518],[72.076718832361323,21.536460583111001],[72.076079472373422,21.535885066455272],[72.075931984116565,21.53576636243772],[72.075807027876863,21.535769086354389],[72.075086504298952,21.535737183354406],[72.074233475484576,21.535657589566892],[72.074104322937544,21.53646272386321],[72.074022158146491,21.53678493811476],[72.071867786776409,21.536183007648827],[72.072006735281903,21.53551138519293],[72.070494685619693,21.535030864989476],[72.069256014773714,21.534461089518782],[72.068367740924984,21.534190361018293],[72.067471301501442,21.534246397915112],[72.065716447436074,21.534428975379146],[72.064970438737618,21.534334363761939],[72.064686945706029,21.534247014783585],[72.064431563350752,21.534106584934904],[72.062296484865726,21.533592772740803],[72.062069692763657,21.533522889902866],[72.061672773129274,21.533391763412787],[72.060464192294319,21.533272195493876],[72.060276001712793,21.533422952636379],[72.059719613763519,21.533548452603583],[72.059446510689313,21.533708324568241],[72.058532003424006,21.53397631529824],[72.058202369169251,21.53416286716692],[72.058024208756507,21.534255914935073],[72.057612459911681,21.535184534764827],[72.057749657508339,21.53650870891191],[72.057724579861954,21.537356557635416],[72.057589239666427,21.538990723439252],[72.057197094388442,21.540113555873621],[72.057480662172097,21.540218578907037],[72.057359643696799,21.540660527393374],[72.056202943122244,21.541785910637106],[72.054730410280172,21.541773153102401],[72.054590269594087,21.54215334709917],[72.054817407497708,21.542311547523632],[72.054724427712742,21.542682753836282],[72.054271660251842,21.542763737123174],[72.053858122317038,21.543233147722059],[72.053374826224172,21.542731391743494],[72.053073683264032,21.542970824520197],[72.053019993551942,21.543748120228233],[72.052416966085232,21.544032707049222],[72.052210209366621,21.544271825626105],[72.052249669506196,21.544722069952694],[72.052551853702411,21.544756392509147],[72.052524071310117,21.544897778665248],[72.052412306215075,21.545295538593283],[72.052661100390267,21.546186633182643],[72.052889246234272,21.5466097591252],[72.05269159155641,21.54676053930519],[72.052551407613294,21.547131900810328],[72.052921779265205,21.54772234197101],[72.052308727933351,21.547856836869443],[72.052414966756032,21.548492308172307],[72.052277667631671,21.548668519651322],[72.051425237145693,21.548571217419799],[72.050354575880704,21.548108087517072],[72.04903913667286,21.547521947036479],[72.047887551622068,21.547192400938968],[72.047062014007125,21.546937968048248],[72.045676442807107,21.546647269272803],[72.044414633921988,21.546784727206983],[72.042896411633976,21.546408723741777],[72.041633258642165,21.54618425935336],[72.040819046039573,21.546234521145873],[72.039077233180976,21.545954445966125],[72.038801638900097,21.545755336073235],[72.037091250747025,21.545713234409767],[72.035900384508693,21.545764684855758],[72.035239288415326,21.545928713360496],[72.034720604251078,21.546063711146573],[72.034243022062753,21.546303337919159],[72.032920993321028,21.546678998009074],[72.031196775203952,21.545636876470297],[72.02878384167137,21.54555883053893],[72.027397800257205,21.5451251226804],[72.026710418904216,21.546470158123711],[72.026670489719464,21.546689332790223],[72.026499664218008,21.547308922469778],[72.025628749161825,21.548578342055883],[72.025154570590558,21.549770317263082],[72.024261147544976,21.550449322102672],[72.023866240035701,21.551041041976998],[72.023197862127205,21.552024097107847],[72.023119697705354,21.552938631728587],[72.022724983731166,21.553587491390765],[72.022229211727449,21.554446191353019],[72.021409426996527,21.555801143605414],[72.021553044513226,21.556105457368751],[72.021443270846973,21.556724850700455],[72.020358937373771,21.558128244375201],[72.020085314068893,21.558481480596694],[72.019558798298533,21.559292649374637],[72.019377069763607,21.559721788718296],[72.018912037711601,21.560647049980339],[72.019914553897465,21.561986787229259],[72.02022609935247,21.563700106017805],[72.02083893949461,21.564250574320834],[72.020840742437954,21.564755332008076],[72.020688062222646,21.565003957981475],[72.021108368987299,21.565095501541826],[72.021140852852426,21.565638258548795],[72.020958457985486,21.565881686660234],[72.020998092570494,21.56628870666006],[72.021197444974462,21.566516655246389],[72.021123408361191,21.56716688842959],[72.021168381470375,21.567484737962346],[72.021223187149729,21.567863138863924],[72.021349374358891,21.568984175211465],[72.022358774755375,21.569381014504831],[72.02310045376052,21.569650116664988],[72.025157870943076,21.570557931598],[72.025387342895627,21.570664351142735],[72.025899612404785,21.570841306605764],[72.02710729529646,21.571158919053875],[72.028834817497511,21.571632016354837],[72.030837204129682,21.57208993419923],[72.031417039518473,21.5719452283758],[72.03177477099787,21.571622658102477],[72.031987490850511,21.571321978775071],[72.032193121267881,21.571171321930137],[72.032482827827451,21.57104182472434],[72.032818403294257,21.57092646605647],[72.033453201424464,21.571195863395189],[72.033903712007515,21.571187277400931],[72.034529672085526,21.571128127342892],[72.035132722977806,21.57106904852802],[72.036026973444635,21.571287602376092],[72.037716000205776,21.571667873753633],[72.038268869384652,21.569737516944492],[72.04023935303286,21.568454948808764],[72.040618467091704,21.569101338160273],[72.040570526263068,21.569901493604881],[72.04115186276286,21.570166273014962],[72.041447799434877,21.570346263852333],[72.042157851312979,21.569629669324257],[72.042939840264083,21.569093789746407],[72.043489603519262,21.569082473537932],[72.043975968029315,21.56845231518113],[72.044473292219052,21.568031643341303],[72.045133871264525,21.567705674063834],[72.046773105429068,21.567709826772614],[72.04691453689172,21.567414124707096],[72.047209438145941,21.56731791845564],[72.047536671298673,21.56769779557348],[72.048388630570059,21.567726739785403],[72.048551245568632,21.567650014097989],[72.048659368748346,21.567522674088497],[72.050229577657262,21.566323846699085],[72.050600902783756,21.563998812564314],[72.052637750610231,21.560576199859259],[72.054183170015591,21.558835619714156],[72.054453655475712,21.558391021198268],[72.054952905093685,21.5582996651668],[72.055790671710028,21.557669882411172],[72.057109425836529,21.55692368742719],[72.058762381903989,21.557174249708968],[72.059414037880401,21.557251541733557],[72.060613479047959,21.557397636619157],[72.061784228621377,21.557446680089711],[72.062813550836751,21.557540347195424],[72.063210230777102,21.557591992470275],[72.063606262684928,21.557475852722593],[72.064209937058394,21.557350178476941],[72.064445387202596,21.55720808765934],[72.064587292801221,21.557287084767751],[72.06463524416894,21.557481201154928],[72.064928188341497,21.557559686261598],[72.065267853182647,21.557514380454442],[72.065835924736831,21.557945164840469],[72.066138173258238,21.557988292790338],[72.066391576462777,21.557607705247978],[72.066922441104424,21.558179905911498],[72.066922852974088,21.558285874729712],[72.066819871639808,21.55850699625196],[72.066726467206493,21.558763408553165],[72.067000638055177,21.558868446320229],[72.067643208887759,21.559034045338372],[72.068078376527609,21.559270995664548],[72.068107659601722,21.559518159629359],[72.068363056025788,21.55964975163851],[72.068872196965856,21.559489059391602],[72.069487211015243,21.559849023886372],[72.06964076926387,21.560493150926796],[72.069886487121309,21.560562957687754],[72.069868711138,21.560845605530783],[72.070078291680574,21.561330585267648],[72.070744255603429,21.561598255887709],[72.071294367145839,21.561555517467067],[72.071616005206153,21.561162220073001],[72.07234317641084,21.561723504044163],[72.073087115813323,21.562104971259824],[72.073341379897983,21.562349218229542],[72.07394200311191,21.561824224979269],[72.075429862553648,21.562578970890488],[72.076287524608816,21.563000884400171],[72.07786278608063,21.563763476466967],[72.078284444128343,21.564366646329745],[72.07966519665797,21.564533433982831],[72.080047602830575,21.564050031573846],[72.080755901773117,21.563612880019313],[72.07970668888477,21.566364174683283],[72.078978632296312,21.56672153384892],[72.078814586628638,21.567049637164526],[72.07762680031064,21.569210020486729],[72.076972102829487,21.570904544578408],[72.076953189956456,21.571041082288577],[72.075347128179203,21.570746397530232],[72.074811667983866,21.570620871722493],[72.074247351760022,21.570577326997206],[72.073566138881674,21.570488692072647],[72.073010798897272,21.570254051029838],[72.071491078297385,21.569649694505884],[72.070341542820856,21.569189627573092],[72.069162906328103,21.568747848278171],[72.068880805668897,21.568739713542293],[72.068630687699212,21.569450223760942],[72.068486103957085,21.569787349028076],[72.068302152555702,21.570006332396005],[72.067749338301368,21.570417634294866],[72.067789945314246,21.570854207522142],[72.067683520422278,21.57100014072326],[72.067411708599906,21.57113753905875],[72.066771596003647,21.571612822198158],[72.066616430492701,21.571731626068228],[72.065743262210461,21.57230777756974],[72.064330611391725,21.571721188398705],[72.063210541692555,21.571333757746036],[72.062294910663923,21.570991120386896],[72.06186673222274,21.570937975983465],[72.061273156175091,21.570873256881431],[72.060688957188773,21.570717522430925],[72.060351351115216,21.570609480265698],[72.060414888782745,21.570269601642767],[72.060180520435395,21.570027772015422],[72.059116114235863,21.569776598694247],[72.057841521511349,21.568822530437316],[72.055804395894626,21.568550327759773],[72.053416897392253,21.568218609624207],[72.052173759023887,21.568707970202095],[72.049918100807091,21.568945917535139],[72.049030305068428,21.570817005142214],[72.048512377036104,21.571037067459489],[72.048517991904006,21.57252915036543],[72.048484426262462,21.573948576597914],[72.048693118004024,21.574263292793223],[72.048906927916434,21.575936652638394],[72.048251431843283,21.577515828275793],[72.048060222428958,21.578402013057463],[72.048126529769576,21.578789983541665],[72.047868463459906,21.579142628625107],[72.047366253701341,21.580102620663233],[72.047367119595037,21.580333104825755],[72.047149278790968,21.581037412541789],[72.046802512784993,21.581948368506165],[72.046854710475841,21.582033113364627],[72.046843243366425,21.582433470489828],[72.046650745038676,21.582979992659258],[72.046498019614546,21.583756871014067],[72.046073514509104,21.584692342250495],[72.045609457716921,21.585458109539974],[72.045198684216004,21.586599758668697],[72.045004994338669,21.586830879662287],[72.044928262547771,21.587122272141574],[72.044735932694479,21.587717315032126],[72.044091679907467,21.588859725102896],[72.043640434382567,21.58958905241488],[72.043421793118071,21.590087132585978],[72.043141012593225,21.591313268363272],[72.044004204067377,21.592062564688909],[72.045562802117331,21.592623571888346],[72.046331808340682,21.59283334470063],[72.046488420730213,21.593205888916227],[72.046253558523418,21.593973754581015],[72.043884035024163,21.59609380379343],[72.044206237434693,21.596426270105155],[72.043814580329752,21.596594309931934],[72.043708798858447,21.596917057654014],[72.044053655614263,21.596949282711414],[72.043710708890828,21.597428447888277],[72.043512691704919,21.598518591397053],[72.043153722462492,21.601076745028855],[72.042214804688058,21.601135393401506],[72.041574608363703,21.601604405154543],[72.040815737036411,21.60212938677487],[72.040320108097433,21.602449523340709],[72.0399013250737,21.603838476286072],[72.039433290172454,21.605557967150901],[72.038861159109032,21.606428246823256],[72.037805245290969,21.607498316676327],[72.037554361406009,21.607895582697726],[72.036812352961618,21.609238374735568],[72.036169463571312,21.610089994785682],[72.036082303595421,21.611090853015767],[72.035936002887539,21.612478917343072],[72.036514580768397,21.613345477599783],[72.036215995670275,21.614498047795916],[72.035836336928881,21.615565923954531],[72.035466524071197,21.616567691689504],[72.034813708941982,21.617475974829446],[72.03442338279352,21.618392851571276],[72.034132439248552,21.618884635147793],[72.033962873716192,21.61944210435745],[72.033792440613794,21.619763591138803],[72.033592588297211,21.620321157166448],[72.033533577904166,21.620746119526455],[72.033488541324161,21.622228249745174],[72.033459711088582,21.622624796976186],[72.033372180628405,21.623531259961407],[72.033577477222821,21.624455662173432],[72.033719848717411,21.624738387108344],[72.033630135856939,21.625050175111674],[72.033601617480286,21.625531675790512],[72.033643592345598,21.625965753225476],[72.033872413458994,21.627796260890747],[72.033196301261768,21.627873945808705],[72.033206777545459,21.627977745528209],[72.032883725549524,21.627978781321584],[72.03288306800313,21.627799434961393],[72.032196998051262,21.627914905316697],[72.031784331107659,21.628256044005337],[72.031876156880898,21.628520053275992],[72.032885317532148,21.628412988282872],[72.032666505156683,21.629310431770609],[72.032496888157837,21.629858459874214],[72.032184549637591,21.630029369110478],[72.031907264779562,21.631502801543306],[72.031777645198972,21.631946867584151],[72.032374084056201,21.632162064380513],[72.032445998856758,21.632501652028409],[72.03314499112615,21.633150729259121],[72.034501152699519,21.634052554795002],[72.035015760135394,21.63397538407682],[72.035481070845492,21.634219309625276],[72.036351505164916,21.634811184139195],[72.037402345689159,21.635043774277939],[72.037797167289213,21.635335117978602],[72.037991183874425,21.635597724266695],[72.037861171113079,21.635997704174322],[72.037731764380169,21.636561603690442],[72.037667800025773,21.637043330547158],[72.037594204420117,21.637883667137416],[72.037420243494154,21.638253053497618],[72.036372350902624,21.639851259982347],[72.035701671655431,21.640235907229094],[72.034724917834993,21.64082643907382],[72.034200588726364,21.641278910047234],[72.033283067606376,21.642087805342971],[72.032190705241504,21.643033857144456],[72.031505688960564,21.643500494505481],[72.030659397364715,21.643817382721483],[72.030469752952712,21.643899949136042],[72.029523071665125,21.644736237436103],[72.028371822069815,21.645573171145774],[72.028875171600475,21.647374707821008],[72.028793423199261,21.649000524140813],[72.028257764725154,21.650368241739081],[72.026981552679061,21.653022361026743],[72.028346882146465,21.65478017992535],[72.029693245441521,21.655335956493314],[72.030422808157596,21.655046765524489],[72.031421088484336,21.656313965370448],[72.031642675083745,21.656968941787667],[72.031513815150817,21.657693340398936],[72.031690716049255,21.658116237676747],[72.032644288626287,21.659137690294259],[72.032792721692374,21.659765579200464],[72.033422823579883,21.660241660105552],[72.033937083130951,21.661004973287561],[72.035112201399301,21.662654062899104],[72.035609358013573,21.663384886712528],[72.035057789446952,21.664628171359954],[72.034140174282527,21.665655368691393],[72.033762618402136,21.666820494964995],[72.033260171232868,21.667885149202728],[72.0328900201268,21.668809707859715],[72.03228732046604,21.669703973892606],[72.031353705651853,21.67090967385343],[72.030998432752213,21.671368616024306],[72.030089161465654,21.672426802313403],[72.029684696891749,21.673056605857315],[72.029163812384837,21.673632463777992],[72.028617107654142,21.674337725844111],[72.027868068376733,21.675333314472969],[72.027516999500321,21.676193138794982],[72.027219411716175,21.677387309201357],[72.026100320537665,21.678089782440633],[72.024963072441111,21.679215337205939],[72.026838157095114,21.680772771293743],[72.027037747154722,21.681544629379385],[72.027669325510161,21.682057616562155],[72.027475353701604,21.682830725104932],[72.026436956827112,21.684992095266068],[72.025601601173562,21.686171874048398],[72.025550369317287,21.686515365952005],[72.027108613618054,21.689306104862364],[72.029647186304047,21.691077336045019],[72.029892557849408,21.691497013244671],[72.031743809139456,21.691228802390885],[72.03220025743056,21.690702766124229],[72.032788405272669,21.690377391695634],[72.034785791091721,21.689155704858024],[72.036964634376872,21.688947579929422],[72.037824009818976,21.688612566803894],[72.039150287722919,21.68805746071509],[72.039225838549726,21.688249558221631],[72.04087888991927,21.687527261445663],[72.042157229321759,21.686666287620302],[72.042335320695329,21.686761877012955],[72.042829395184143,21.686305632037293],[72.042931112870406,21.685990556012737],[72.043248894895711,21.685919572765478],[72.044528552690792,21.685417034130126],[72.045677440576029,21.684967373107987],[72.046919499655644,21.684421225614649],[72.047675235229008,21.683902903649752],[72.049375027733589,21.6826574367132],[72.049793551036203,21.683408482883216],[72.051461291595814,21.683348851498351],[72.051577328801216,21.68342223364143],[72.053556482800019,21.683617274165016],[72.054409211177216,21.683702948252019],[72.055891594393387,21.683915466502103],[72.056202478249759,21.684646092080534],[72.056529288057831,21.685482260785754],[72.057663379952601,21.685869421746279],[72.057884784959171,21.685975640636752],[72.058657998222245,21.686928331378297],[72.059146939557749,21.687560540462066],[72.061053523231024,21.688021845154719],[72.062154519456357,21.689703300432775],[72.062641871626084,21.690540960677563],[72.063310700061933,21.691135389301621],[72.064771062338778,21.692999575383258],[72.066088504403183,21.694988449629236],[72.067266344397112,21.69516219578545],[72.067678400819958,21.695274442570696],[72.069542554529917,21.693536970964271],[72.069879529611867,21.69358827037798],[72.071021456422756,21.693750456313516],[72.071752261591755,21.694036451749035],[72.072575234586324,21.693972412721433],[72.074034153392702,21.693862455552132],[72.076193802054021,21.693531482015967],[72.077942254071061,21.693306827781189],[72.078944495221506,21.693626816478176],[72.079600197113635,21.693843096672413],[72.080461108795362,21.693910028242861],[72.081789931500808,21.694019028613564],[72.082055059908299,21.694813694386585],[72.082624011228646,21.696717629524112],[72.082597331716912,21.696799213364194],[72.08406168257784,21.697332985998735],[72.08506389375556,21.697635451268148],[72.085485112807618,21.697695164212305],[72.086561637704108,21.697866215828441],[72.087441250059314,21.697924301658059],[72.088948888497896,21.698286151494617],[72.089819754384663,21.698492883315847],[72.092215484991613,21.69869417143213],[72.09242193835162,21.698850804305838],[72.094358995412364,21.698983757017693],[72.095532324774055,21.699941254330906],[72.095654587824242,21.700098185418927],[72.095691217322852,21.700182819540828],[72.098120420195542,21.699514431294268],[72.099091895997162,21.699161212529059],[72.099964498085882,21.699029829907392],[72.101360154477348,21.69869837674289],[72.1017197321178,21.698594937548286],[72.101730778354863,21.698591759878202],[72.102057834786905,21.698497675187088],[72.103304530363843,21.698341602315409],[72.104089713194142,21.698187202084618],[72.104326850653933,21.698221309143285],[72.104836598294355,21.697823111048724],[72.105110960109158,21.697810453034727],[72.10681881192356,21.697571071133019],[72.107280124028478,21.697522754176237],[72.108826160349764,21.697365543524018],[72.110770546863193,21.697020339189326],[72.111232003191901,21.697006981872217],[72.112316425329354,21.696828125638593],[72.112422753377018,21.696476744690621],[72.112738319280908,21.696397887522043],[72.113935129181428,21.696331307851498],[72.115031983819776,21.696218475449566],[72.117027168763599,21.696226601993818],[72.11794120025192,21.696129968838886],[72.118855695113325,21.696142096886621],[72.120186695325785,21.696015834000583],[72.120988846304826,21.696001117744625],[72.122279536172584,21.69591427879087],[72.123959395254275,21.695966538586674],[72.124273057720387,21.696035644394907],[72.12540105123604,21.696007965465025],[72.126478906603339,21.6959804682891],[72.128095739324323,21.695950923590264],[72.128746509517867,21.695714169996627],[72.129498570351743,21.695711316901654],[72.130601796686349,21.6957539829057],[72.133509918021247,21.695778042001479],[72.134022133908758,21.695845087515149],[72.135333093828194,21.695781716000575],[72.136553948455344,21.695738131429547],[72.138836289319542,21.695696935934265],[72.138865629780298,21.694484353208626],[72.138881409541497,21.693343144313928],[72.138925539700736,21.692337985798339],[72.138978208312068,21.691695886946889],[72.13911831709818,21.690431006492023],[72.139226197172746,21.689723856711822],[72.139422458778,21.688607886780275],[72.139749609197509,21.68728393018451],[72.139789629478855,21.686920683011373],[72.14002452843809,21.685130247791545],[72.1401188416786,21.684494471320114],[72.140437779821553,21.682885257394737],[72.140470287447584,21.682392362858796],[72.141007701192322,21.679991279997822],[72.141661789278828,21.677310940305407],[72.142335257587433,21.67744449475806],[72.142539222452356,21.676510037105185],[72.142865917570305,21.675095302081427],[72.143069416040944,21.67405710454296],[72.143190507251944,21.673207256495481],[72.143353676508724,21.672460986142188],[72.143387064613933,21.672169085335703],[72.142505956000548,21.672133595634413],[72.142560471249638,21.671912935070388],[72.143067417891444,21.670478049788759],[72.143839605722022,21.669418195368149],[72.144356693915483,21.668709453631088],[72.144540023977413,21.668580815598368],[72.144558648631332,21.66856774712948],[72.144654034293737,21.668500817249694],[72.14485864705911,21.669278079693097],[72.14598814815831,21.669020819416748],[72.147536748923542,21.669416781725694],[72.148072993147281,21.669894490647817],[72.149435167445262,21.67047919297794],[72.151999630510005,21.67156490200399],[72.152770862143882,21.671847157894774],[72.152809327033552,21.671883938146042],[72.154912343316738,21.673894806108148],[72.155147114008841,21.673997620263474],[72.156504800186212,21.674257370428467],[72.157620718257547,21.67559005466298],[72.158783104050158,21.676288575633496],[72.159958095189538,21.677044671716857],[72.160984168493414,21.67759387117944],[72.161528143220906,21.677891398588773],[72.163037023405977,21.678842095106635],[72.163457527567701,21.679105529088474],[72.164224177823996,21.679552004324492],[72.165213658264278,21.680182010282525],[72.165955496157054,21.680593996531957],[72.16658602982794,21.680937266231304],[72.167970960269827,21.681738566756263],[72.168689106241246,21.682358116605808],[72.168912684776387,21.682703016769977],[72.169706485380999,21.683679584951012],[72.170214942099435,21.684288447305462],[72.171032785044332,21.685126590968981],[72.171999431261085,21.686137028155269],[72.173349960031942,21.687480175788846],[72.174143066233228,21.688295350031751],[72.174700621233413,21.688846364517495],[72.175554225044309,21.689407698218712],[72.176309010011565,21.689934850226301],[72.178327166893041,21.691609505283814],[72.17924333140661,21.69235499018831],[72.179118966202566,21.69270088710979],[72.179118149322136,21.692703159093664],[72.178878089138351,21.693370833660882],[72.178529008945773,21.695205004489594],[72.178363250875066,21.696681097525282],[72.17811682120211,21.699367821069313],[72.178254220480227,21.69973611266181],[72.178693143449493,21.701278890684485],[72.17859684864689,21.701786458357137],[72.178699896975331,21.702719696797633],[72.178766738163716,21.702911020113028],[72.178796833414296,21.703734636478256],[72.178870903286054,21.70498465202617],[72.17891872186047,21.705111939674968],[72.178914900715498,21.705415954380502],[72.178797328809509,21.706078369251394],[72.178700858107817,21.706765213665186],[72.178592973497729,21.707255976329254],[72.178497903158956,21.708241910598275],[72.178380732163333,21.709177268690791],[72.178253328646193,21.709857701670234],[72.178024174515599,21.710721603903259],[72.177638727713983,21.712074286461675],[72.177593556899467,21.71238827642803],[72.177883256722893,21.712500410295153],[72.179642290723024,21.713635108079721],[72.18173831636804,21.715012470968901],[72.183423525487939,21.716304333071086],[72.184013844074713,21.716859772590116],[72.184576759581304,21.717537358266693],[72.185356298116886,21.718649885824988],[72.185731872663737,21.719162622845246],[72.186389661922973,21.720171047270906],[72.186713541613855,21.721261629159859],[72.187917447549339,21.720903771835584],[72.188960206846303,21.720536929091736],[72.189406823576263,21.720321283474494],[72.189904771925981,21.720440047335011],[72.190871583231072,21.720835708834986],[72.192246558516359,21.721294725447027],[72.194040587289095,21.722012238651807],[72.194857893642421,21.722343436791807],[72.196094210199561,21.722923838733681],[72.196323407878708,21.723006531522245],[72.198785047812109,21.723944267276192],[72.20112694042092,21.724798816584499],[72.20134637633798,21.724918723990196],[72.202472817677489,21.725397296143615],[72.203131222839374,21.72577560172655],[72.203809391313129,21.726125935339663],[72.204766600616935,21.726577325115944],[72.205943213376003,21.727139315366887],[72.206730957966045,21.727517054882668],[72.207459428312617,21.727978699516697],[72.208068982882381,21.728533800084243],[72.208755071336498,21.729095950747421],[72.20877256848901,21.729110287047117],[72.208937964957258,21.729245804479689],[72.20965828208621,21.730069982116454],[72.210379155508633,21.731005694932701],[72.211059422699378,21.731774267228591],[72.211526370227418,21.732320671299444],[72.212495607745979,21.733180946212848],[72.212645244284573,21.733263958017165],[72.213820380660991,21.733509863793902],[72.21487591122532,21.733709802145452],[72.215657355140237,21.734812540125432],[72.215797092762401,21.734904886833604],[72.216994495386302,21.735624721714256],[72.217952499827859,21.736215454885595],[72.218292179846529,21.736502128680126],[72.218541862521434,21.736696241685099],[72.219189671594151,21.736925805774234],[72.220575991155258,21.737616907943924],[72.221523007181943,21.737993881197315],[72.222979220612118,21.738731133323181],[72.224520558261418,21.739188304736338],[72.227018213654077,21.740063183907672],[72.231997632899564,21.742124576866036],[72.234443790717592,21.743212823625189],[72.237788306693005,21.744854773794998],[72.238829368264078,21.745850785131903],[72.241118368078816,21.74708726897186],[72.243283566458501,21.74814383031767],[72.245043757047625,21.748972528017561],[72.246327772422916,21.745997591539478],[72.247158363934517,21.743631646230178],[72.248591984461513,21.739048409580878],[72.249093248657175,21.737520555382403],[72.250785080051116,21.731968285232785],[72.251112266904315,21.730736488905642],[72.251975594481607,21.72794386218041],[72.252716681850799,21.725283019756901],[72.254270454499377,21.720239869598519],[72.254909130290784,21.71815362955919],[72.256186772242586,21.71404675732267],[72.257620957918746,21.709676692412945],[72.256370763901714,21.708944213431394],[72.25506800632543,21.708228368302962],[72.253308094659445,21.707366952888446],[72.252146306786742,21.706748868538753],[72.250368621080725,21.705838288880521],[72.249224750672767,21.705285719133833],[72.247482630918626,21.704456967899027],[72.246074720494377,21.703757927971829],[72.244983710912635,21.703237898612855],[72.243751440402704,21.702554453177019],[72.243240881163317,21.702261466377436],[72.238559179071288,21.699821748987237],[72.237063089947569,21.699024597143964],[72.235567516911487,21.698325854698322],[72.234863492590279,21.697951677909444],[72.233402132269831,21.697072316578119],[72.231764104149988,21.695964061477667],[72.231424095641174,21.695789471681742],[72.230028583034368,21.695124326392328],[72.22825463392158,21.694301658273773],[72.226941054282378,21.693726093771488],[72.226629530132811,21.693623650466009],[72.225460189332949,21.693753339944919],[72.224453303057203,21.693792344238176],[72.224075794024017,21.693821675167275],[72.22317254007362,21.693853298634949],[72.22290603432505,21.69386830168845],[72.222299008533739,21.693905549460201],[72.221365858204067,21.693881928724878],[72.220825406674223,21.693905040371696],[72.220543780921489,21.693857820183844],[72.219795339727682,21.693750341075326],[72.218757663903759,21.693554144842221],[72.21814995169234,21.693452968846728],[72.217149475398074,21.693291204248474],[72.216037962904551,21.693136833569831],[72.215267416188823,21.693050191030437],[72.214815243580432,21.692955252401752],[72.213724483977117,21.692503191575984],[72.212714604791302,21.691933125911611],[72.211690025928405,21.691383878710546],[72.210547250681742,21.690890496061563],[72.209567691505526,21.690458692474792],[72.20858083488352,21.690047675892934],[72.207312099635772,21.689534046653289],[72.206214017094837,21.689088886933749],[72.204833690307183,21.688464983817013],[72.203801726549642,21.687908797189042],[72.203348971971863,21.687689258395714],[72.202658467319708,21.687304631197499],[72.201499872371983,21.686589792297077],[72.200415166319729,21.685840030016706],[72.199627818609073,21.685331227710648],[72.199345547461178,21.685145561560457],[72.197911189408302,21.68405122549138],[72.197806601507793,21.683912731532356],[72.198727626521233,21.683973396842443],[72.198834386166766,21.683836692310532],[72.199020321581429,21.68261678647082],[72.199206842260324,21.681518790125001],[72.198515834523022,21.681421302346148],[72.198781156261887,21.680753253207399],[72.198884114279821,21.68040644663601],[72.198983102277396,21.680425772787036],[72.199265623132476,21.68055631950962],[72.199560313579923,21.680774639169815],[72.199935896522291,21.680718164763146],[72.200651666560105,21.680572428615321],[72.200732238027015,21.680231767543471],[72.201011149899884,21.679615816316858],[72.201063133154761,21.678221378959964],[72.201129780724344,21.677430674625651],[72.201231609335267,21.676628843454615],[72.201309894163643,21.675816133570741],[72.20145407960797,21.674059028684358],[72.20175407588026,21.6729489725439],[72.202158280177855,21.671531088208724],[72.202447213223039,21.670563792835694],[72.202728813226102,21.670507710369868],[72.203193479767194,21.669451844841856],[72.201269639582847,21.669921064027069],[72.201128388752593,21.669855792096715],[72.200408112488063,21.669057431198095],[72.199573049302501,21.668808456127721],[72.199327742695459,21.669083942472042],[72.199177342372664,21.669556634682319],[72.197697396508175,21.669529927461749],[72.197706764382957,21.669035873105727],[72.196929741222831,21.668643925200577],[72.196725764420648,21.667744576129127],[72.196415355259745,21.666691979551878],[72.196081778819803,21.665705348008895],[72.194333440535601,21.666031034866826],[72.194063011778482,21.665966296958096],[72.192427704391463,21.665369328876263],[72.19173543530367,21.66550395226432],[72.19103966106924,21.664903052856371],[72.189235581136174,21.66338459199584],[72.188941984432503,21.663385810536564],[72.187532303770979,21.663303828944418],[72.187037137893313,21.662899687626243],[72.187281418226263,21.662404660459938],[72.186774876154288,21.662077412292067],[72.186926401683877,21.661835266428085],[72.186679003630459,21.661671617673303],[72.185887814132201,21.660752723979151],[72.185675753790974,21.660610883953368],[72.184603507471849,21.659857816253162],[72.183908255317007,21.659355686462675],[72.182659513345556,21.658526485431732],[72.182329663231044,21.658308278076692],[72.181150266004138,21.657237260864044],[72.180206678423914,21.656362875922181],[72.179711299495011,21.655903821525822],[72.179346486837019,21.655740641832686],[72.178909469465736,21.655204499041787],[72.178342408060857,21.654482257429013],[72.178010778755635,21.653879812581813],[72.17728891585999,21.652697115904274],[72.177053696781186,21.652621227721273],[72.176619102429655,21.652601042342646],[72.175904004585973,21.652867429918654],[72.174660159592534,21.65307009402191],[72.174261201196998,21.653137583110617],[72.174049214104372,21.653006705486352],[72.17355198115888,21.652141446965441],[72.173302577728123,21.651538658547551],[72.172913177585613,21.651134044034531],[72.172217142955574,21.650445237111676],[72.171508813587025,21.649635716791572],[72.170789003028759,21.64888113047418],[72.170115258686451,21.647928747667525],[72.169619636584684,21.647403793245029],[72.168633003398,21.647352876232848],[72.167458186033983,21.647236840380717],[72.166694613592441,21.647174037282053],[72.165368050473518,21.647256202959902],[72.164579766899081,21.647268807078319],[72.164615139877256,21.64703869927931],[72.164646923003659,21.645856271931393],[72.164682048318852,21.645404075408042],[72.164726282016147,21.644233189206798],[72.164736770022699,21.643815864709886],[72.16470428163673,21.642135273143342],[72.164739512311797,21.641706258379525],[72.164435336742329,21.640258576677205],[72.163951879731101,21.640272100249881],[72.163529775674675,21.640146283178787],[72.162548666653734,21.639779279744356],[72.161556378997787,21.63967891233963],[72.16083673521824,21.639554272586846],[72.160754591754312,21.640574624284582],[72.16033391212305,21.640761755626709],[72.160221805549952,21.64064628914597],[72.158758136578854,21.640489821349874],[72.156897691049593,21.640323318366097],[72.155607020473369,21.640038635460691],[72.155382343020634,21.642450491613065],[72.155139561431056,21.64359897777328],[72.154835412975189,21.644886799751607],[72.154540993039916,21.645583431745717],[72.154374836038258,21.647230036098097],[72.154327645577283,21.647763416920792],[72.152989613214672,21.647988914409893],[72.152295303878333,21.647991642086058],[72.151613392816586,21.647994318229603],[72.150559789735524,21.648056403566954],[72.149630013974701,21.64808322445376],[72.149332607963714,21.648119160799045],[72.148310269117189,21.649630010043076],[72.148187267053714,21.649850722881151],[72.147695772267539,21.650849483352935],[72.147302530332382,21.651639217919115],[72.147210539879609,21.651997658833945],[72.145623948406552,21.651585969165499],[72.144351028354563,21.651654224754779],[72.144628832288589,21.650158965278305],[72.14263643633933,21.649862783736317],[72.142968096252005,21.648291342699729],[72.143275578022553,21.647378447806819],[72.143340382174756,21.646719743540427],[72.142703130175832,21.646570259248424],[72.142766871732931,21.645670970436566],[72.143083744351884,21.643821009302833],[72.143055310758399,21.643517217683872],[72.143092073741556,21.642643358045081],[72.143075502282628,21.641959643319431],[72.143206229925454,21.640895481232448],[72.142514380923913,21.640644906301375],[72.142107342857898,21.640481866167946],[72.142354033339259,21.638075023039878],[72.142282621182204,21.637239568774756],[72.142031957696474,21.635683039717716],[72.142193972560307,21.63556845052954],[72.14216308041469,21.634707514183305],[72.14213123746265,21.633631317445008],[72.142022221861353,21.63347978752882],[72.142087754688433,21.632985693496913],[72.142071302241249,21.63232730248259],[72.142148474869458,21.63140263537715],[72.142132526092524,21.63085820561621],[72.141775101830049,21.629656639686313],[72.141368654489924,21.629620220529603],[72.140287473593574,21.630130892156735],[72.139584311758,21.630374188357752],[72.13909649507444,21.630312751532724],[72.139431608908694,21.629526381832687],[72.139292506245809,21.628691185344852],[72.139357378258751,21.628045143306633],[72.13968139540188,21.627815970097828],[72.140816396343197,21.627229119557946],[72.143276018742512,21.626067324723174],[72.142901919750102,21.624156719476133],[72.142553572083287,21.621942110774075],[72.142331362853241,21.620689371438971],[72.142068476726806,21.619424125986669],[72.141860097165235,21.618234645136983],[72.141762511886341,21.617601891206373],[72.141843090421503,21.617449628920099],[72.141888649459233,21.615499410765448],[72.141968835505807,21.61525851162321],[72.143680232183513,21.613365168107059],[72.14168907062836,21.613233572598212],[72.139237625216438,21.613129047904245],[72.136867373590405,21.613011513528164],[72.135336784454211,21.612916065602182],[72.13307514233037,21.612861375344174],[72.131761104047612,21.612739744850085],[72.131187432395237,21.61160228519681],[72.129291198659743,21.611495505568445],[72.128453188520155,21.611853227618287],[72.127044538797108,21.611769904925929],[72.125351855451768,21.611763614167277],[72.12356488167471,21.610920879608095],[72.122443043289536,21.610495956008705],[72.121850999900701,21.61027997100738],[72.120690872106366,21.609993371301151],[72.120317478199567,21.609980217407259],[72.118917359748309,21.609956339002117],[72.118739121168844,21.610109741493133],[72.118458967331009,21.610074416690082],[72.118226345588525,21.610242567427296],[72.118202641400714,21.610155375810262],[72.118093443742595,21.610083048471886],[72.117765295475678,21.609735148499276],[72.117701683886523,21.60940808575868],[72.117670449484962,21.609379108487868],[72.117429185856011,21.609343637518897],[72.117336100154375,21.609402169446749],[72.1171115643794,21.609643021741359],[72.116940114951362,21.609563651219879],[72.116589962968334,21.609528582803463],[72.116603514695285,21.609055767348504],[72.116338980344025,21.609034927651155],[72.115912746288302,21.609400171781957],[72.115509597134817,21.60970714294351],[72.115408671125095,21.609751156194054],[72.114716113972946,21.609673710240219],[72.114349055234413,21.609318673787232],[72.113276925449426,21.609606288754119],[72.113104589146289,21.609315991382598],[72.112894131028042,21.609207667130825],[72.112177448658557,21.608941193188155],[72.111585334185634,21.608703351486607],[72.111396193825101,21.608114907988909],[72.111239846146461,21.607926376216469],[72.110597927556029,21.606939561980049],[72.110161314482895,21.60668659755374],[72.108710849447647,21.605775471941783],[72.108460934112983,21.605529093087686],[72.107364606345911,21.60560583186265],[72.105908693314191,21.605247473771087],[72.104536979880208,21.604561497167051],[72.104033013565171,21.604941540436467],[72.102684096208691,21.606001064407053],[72.102601174338901,21.606399461126951],[72.102046397335229,21.607313183676933],[72.101863755324004,21.607351832570597],[72.101262500107467,21.606850664266712],[72.09966329682068,21.608157528226378],[72.099035919296085,21.608710615782982],[72.098163804134629,21.609785932621978],[72.098530963670939,21.608748819031828],[72.09836745241536,21.607957284584529],[72.097914051751715,21.607188200624208],[72.097505445579884,21.606176322164995],[72.097281715786451,21.605584817291447],[72.096529172471222,21.604438581648004],[72.095784388855279,21.603320859418009],[72.095115340974601,21.602060137688216],[72.094956144654219,21.601738471918644],[72.095033154661408,21.601538038531316],[72.095100287144618,21.601301248058004],[72.095196232850483,21.600973373572234],[72.095184681321285,21.600527608300474],[72.095300343727459,21.600263349880453],[72.096355562599172,21.598994936940997],[72.096966583426138,21.598537841692306],[72.097160702040739,21.598427968176342],[72.09811407707582,21.598424544711889],[72.098570821538047,21.598304627461314],[72.098666570489712,21.597931261293706],[72.099413887347197,21.597500961199845],[72.099895913319983,21.596434747755108],[72.099904366794945,21.596125382135583],[72.098907266312438,21.594955318686235],[72.098662642631439,21.594610471035327],[72.099127118507781,21.594008325560257],[72.099398604103385,21.593788993892971],[72.099573520837353,21.593742873472564],[72.099362454158921,21.592096878026389],[72.099253762456911,21.591687854905661],[72.099058494021079,21.591515693822657],[72.098833593544228,21.591234461898434],[72.098696655745371,21.591052992429297],[72.098898021415636,21.590342616346359],[72.098780465112128,21.590142880987457],[72.097942233883927,21.589745577219229],[72.097824716725697,21.589554939098104],[72.097461095758007,21.588655532165244],[72.096789029396987,21.588448686127347],[72.095707659755675,21.588061340168895],[72.094450159090201,21.587419868947638],[72.094284084768546,21.587247597722079],[72.094106613272075,21.586665952041916],[72.094484798918245,21.586373462688066],[72.095096257100266,21.586034648398009],[72.095241314352265,21.585824873384325],[72.095006070928619,21.585389004882742],[72.094904226082093,21.5842703011092],[72.095144920044277,21.583659867545634],[72.095124052978136,21.583314213854177],[72.095220954354218,21.583222886397202],[72.09534595924957,21.582867613150196],[72.095529736210466,21.582612208882267],[72.0957915537535,21.582411113907749],[72.096121759049424,21.582282558641744],[72.096198571688234,21.582036634626558],[72.09607167107329,21.581927911537154],[72.095720821589566,21.581765400918609],[72.095027997473636,21.581231089060026],[72.094958866966266,21.580976588821471],[72.094606164455612,21.580359176583322],[72.094629516342124,21.578930688829431],[72.094882158840534,21.57886609982279],[72.094900424220043,21.578574894815073],[72.095317161014222,21.578200382967651],[72.095422633440961,21.577826983115514],[72.095323208157239,21.577299647644498],[72.095351571133094,21.577099387653384],[72.095564596076997,21.576862075008041],[72.095600342886115,21.576088607047353],[72.095852608025211,21.575933036804571],[72.095987853276924,21.575705099964761],[72.095563986603693,21.574332799742411],[72.095290709650044,21.57410632349346],[72.095298912740574,21.573733271159053],[72.095589894953221,21.573532072369762],[72.095812120395152,21.573167352806049],[72.095878830590181,21.57283048365834],[72.096051863268144,21.572329467880703],[72.096390878857349,21.571982525899315],[72.096555895133548,21.571900051971255],[72.097284155849451,21.571597204539845],[72.097882685045178,21.570494184810784],[72.098076728800123,21.570375212747951],[72.098554572238825,21.570266251807599],[72.099610745419923,21.569791139974317],[72.102632466853038,21.568923035525316],[72.102934580488622,21.566588938475107],[72.1046134668223,21.56592890699649],[72.105056125365749,21.565600326218682],[72.105470110365715,21.565192314253103],[72.106536050422889,21.564808440973707],[72.107516114597615,21.564221619966105],[72.107705865251091,21.564415345057778],[72.108162492575758,21.565173672684132],[72.108962578795854,21.564472617289745],[72.108552410126705,21.563528542365276],[72.10899593810386,21.56341203938668],[72.109770293598643,21.563338510729587],[72.111696175522553,21.563022153174874],[72.111938940463688,21.562340802829347],[72.113508462498316,21.562653168964147],[72.114085207646085,21.562765927427268],[72.114795104679146,21.563090283769615],[72.115181706952683,21.56317573731819],[72.115409378276766,21.563398770583198],[72.115624056392178,21.563527588843698],[72.11581274682176,21.563467977510751],[72.115911523719817,21.562996299103048],[72.116075071327231,21.562948563241328],[72.116327985252099,21.563183284750728],[72.116907297708011,21.563157575574849],[72.117133824686618,21.563109605527394],[72.11757353378006,21.562836971491969],[72.118405211827707,21.562916367212921],[72.118606746048229,21.56291561924095],[72.119021910186618,21.562796249340419],[72.119689291350412,21.562746637722732],[72.120983103590106,21.561905240971672],[72.121953582758252,21.562043015942418],[72.123050172774285,21.562215662268418],[72.123985641083749,21.563001611401724],[72.125304217275399,21.562065826296081],[72.125408268193056,21.562831319140795],[72.12537305763432,21.563432375036374],[72.125351049193583,21.564174775155873],[72.125352514610995,21.564516471355059],[72.125418375341297,21.565187844719567],[72.126296158695254,21.567199408953183],[72.126978119265658,21.568583288170924],[72.127498322974304,21.569453257546471],[72.128171975960029,21.570852872752489],[72.128415475791712,21.571818144250155],[72.128429748830285,21.572206922856097],[72.128818850068399,21.572611961223178],[72.128857898381511,21.572903438116477],[72.129842925187049,21.573474128187307],[72.13043793158235,21.573427691975795],[72.130910080847713,21.573372881891846],[72.131506426517063,21.573635735154511],[72.131684858267448,21.573387619967416],[72.132213615572752,21.573314917346273],[72.132961316415518,21.573621376341798],[72.133331269810839,21.573964616867666],[72.133880422382745,21.574236477983128],[72.133995523751551,21.574633709073684],[72.134449395529018,21.574720351926452],[72.135605015206707,21.575405239398631],[72.136311547303961,21.574934176276393],[72.136707383947055,21.574711736537012],[72.137142825675951,21.574904487500813],[72.139031388494914,21.574676326044546],[72.139487899816615,21.575363866686303],[72.139696912585833,21.575628176636609],[72.140236169198374,21.575794009382655],[72.140814111635365,21.576162944397947],[72.141561494114328,21.576389831506635],[72.142279522885062,21.576387064345003],[72.142656497410414,21.576173520421019],[72.143242022698189,21.576118237838365],[72.143515967750176,21.576108342634374],[72.143808300674863,21.575983493902875],[72.145379987182849,21.576737400213272],[72.14653477055974,21.577218960842309],[72.147205799250898,21.577269377219746],[72.147272640367092,21.577428184772771],[72.147407383132744,21.577984396574262],[72.148060502436863,21.578255805781563],[72.148082424611971,21.578936174821404],[72.146930526060572,21.579108557438488],[72.147132464650809,21.579903109190148],[72.148078715441088,21.580226401229261],[72.148617958647762,21.580383369170264],[72.148684409361366,21.580453806889981],[72.148384983647091,21.581108915826771],[72.148489738125321,21.581294086338417],[72.149858838379032,21.581094334041833],[72.149989060796713,21.580634298484767],[72.151047671853433,21.580727371173467],[72.151329610964353,21.580390460362416],[72.151685986255899,21.579796982999849],[72.152387112911839,21.580236091160124],[72.153925427400225,21.579850064524756],[72.154973474278989,21.579695716153125],[72.155375176891965,21.580781094060882],[72.155322940761863,21.581771050023061],[72.155296782753624,21.582257191061093],[72.155887339441847,21.583315312760583],[72.157133501117556,21.583089473515905],[72.158238295993314,21.582943717334782],[72.158389745823953,21.583004977980099],[72.159287319510725,21.583001426836571],[72.160203989539937,21.583041980392441],[72.160950513133415,21.583065530205356],[72.16121927286072,21.583992353215315],[72.161597200991451,21.583990852100079],[72.162419395489181,21.584031768639548],[72.163467824008237,21.583956898300215],[72.1641850407904,21.583768461229724],[72.165594596522311,21.58415166290877],[72.166643832522269,21.58425351014704],[72.167447132768842,21.584294477434092],[72.167769182153734,21.584469927014378],[72.16906561787502,21.584906574740099],[72.170150824597656,21.584610588624123],[72.170100859777932,21.584018708380004],[72.170440669167633,21.5839466443059],[72.170950708205936,21.583909241869645],[72.174484325895335,21.583894966520329],[72.176659128908625,21.5842572984266],[72.179243120297812,21.584666174466829],[72.179364473061781,21.584959590346561],[72.179678716333569,21.586591740022314],[72.179819332357368,21.587339302660617],[72.180255427610874,21.589368177794363],[72.18028693200425,21.58958892743949],[72.180257091733097,21.589724426435598],[72.180415647302695,21.59104904857297],[72.180432415293012,21.5913767349704],[72.180588843263834,21.59224535852184],[72.180829641419109,21.593234763531388],[72.180899639348439,21.59354085673467],[72.180863480033324,21.593954260707111],[72.1808033991678,21.594139759161255],[72.180720796066609,21.594396600742133],[72.180864625086855,21.595828158283496],[72.180897165167451,21.596269781535174],[72.180882161421167,21.596319718630038],[72.180854619858607,21.596946840287373],[72.181022161168329,21.596931904635209],[72.181146524942179,21.597458653230333],[72.181279341942897,21.598163494590121],[72.18132875545281,21.598954178416722],[72.181354679843054,21.599609581429775],[72.181310935480383,21.600030141360559],[72.181200823292741,21.600921229437521],[72.18112750342938,21.601534287978822],[72.181047197718712,21.60228275189613],[72.181003851990624,21.602788811181551],[72.18105159908464,21.603223246662399],[72.181086709812973,21.604213491294562],[72.181158915510764,21.604989831095683],[72.181217151665535,21.60603698154349],[72.181241409797678,21.606336136158184],[72.180896740928617,21.606333340405509],[72.179493350101197,21.606312566741408],[72.179430122744478,21.608708754145063],[72.178303052694119,21.608673586752914],[72.176750327313343,21.608550669186357],[72.175973896159363,21.608474292794948],[72.175807217885719,21.609210649738994],[72.176587028116089,21.61001275109351],[72.178296021189453,21.611725690757805],[72.178861331075808,21.612121049125559],[72.179980956898447,21.612832271917505],[72.181025057049453,21.613305197575574],[72.182197113075361,21.61385712458647],[72.183615428784165,21.614775870375937],[72.185343714957426,21.616041282473276],[72.18586484638611,21.616078900658589],[72.187004672066493,21.61655139286626],[72.188294617449188,21.617291678798601],[72.189036897642339,21.616881000031597],[72.189641482271668,21.616580246515586],[72.190676990816854,21.617470692315422],[72.19121050826341,21.617876080802343],[72.192083342720466,21.618091165697887],[72.192937616661027,21.618872993417423],[72.193761095496299,21.619883601250496],[72.194093860020416,21.620548298384023],[72.195313944017357,21.62296894540626],[72.195571458411465,21.623458319250989],[72.196922566425556,21.624367286065247],[72.197705306822456,21.62500026361894],[72.198534277338922,21.626401857334329],[72.199600180429897,21.62695410292929],[72.200453828503683,21.627586768361923],[72.201594085028248,21.628854479483916],[72.203654374171535,21.629434537255019],[72.205151309272566,21.630953355719473],[72.206755096203139,21.632338450459393],[72.207869538041805,21.633370988012494],[72.208836810923117,21.634221766501085],[72.210052849200906,21.635456181605502],[72.211347733956515,21.636604759682104],[72.212236881897738,21.637054048517417],[72.212984391449183,21.636589197353405],[72.214186383499111,21.635575254654825],[72.214632649051197,21.635214278484543],[72.215517377255807,21.634765924159119],[72.216001095373059,21.634584312107712],[72.217825643433045,21.633738640637411],[72.219130650351858,21.633228608896903],[72.220215869378364,21.632651127629494],[72.221768660213712,21.632328079532055],[72.222729215174169,21.632426493658819],[72.222893517919317,21.63237021075048],[72.2232635975314,21.632323718660153],[72.224721678187734,21.631804428565378],[72.225016163957036,21.631726203481737],[72.225542201226034,21.631326380359233],[72.226457856793061,21.630674795510437],[72.226703824644659,21.630494191695607],[72.227585215088709,21.62984916234489],[72.227762895805526,21.629726561528582],[72.227940351412457,21.629559079340932],[72.228753929310912,21.629068222634672],[72.229484892528973,21.628513607206198],[72.230216333329452,21.628055162626872],[72.231296229825446,21.62734512474557],[72.2313650283199,21.627459774362354],[72.232467386731088,21.626773553052637],[72.233224025894657,21.626314980574332],[72.2342704150293,21.627466307735986],[72.235387425761047,21.628420938649352],[72.236637084464604,21.629174134085815],[72.236933999356026,21.629364731682255],[72.237518805838732,21.629848616665399],[72.238602941925635,21.630901558887295],[72.239131842285587,21.631653472408562],[72.239892665613411,21.632016061967203],[72.240037002409238,21.632238574526159],[72.241187706035689,21.633233182021392],[72.241470633782313,21.633486316854544],[72.242084021148742,21.633952204874245],[72.242889125097733,21.634568979063253],[72.24386103218481,21.635131445501472],[72.24440134581549,21.635307550258499],[72.245609728657186,21.636368813539455],[72.245921471490448,21.636653052755154],[72.246837062569114,21.63739874064899],[72.24709597991874,21.637620731588601],[72.247858553939224,21.638313544199026],[72.248938537599571,21.639460158213623],[72.249525526573862,21.639426270027606],[72.250675520304327,21.639336280348701],[72.251596611964089,21.639291949094225],[72.252307827691226,21.639279804645042],[72.253214782634828,21.639271233145809],[72.253940388091152,21.639272405753413],[72.254627828106749,21.639278211597503],[72.255234187069249,21.639297772371737],[72.25701041869128,21.639378952005661],[72.257234357567953,21.639297596167687],[72.257338747719473,21.639176617143256],[72.256737472323294,21.63830012836819],[72.256390966097669,21.637761672387253],[72.257221255196953,21.637699871143987],[72.257178321659282,21.636789597112347],[72.25708900326967,21.636138393325343],[72.256974702412734,21.635273075000075],[72.25695696400868,21.634617081867809],[72.256906253880331,21.634046037513954],[72.256881549957569,21.633885478827523],[72.256743060347716,21.632957786936409],[72.256623363903429,21.631971989074628],[72.256485249898532,21.631115704408884],[72.256502019721012,21.630669319051062],[72.256389028556271,21.630053926707067],[72.256221976823156,21.629139753025282],[72.25610947583769,21.628618083021994],[72.256094459642739,21.628484258560899],[72.255825504058777,21.627249204970525],[72.255708117002115,21.626705241255415],[72.255644070635583,21.626321706339397],[72.25543933083776,21.625501427507501],[72.255220204675695,21.624667824350304],[72.254996563086976,21.62388333531155],[72.254561868073495,21.622898964416876],[72.253958504096744,21.62160294019067],[72.253634410995275,21.620774273191355],[72.253307223336307,21.619347564178536],[72.252979996321329,21.617911928102728],[72.252852967318972,21.617345689478721],[72.252945558876149,21.616791845868924],[72.252953787385522,21.6165374118846],[72.252951004245858,21.615077990454363],[72.252929625748862,21.614636240181873],[72.252692988857518,21.614101738980516],[72.25232562031546,21.613206317389142],[72.252136073763424,21.612970931964544],[72.25330043594316,21.612351057885547],[72.254638871597763,21.612236108985741],[72.256656695309999,21.612154354446496],[72.258246832721696,21.61192934931513],[72.260611769019661,21.611428582792993],[72.261212109690817,21.611189925401447],[72.260875132194528,21.61076501199215],[72.260076922279154,21.610506663294558],[72.259781614309247,21.610395727568665],[72.259497861887297,21.61040723100195],[72.2591457925638,21.609878037347425],[72.25877418410704,21.609787863354963],[72.258435003450913,21.609636294440797],[72.258095717099209,21.609464309880707],[72.257855096669374,21.60937353683051],[72.257767028048022,21.609231030082892],[72.257272003965184,21.608498329033338],[72.256303377223588,21.606951162868398],[72.255829987011452,21.606177527753378],[72.255247131629062,21.605343141705966],[72.254587717996955,21.604478477422671],[72.253653372815876,21.603216954522093],[72.253388028824304,21.602564861777239],[72.252780257307904,21.60112832295675],[72.252647641783895,21.600812483251833],[72.252547665936504,21.600476080361812],[72.252085285112145,21.599712590938292],[72.25173094982749,21.598734249677026],[72.251554469186942,21.598377776098907],[72.251397921946207,21.597653733899595],[72.251198560712524,21.597093208451891],[72.250823304162893,21.596288490594368],[72.250735040089111,21.596105149475825],[72.249930472802134,21.596182782616893],[72.249652506248125,21.59625293704142],[72.249431840929105,21.596322833007942],[72.248401397435444,21.59651886471228],[72.248078405293697,21.597385422723185],[72.248017756223945,21.598327359255254],[72.246995718223488,21.598569279651446],[72.244983944804318,21.598968743360878],[72.24406792467002,21.599133613287368],[72.242603706300798,21.599354515933488],[72.241810277416107,21.599480547422637],[72.240934596007889,21.599530383263126],[72.239133258838322,21.599461835209201],[72.237987317381126,21.599489888205113],[72.237242883548376,21.599592713302311],[72.235244574786677,21.600106879153003],[72.235187163354823,21.599993573266428],[72.234469098143478,21.599124778776844],[72.234523555070325,21.598510933294648],[72.234435865727463,21.597101104770196],[72.233898513518326,21.595542549098742],[72.233641813321,21.594854720195336],[72.233606251718214,21.594650341755425],[72.233247588735722,21.594285911762213],[72.233014131232295,21.593641039323746],[72.233239673633008,21.592714254947065],[72.232842856060486,21.591628735971884],[72.232151114930232,21.591405714409667],[72.232216710922629,21.590716464851301],[72.231806178987469,21.58918963736475],[72.231583273161107,21.588350945428161],[72.231481408630813,21.586402923948913],[72.230547397940597,21.586062543816485],[72.230174664361272,21.585181446575231],[72.229971341262882,21.58365370396292],[72.229747970097904,21.582718125325368],[72.230662943116627,21.581562254956697],[72.230612695178465,21.580722802927383],[72.229979364550715,21.580660989984192],[72.228392430531144,21.578633346237485],[72.228195861958682,21.578451200122934],[72.226321845259491,21.576543205287695],[72.225246053010153,21.575449858058672],[72.225153446836657,21.575342610751381],[72.224558202160111,21.573676618143445],[72.222873610342873,21.57281196737998],[72.222190217422394,21.572085953913479],[72.22202580966642,21.570858348728148],[72.222480465727571,21.570516630179046],[72.222692376595745,21.570054002940726],[72.223770537049958,21.567740781980422],[72.224178182490007,21.5673121484453],[72.224610733278169,21.566273602367801],[72.225602256558233,21.565276179471812],[72.226008111455783,21.564490378933005],[72.226200640070857,21.563879736727749],[72.226417242691667,21.562493667940505],[72.226904162552955,21.561158688808895],[72.226267620167917,21.560499391553307],[72.225658240437028,21.559683166760568],[72.225587420222638,21.558550982478547],[72.224786132244333,21.558467353963241],[72.224727618352375,21.557936207888385],[72.224678244028595,21.557370176075363],[72.224666508283178,21.556882383939271],[72.225398920081133,21.556225836829199],[72.22482690508609,21.553553898613583],[72.223950933261918,21.553427032626399],[72.224170787821549,21.552694312582314],[72.224281189999147,21.552423776778639],[72.224809803312709,21.551985904905063],[72.225306537426761,21.550755424491236],[72.225874598732815,21.550761663748084],[72.225778750419408,21.549797041469134],[72.228437782850875,21.548546478271259],[72.229594626796128,21.548154243068847],[72.23032447301479,21.548445302559834],[72.231103440970799,21.548627733809465],[72.231386876976913,21.549029154912628],[72.232132352628625,21.549134292748043],[72.231568304391089,21.547794554704886],[72.231067614450595,21.546983678677904],[72.230091663004643,21.545477963343792],[72.229714676584692,21.544573618451711],[72.229335779837641,21.54328597518947],[72.228855656870792,21.541615467352297],[72.22887979077025,21.541475977961628],[72.228745103948953,21.541023568759435],[72.228560932622329,21.540606221556466],[72.228127076347391,21.539911196380203],[72.227176303554501,21.538459555855241],[72.226858715398762,21.537841455558929],[72.226455669692029,21.536681677656606],[72.226317471105162,21.535520745550489],[72.226113912447943,21.53453045595748],[72.225724356634842,21.532751131736372],[72.224903305646379,21.530741374317575],[72.224702453459344,21.530293119983195],[72.224515773195236,21.529364702630929],[72.223779128515389,21.527679801487118],[72.224414966909961,21.525725662639648],[72.224757322880663,21.524671050449587],[72.226103139659358,21.522373103328292],[72.227174564284681,21.521485671515695],[72.227545675366542,21.519563648393564],[72.227295867081793,21.518145081848278],[72.220703917963405,21.519433295412462],[72.21887362429564,21.519709632269766],[72.216774358069188,21.519140472347861],[72.213839364982618,21.519153049719286],[72.212444832158226,21.519152714954355],[72.211713754321522,21.51901913844565],[72.210478065701267,21.518928234257501],[72.21109905472332,21.517937416513959],[72.211445407014821,21.51677392187079],[72.212001028811954,21.514410915988492],[72.212403045356311,21.512634148049969],[72.212522485334588,21.511059879802847],[72.212628745082512,21.510794083283344],[72.212710722109563,21.509558515703336],[72.212601342085193,21.509183842298441],[72.212805106830075,21.508862730943093],[72.212543627535993,21.50737243552539],[72.212601444218947,21.507198343303795],[72.213130309947019,21.507379080951932],[72.213148882933751,21.507177706848022],[72.213194333581498,21.50647298095258],[72.213448588863827,21.504477246236942],[72.212371948879479,21.504243948050288],[72.211129413233991,21.504075397668156],[72.210728241721526,21.504013056939698],[72.21004291355726,21.503823826735925],[72.209416160657085,21.503616045337004],[72.209337234289578,21.503469984199295],[72.208770366658513,21.501496039428208],[72.208553723464362,21.501176716413603],[72.207430752435471,21.501465119404866],[72.206561269960929,21.501606046370437],[72.205750712146752,21.501801618559551],[72.204705284754027,21.501952429056512],[72.204196354684399,21.501844778118354],[72.203471540639882,21.501573338882775],[72.203011321417776,21.501428879981471],[72.202315886134627,21.501166461751328],[72.201071807448429,21.500668449730032],[72.200621764507048,21.500606289493444],[72.200416537841065,21.500625449753041],[72.199263741492032,21.500813275487513],[72.19905925759258,21.500987977416891],[72.198591714173702,21.501355925124678],[72.198025525694163,21.501541288011534],[72.197293040316922,21.501709043741045],[72.197378366114819,21.503200103470324],[72.197452302649069,21.504352668230819],[72.196681957884039,21.504785923563727],[72.195970010380279,21.50516403333522],[72.195639152760805,21.505494804244499],[72.19486723148519,21.505598665491348],[72.194767071360346,21.507154546613172],[72.194734090972432,21.508444804093422],[72.192827019426346,21.508352079665944],[72.192671664453783,21.50858146893918],[72.192262528820265,21.508903408265944],[72.191375463622109,21.509474370512631],[72.191111904038991,21.5095669594809],[72.190117536496757,21.510193258036779],[72.190089628071519,21.510346475170067],[72.189815892871863,21.510375201964685],[72.189134067897555,21.510475412454454],[72.188833706020887,21.510541581898657],[72.187805158291212,21.510686503719363],[72.186610921847901,21.510881738952442],[72.186580873379498,21.510771328722335],[72.186477925589202,21.510362087033918],[72.186279267300264,21.509291472062234],[72.186235029873856,21.508834719764383],[72.186139800817955,21.508275760676955],[72.186070049902582,21.507763965863504],[72.186025887648057,21.507322969446118],[72.185921724776307,21.506653752319689],[72.185826941908161,21.506189329147308],[72.185724036766658,21.505787964655482],[72.185560726341436,21.505071720899608],[72.185508259095016,21.504654392780655],[72.185150296645332,21.503718358250786],[72.184926071843194,21.50289507050606],[72.185420648570698,21.50128336487159],[72.186744857081365,21.501167947808796],[72.186899988969756,21.500077528835334],[72.186893088667873,21.49860785221723],[72.186941434375981,21.497527870001807],[72.188469618942065,21.497631556969502],[72.189313999195235,21.497718056890093],[72.190532096611307,21.497763016187992],[72.190557728337993,21.49640318357433],[72.190517895029899,21.494753679543141],[72.190749801441783,21.494092853369185],[72.190184559818007,21.494295149181788],[72.187876851234037,21.494254676311073],[72.18673285875397,21.494059422383089],[72.186701701932108,21.494249512434592],[72.186242249900531,21.494231404199166],[72.186181669440913,21.494981503000787],[72.186025833326809,21.495921954876419],[72.185416441188195,21.495824476127254],[72.184186929547465,21.495619557831066],[72.184235996152609,21.49468954268092]],[[72.184398857514338,21.496727323668832],[72.183165000116389,21.496856789961519],[72.182538118807713,21.496823804851029],[72.182552964779987,21.495935057609902],[72.182362886410573,21.495900286606229],[72.18245552168581,21.495402243683927],[72.183158112724541,21.495381598484837],[72.184186929547465,21.495619557831066],[72.184398857514338,21.496727323668832]]]]}},
{"type":"Feature","properties":{"Taluka":"Jesar","District":"Bhavnagar","Dist_Id":"14","Taluka_Id":"14012"},"geometry":{"type":"MultiPolygon","coordinates":[[[[71.572667867268621,21.444403854088197],[71.573734093528302,21.443993787141455],[71.575949024448704,21.444069597008738],[71.579202863635501,21.443812088694049],[71.580105281390857,21.443914059463065],[71.583742367618797,21.444424280286359],[71.586230994692116,21.444909417506256],[71.587024091429598,21.445088207315614],[71.588008156702045,21.444524492056267],[71.589621133743563,21.443960435474445],[71.59057813748575,21.443883120275196],[71.591672037583095,21.444087325088411],[71.592246510170796,21.444471010021282],[71.592724493634762,21.444901550780404],[71.594094445605833,21.444974777307262],[71.595727681398401,21.444801205624056],[71.597018079014418,21.444085216448098],[71.598308678832481,21.443689844845746],[71.599941861566066,21.443466904781584],[71.60107448601336,21.443219588102838],[71.601916997515048,21.44250383097577],[71.603154622385219,21.441738499247361],[71.603944655108222,21.441343391888196],[71.604550436518593,21.441170368990328],[71.605182595454764,21.441046654671208],[71.607000772494544,21.441686757858395],[71.608607301850668,21.441093795353595],[71.609186714713132,21.440896109133543],[71.610187622797952,21.440698144031689],[71.61213644229305,21.439907612705237],[71.613664818242768,21.440498510071322],[71.614443582967823,21.440903191077766],[71.615554336170334,21.441202785749532],[71.617084365999688,21.441178618266484],[71.619354458995957,21.440807344353221],[71.620958461131011,21.440713775435263],[71.623919541674198,21.440365043451134],[71.627596470404427,21.440246759400193],[71.630064109125271,21.440060025151613],[71.631051311350134,21.440151673033668],[71.6320145226439,21.441005780023051],[71.633495926229969,21.441790155664751],[71.634195768675923,21.441491677287917],[71.636446807567395,21.440924486386159],[71.637510290508388,21.44067634036654],[71.638999166625538,21.440676340366519],[71.640558941605505,21.440871312239128],[71.642295963742271,21.441030834680241],[71.644387480192805,21.440889036954694],[71.646585344937222,21.44002052588629],[71.647152535839098,21.439630582141447],[71.6479605334643,21.439420352370085],[71.649166344717415,21.439701447594324],[71.650466080307311,21.439726737545953],[71.652641431835079,21.439486691577088],[71.655146625560491,21.439449118236098],[71.65687025221979,21.439544506418311],[71.659950039689392,21.439585680780429],[71.661541544567967,21.439434252592815],[71.662605239169295,21.438930616405383],[71.663734577619167,21.438180014848061],[71.665005085643415,21.437349907679163],[71.666389354532171,21.437189819963088],[71.667312379660672,21.437241806144517],[71.669224947548827,21.437857120152849],[71.671505042861739,21.43864838923254],[71.672635308138183,21.438726586555106],[71.67349224093681,21.438628706592539],[71.675139534558383,21.437895126226373],[71.676532589200946,21.437214703852703],[71.676946875121402,21.437126090007027],[71.678256448168256,21.437512677779026],[71.680332086571227,21.438298231450776],[71.680712560853749,21.438263891955195],[71.6815637091116,21.437872784423423],[71.68176153483796,21.436668080239873],[71.681541539763174,21.434598632208502],[71.681957927433274,21.434309781282057],[71.684167483838948,21.433510027452748],[71.685525181636905,21.432524579276709],[71.686266385668944,21.43120051387729],[71.687243574682498,21.430232439113908],[71.687569799946971,21.430299932691923],[71.689800278496406,21.431739414998276],[71.69190294638689,21.432398639990552],[71.692990046088852,21.432363461483831],[71.694456611878451,21.431547462155013],[71.696229957614634,21.429815000006286],[71.698077223125082,21.429185133664248],[71.700214601371087,21.42872454692727],[71.701409010179987,21.427688271553361],[71.702710777474138,21.425684872787226],[71.703706574280005,21.425174725316577],[71.705535820630772,21.424680516077181],[71.705361719042713,21.424277289015276],[71.705123989203415,21.423719337222138],[71.704709802429377,21.422689241179068],[71.704410681144751,21.421952439133399],[71.704196645089226,21.421938386212108],[71.704028141619759,21.421688097746895],[71.703561932630677,21.421717292705193],[71.703247443218686,21.42091609442771],[71.703117159385357,21.420665758628807],[71.703674926762019,21.420521942199631],[71.703391052262972,21.419749334711959],[71.704796824438276,21.419318204371262],[71.704748910383046,21.419062997792732],[71.705023868831589,21.418919522243439],[71.704816412814083,21.418139666561469],[71.704777937273192,21.417953632435022],[71.704716422487309,21.417688899799629],[71.704486030419744,21.41690191462212],[71.704148547533805,21.416050646812717],[71.703895400719148,21.415385356840584],[71.703704005903035,21.415156566561077],[71.703579574901369,21.413610812052319],[71.703448573793324,21.412838018165381],[71.703425040594269,21.412401471411197],[71.703439999525614,21.412165273153143],[71.703309594548799,21.411821896689176],[71.703179091245147,21.411406950489351],[71.703079100811635,21.410949025350508],[71.703009613169428,21.410440964359335],[71.70301645526358,21.409861241121199],[71.703030742381983,21.409138369315318],[71.703037505291476,21.408501390274626],[71.703074572017925,21.407671136104902],[71.703073781050762,21.407098578899934],[71.703370013177249,21.405774178887576],[71.7034685546502,21.405187187073878],[71.70327722339637,21.404994180753306],[71.703712023282463,21.404850641676237],[71.704870123402642,21.404409050323068],[71.705241713639651,21.404357412084153],[71.705776942345437,21.404070127076629],[71.706028273884499,21.404008397918414],[71.706709109628378,21.403621975722917],[71.707281939015445,21.403218047960511],[71.707957431479514,21.402831850530195],[71.708260858762131,21.402620442910063],[71.709317733074542,21.401729126512805],[71.709973054901468,21.400948409929317],[71.710244787326644,21.399131367500214],[71.710106798295342,21.39855349885444],[71.709761954864831,21.397195991397762],[71.709908468274605,21.396883849033159],[71.710936558039961,21.396451321509605],[71.711142048816754,21.396276732858588],[71.712335966971395,21.395348523541617],[71.712971982531755,21.394797201069984],[71.713930855408151,21.393942680847548],[71.714860366445649,21.393115718555457],[71.715427811239053,21.392582825124062],[71.7161126529288,21.391939675323663],[71.716484327115026,21.391526308931027],[71.717266978397518,21.39078210017755],[71.717394228473481,21.390708533147169],[71.718345244212756,21.391089054236399],[71.718595824290716,21.391131386512072],[71.719051256382443,21.391095243471288],[71.719179685517531,21.390675598906675],[71.719209818041364,21.39051914444962],[71.720341956598929,21.391200199528328],[71.720850114345851,21.39155690659592],[71.721226613704644,21.391867632947413],[71.721786820379393,21.392219065937329],[71.721988572255157,21.39262830229308],[71.722383161037669,21.393332125115663],[71.722584767411703,21.393643080104937],[71.722970144977566,21.394035691248629],[71.72318904489903,21.394215581470405],[71.723346879001397,21.394493833485679],[71.723574749235468,21.394821132360264],[71.723723254133773,21.394714463510986],[71.723916718577087,21.395418550634666],[71.723970374184347,21.396196534788523],[71.723875311525745,21.396941957216846],[71.723728224790094,21.397982291081341],[71.723676325999392,21.39835910302585],[71.723790413944258,21.398621032678001],[71.723739250265623,21.399481057044852],[71.723765897669736,21.399751293382138],[71.72375763828002,21.400070716633834],[71.723906796762407,21.400389929734335],[71.724047322746785,21.400782864726644],[71.724012939780906,21.401176033356109],[71.724039612982835,21.401462649666072],[71.723629085039619,21.401798989999296],[71.723515443040128,21.401831901757546],[71.723349800564904,21.402176104819375],[71.723350173784766,21.402421805972534],[71.723604293224398,21.402749069436606],[71.723360287916861,21.403322698487898],[71.72336958100081,21.403683048475237],[71.723396091677699,21.403863194330068],[71.723562582739163,21.404075913782307],[71.723886471415341,21.404272042830897],[71.724472806415605,21.404516960357089],[71.724674595461906,21.404934382704418],[71.724578655393003,21.405106502343617],[71.724544197898112,21.405450530668016],[71.72467610995794,21.405925376895546],[71.724737543177056,21.406064525412727],[71.724790393533993,21.406310156070855],[71.725053369081778,21.406702925637713],[71.725604732409266,21.406947885994978],[71.726164729997123,21.407119122426771],[71.726611095980445,21.40733146087095],[71.7269521209099,21.407290049262166],[71.727450938345129,21.407485934334222],[71.727809569322915,21.407518207523687],[71.727963520823707,21.407993223223897],[71.728016262946994,21.40816514248435],[71.727999939889685,21.40891864901085],[71.72767651757016,21.409033749280979],[71.727484081300233,21.409017630464167],[71.727273925228332,21.408854114608761],[71.72691540488583,21.408895550576503],[71.726889419899308,21.409059386692476],[71.727082754538657,21.409656998281587],[71.727520218754833,21.409762875635433],[71.727983705629313,21.409729485669718],[71.728116204765143,21.410572880069108],[71.728256688375424,21.4109248607346],[71.727636529739996,21.411449867010511],[71.72696330809967,21.411598200822468],[71.727585004373339,21.412064190286177],[71.728005123616839,21.412260180317009],[71.728337744257132,21.412431718385712],[71.728408222642457,21.412759224064175],[71.728854762069602,21.413069836508097],[71.729650716553891,21.413101507876572],[71.730271939980966,21.413256266256148],[71.730456355132915,21.413731035152253],[71.73317650991649,21.413776412742411],[71.73501342757541,21.413904887472025],[71.73860710613981,21.413269176515904],[71.739901409382242,21.413185428389145],[71.741942047593994,21.413097864492265],[71.74596604078485,21.413539728896268],[71.749185366816477,21.413960854765616],[71.750087673641048,21.414519142361943],[71.74884958213849,21.418248470067365],[71.748801889371038,21.418458501061387],[71.747875914150399,21.420214540475101],[71.747492760377739,21.420949967343862],[71.746886884381368,21.422585550650968],[71.746695088354073,21.42282578756851],[71.746439829050274,21.423426049191139],[71.745578940610741,21.425826856825431],[71.745643811098645,21.426306670314947],[71.745564127369207,21.42654674144125],[71.744562123744686,21.430792398027307],[71.744244368765251,21.432352563786008],[71.744112478644013,21.432603352638075],[71.744280321589486,21.432993178051404],[71.744474149904008,21.433443353213764],[71.744842833821195,21.433724883700137],[71.745331763945259,21.433849532180204],[71.746021686372515,21.43406163888783],[71.747079762953447,21.434235590730232],[71.74730093505957,21.434379432881762],[71.748125480037729,21.435017569639189],[71.748313296644042,21.435230410046053],[71.748647923343952,21.435160963298507],[71.749732289076732,21.435040253841734],[71.751613523265263,21.435024901305159],[71.751948266207449,21.435024397992681],[71.75331456897824,21.435342014830344],[71.753769863647037,21.435366398254327],[71.754881321417471,21.435427392155141],[71.756173683938613,21.435569588576179],[71.756655726349763,21.435575118629906],[71.75757276007937,21.435479687610545],[71.759587962086556,21.435501648497738],[71.760491503410606,21.435349808667258],[71.761435859488728,21.435561455589035],[71.762567159306485,21.435484467166475],[71.763470967276703,21.435483047538224],[71.763825829368741,21.435501293399181],[71.764287899824012,21.435569514888282],[71.764756541209451,21.435568774575138],[71.765800907887396,21.435548315489264],[71.766617523248058,21.435459262548342],[71.767320370504819,21.435395460063365],[71.767889457105426,21.43540708699188],[71.768659768401307,21.435625239615892],[71.769208909264862,21.435712112357901],[71.770668520342255,21.435778709490226],[71.771679714483682,21.435921240320425],[71.771687929269135,21.43674235998779],[71.77174826484341,21.436786139411677],[71.773328746425804,21.437040562723229],[71.774674382196892,21.437013287966138],[71.776649128563278,21.436872136765817],[71.777339322183792,21.437196940784183],[71.777620972224426,21.437440933360691],[71.777922458842909,21.437553260586931],[71.778540748364051,21.437803334689303],[71.779107672853556,21.437702123660006],[71.779312713475264,21.437756602420531],[71.779810442201978,21.437769476554983],[71.779605088077091,21.437550536902105],[71.780043504613815,21.437166059483989],[71.779134030276794,21.436167100626673],[71.779031068187663,21.435906873963983],[71.779367353859612,21.435700735668373],[71.779906664024182,21.434493779825601],[71.780241767870478,21.433670908909647],[71.781044622351075,21.432504623556095],[71.781336642691002,21.432120388307311],[71.781321821110865,21.432024476969627],[71.782007636113022,21.430899499021461],[71.782766443483027,21.429678458742003],[71.783131191812714,21.429061109475072],[71.783744295833046,21.428196645606469],[71.784459800437745,21.427304595239384],[71.784708022775135,21.426988954336853],[71.786071127442057,21.427932289331434],[71.786760526914463,21.42867119009459],[71.786899003333147,21.428759010308827],[71.786912691620998,21.428767691257612],[71.7865427757541,21.428098900593856],[71.786215897998446,21.427635984675433],[71.78672215101291,21.427216861099133],[71.786297566636776,21.426177594970166],[71.786307259524165,21.424956717631904],[71.785933000630422,21.424957356867203],[71.784784368417746,21.424077580537691],[71.785508472497852,21.423940696786584],[71.785870436008949,21.42382703681611],[71.785688508843691,21.423397784924855],[71.786348697030746,21.421441018972562],[71.786336580381899,21.421418431137305],[71.786855723231483,21.421428847354189],[71.786831246979148,21.42125932518432],[71.786396304112955,21.421090505162738],[71.786914871744543,21.42080701111465],[71.78698686520795,21.420580802362529],[71.787167753926312,21.420478753968471],[71.787117895264231,21.419676236020337],[71.787031996790461,21.418964213916201],[71.787199838799111,21.418364799731616],[71.787259957291255,21.418240349646027],[71.787610165048633,21.418296270269078],[71.787673875169688,21.418372138357721],[71.788175458462206,21.417959651741317],[71.788678059542178,21.418066593076801],[71.788762311238514,21.418331063785242],[71.78912811689014,21.418065817101475],[71.789357259258637,21.417496987436316],[71.7892417042913,21.417281573987946],[71.789900700320374,21.417084423400087],[71.790287026905389,21.416613326325422],[71.790652088823776,21.415975655221068],[71.79111276132636,21.416053260278115],[71.79142564248572,21.415494082850653],[71.791781553852971,21.415522865290793],[71.79196940137048,21.41524812160549],[71.792502126429227,21.414717960765124],[71.792804728606995,21.414256804595325],[71.792574277624041,21.414159201178155],[71.792562796828747,21.413649590502434],[71.792426561588726,21.413561622955243],[71.792468231038569,21.413463544328263],[71.792436423117763,21.413257787413993],[71.79281121105447,21.412257472635687],[71.793072744599087,21.412198211948901],[71.79310353674974,21.411894339731347],[71.793081490708431,21.411335744479214],[71.793321484223213,21.410972702681129],[71.792881817056582,21.410924468584085],[71.792933267734412,21.4104833519282],[71.793213716077858,21.409414596699197],[71.793160155462203,21.40879725284066],[71.793468733675766,21.407934058567012],[71.792845255865373,21.407775181297925],[71.789262931766217,21.40670523316485],[71.787073810580608,21.406077782152249],[71.785061224462751,21.405305133359292],[71.784740618769604,21.405222896002055],[71.784240616917586,21.405109917716565],[71.781920749418845,21.403972100960026],[71.781642961429043,21.403893437768293],[71.780869652501082,21.403499084611106],[71.780337920134485,21.403183454166911],[71.777510085600042,21.401492513195912],[71.777171843325732,21.401357421029456],[71.776966509620365,21.401289934510469],[71.777062544597527,21.401007168197307],[71.777303110085469,21.400554598256196],[71.777120278872673,21.399616643030509],[71.776950627777936,21.399266489772224],[71.776684730612786,21.399086059795064],[71.776188662124468,21.398465140578406],[71.775367663872146,21.398364752017702],[71.774909040866262,21.398399417461935],[71.773967189465779,21.398220089935897],[71.773701928946437,21.398378783480446],[71.772784702687005,21.398459408292535],[71.771083004051079,21.398609124013976],[71.768463430755148,21.398488990978297],[71.766520066503702,21.39850339537093],[71.765312974576119,21.398494005281002],[71.764492287901291,21.398563127685843],[71.764478143646556,21.397410109479857],[71.764440773245752,21.396765822174618],[71.764259145940713,21.396449587504986],[71.764040942579783,21.3959299324219],[71.763955799879071,21.395568328147345],[71.763833493295124,21.39467547908524],[71.763784745430584,21.394415556317703],[71.763313352998509,21.394054558703324],[71.763010987826348,21.393715903394902],[71.763057005109772,21.392449746675506],[71.763141112477271,21.392234832521819],[71.763344666887704,21.391318862483679],[71.762812611945009,21.390777089192849],[71.76288440629574,21.390426542463356],[71.762797930637021,21.390312685988782],[71.762825014620361,21.390132978908888],[71.762783364819867,21.389829325351428],[71.762787412755813,21.389538433376071],[71.763179671399399,21.38923409956681],[71.763722999120233,21.389122025255585],[71.763886176836351,21.388424498626158],[71.764416029345824,21.388440775192322],[71.764973378970865,21.388508339411274],[71.765590097996096,21.388571530055692],[71.766074369651278,21.38863920629348],[71.766581471169914,21.388702567119598],[71.766983498735812,21.388753260488869],[71.767051971488456,21.388731762847357],[71.767083905696524,21.388907229973718],[71.767553148605927,21.389567604449439],[71.767767830996149,21.389481028550211],[71.767697821115604,21.388956554153737],[71.768079421499579,21.389339444033347],[71.768865395228019,21.390101625527311],[71.769263471120468,21.390477935174726],[71.769375825466355,21.390625671149941],[71.769748159264282,21.390854104574522],[71.770457325062864,21.391396913056713],[71.77064106914321,21.391577933486968],[71.771176782341087,21.391992188260613],[71.771850277809421,21.392525505363871],[71.772176661241744,21.392696749813837],[71.772600200056445,21.393058695482399],[71.773416484436183,21.393658574893948],[71.773671748878101,21.393939676633885],[71.774013590910329,21.394201550565125],[71.774136124767963,21.39433972360057],[71.774646410294494,21.394768323014105],[71.775182208830529,21.395215964930863],[71.776023873699458,21.395753760260586],[71.776158990842305,21.39516126352061],[71.776298599448069,21.394992548458227],[71.776477658435979,21.394542959717466],[71.776696659435174,21.394074584308736],[71.776936176792731,21.393886983277675],[71.77879289450388,21.392685790679081],[71.779212129642588,21.392404284730979],[71.779651779085668,21.392347390548633],[71.779899584849105,21.392579814272061],[71.780932866296908,21.391977858475904],[71.7811572579527,21.391724754791593],[71.781808223374611,21.391112903743213],[71.781998800535376,21.390817734457784],[71.782447454591889,21.390248342222659],[71.783213254529471,21.389291499517892],[71.78379191066584,21.388652966617546],[71.78449644020202,21.387919765705639],[71.784622044408351,21.387683421172717],[71.785150309814526,21.387068582217008],[71.785326565183198,21.386950216787497],[71.785477379221447,21.386713828728215],[71.786180972718526,21.385508359328551],[71.786633450887379,21.384822805483189],[71.787715613144826,21.383829200756114],[71.790132842980341,21.382266570088252],[71.791265852070765,21.381508986184855],[71.79486833914757,21.380156744436981],[71.795321423616201,21.379801750353067],[71.796908035420259,21.378972490212018],[71.798799695128267,21.379394169242019],[71.799076245232698,21.379015866202131],[71.799841325272524,21.378405490507461],[71.79990684911651,21.378353215630202],[71.801571855580761,21.378893334082377],[71.802278916153668,21.379458777356795],[71.804472002614062,21.37933674674737],[71.804875569001993,21.379430466569264],[71.805834850640821,21.380042662492784],[71.806048234829518,21.380206570763335],[71.806117906611803,21.380294760335016],[71.807347054946518,21.379529545639983],[71.807868658422507,21.378916402744554],[71.808054413623239,21.378443803492377],[71.808268288855132,21.378023625520719],[71.808398257332541,21.377664820167574],[71.808471982892911,21.377201171781273],[71.808592118214307,21.376606255107085],[71.808721809631905,21.376116267064678],[71.808565367103228,21.375615209303689],[71.808053038484218,21.375082596460249],[71.807306561349506,21.374331516880549],[71.806794697817807,21.374017793183334],[71.806123423190414,21.374306317270857],[71.805334305247442,21.374116222443966],[71.804836429414124,21.373501487952257],[71.80425191225757,21.373365739753094],[71.803638212689094,21.373243723180138],[71.803024711174217,21.373217470157247],[71.802280150502924,21.373382983307422],[71.80134487189811,21.373138409240184],[71.800964868650283,21.373015963119286],[71.800686827329017,21.372756524668851],[71.800014570596829,21.372566195251995],[71.799050283759215,21.372417426330731],[71.798319413636079,21.372131428293347],[71.797836317642933,21.37158505070331],[71.796856744196049,21.371094273967881],[71.795994296869893,21.370740093841267],[71.795686324958439,21.370115875897714],[71.795257127895596,21.369733566364975],[71.795022161045679,21.369095537761861],[71.794631405594998,21.3684577822549],[71.794006677275831,21.367674506105338],[71.794103426780225,21.367364236287262],[71.794199265103288,21.366597938038186],[71.793872946454584,21.36571685153476],[71.79291070761272,21.364940241715082],[71.791947804150013,21.363823124827146],[71.790935100302377,21.363776239425494],[71.789792766933175,21.363826858148531],[71.788273379157559,21.363943527033751],[71.78645460846127,21.363623264233325],[71.785219195838479,21.363467272610475],[71.784183285110984,21.363332492708018],[71.782732924886702,21.363097799003665],[71.782357148068883,21.363163106483299],[71.781521674259068,21.363538187984862],[71.780739581622299,21.363747895175266],[71.779609201124401,21.362341300196924],[71.779294455496725,21.362226845948594],[71.777644359400838,21.361834345318844],[71.775625777670982,21.361298710984755],[71.772594142950723,21.360520371244412],[71.770107463796705,21.359884823464547],[71.767889286485087,21.359241624378125],[71.765387073051869,21.358476680509789],[71.762109700166036,21.357490140283588],[71.760490258582067,21.357025560718913],[71.757750089595888,21.356131520503176],[71.754894912471016,21.355251982069223],[71.753689839691674,21.354837010078104],[71.753473642030443,21.35401811570534],[71.752199409300587,21.353524189560119],[71.751027489402546,21.354546378163022],[71.750506531830993,21.354942394098767],[71.750075694486355,21.355275155039731],[71.749919513359828,21.354793927580246],[71.749641545908503,21.353816479140722],[71.749287194856763,21.353054848325904],[71.748871494577358,21.352322068219255],[71.748517005714959,21.351474153827112],[71.747332235214159,21.349807784276717],[71.74763863362756,21.349447824631934],[71.747221625746107,21.347924123590566],[71.747036053488273,21.347104717494641],[71.747157502372403,21.346299240071527],[71.747170369520106,21.344818046356139],[71.747107959136244,21.344214163891131],[71.746978954656726,21.34356244478019],[71.745995405698579,21.342854457315415],[71.746854586441856,21.342623111844478],[71.746502629983411,21.340207730496907],[71.74590762859134,21.339307433683921],[71.745087421314707,21.33834994176895],[71.74418637987111,21.338006124867285],[71.744668549657391,21.336695213619429],[71.744338682259325,21.335229962347281],[71.743646244780692,21.334515145187702],[71.742041760074883,21.332267735403427],[71.741932057822069,21.331927025412931],[71.742113124249158,21.331415462848359],[71.742847070240913,21.331143913674236],[71.745167240882594,21.331591362332247],[71.746709858495763,21.331854971507106],[71.749279006863958,21.333608208406133],[71.751845670902213,21.333870248393552],[71.754214942183509,21.334132547748776],[71.75674261926558,21.333250192981385],[71.757864363364632,21.332693625615498],[71.762367537564828,21.332686657493724],[71.765390111160869,21.332624115878463],[71.765991509878702,21.332594266901335],[71.766759766850669,21.33273176202712],[71.769629445781149,21.333394737455048],[71.770129337235076,21.333515308291904],[71.771248983282291,21.333522174822228],[71.771637886528694,21.333668928802354],[71.772189522057161,21.33341373029603],[71.772819119839113,21.33362077831681],[71.773792776499107,21.333075904837301],[71.774162428471698,21.332820996199672],[71.77435941949463,21.332601046755702],[71.774556517464944,21.332438893761434],[71.776146444870008,21.331580896042478],[71.777366452470162,21.330839087811608],[71.777390757696196,21.330642538395654],[71.777425227254056,21.329290034944705],[71.777386977466364,21.328631213750281],[71.77721236919875,21.327625836108403],[71.777025860328806,21.32685166529372],[71.777000752575262,21.32662051911678],[71.777037090867111,21.326262118544197],[71.777159917366745,21.32597293167834],[71.777847541182012,21.324249449389384],[71.77798263587998,21.323925563471494],[71.778179544104418,21.323670931476421],[71.778080763481526,21.323624857335275],[71.77816579176168,21.322919594459847],[71.778545065130743,21.321242856209903],[71.778935197037086,21.320753297980232],[71.77889278895131,21.320634787405375],[71.778619051959666,21.318643081607718],[71.778499387628187,21.317821118582813],[71.777603883611249,21.317174356394169],[71.775914846483772,21.316260109293712],[71.774817239437496,21.315803392958237],[71.773735955391274,21.315046237554636],[71.77216561062292,21.314421623728357],[71.77157982960253,21.313958786798445],[71.770273142067751,21.312948999468869],[71.769034692436392,21.312339633199134],[71.767660126034102,21.311098041655619],[71.766489040411841,21.310404224724941],[71.766958308202561,21.30865375000851],[71.767226167667815,21.307493864473745],[71.767291825797074,21.306481867411939],[71.767335791823754,21.30567479847064],[71.767728976133924,21.304201256543902],[71.768727324543136,21.30259582230871],[71.769157560042927,21.302300551339368],[71.769506455904747,21.302092693530568],[71.770075400617515,21.301251673153772],[71.770202908316193,21.300945974540941],[71.770214351211607,21.300836851184528],[71.771480882058597,21.299481911154338],[71.771863711431791,21.29873937925073],[71.772176744534022,21.298029690823984],[71.773420736403551,21.297100282129126],[71.774431488309915,21.295963945154476],[71.774547644504423,21.295821919221289],[71.775035530565361,21.295242866177929],[71.776324580219026,21.293527806231335],[71.777079393557045,21.292511888735991],[71.777300094508121,21.292249673250925],[71.778097266151846,21.290993819807159],[71.777624484853362,21.290887229616171],[71.776979253994597,21.290458810530321],[71.776377163949462,21.29012426725788],[71.775545848844587,21.289736411845418],[71.774972056490483,21.289213918815715],[71.774283779825396,21.288731874222552],[71.773623751037647,21.2880350398441],[71.77319312515408,21.287485465196099],[71.772633521629942,21.286882412989254],[71.772016716125862,21.286319715198957],[71.771471491174978,21.285743478373586],[71.770811243307747,21.284912419635265],[71.769792221191722,21.283652450971267],[71.769232475114464,21.282955437888845],[71.768930977986699,21.282526437188725],[71.76847150266417,21.281842682599937],[71.768227240098668,21.28138674664671],[71.767854175221004,21.280971279170441],[71.767308452863347,21.280099759700985],[71.766920904840347,21.279590363704205],[71.766763390261843,21.279590613239588],[71.766447901918795,21.27933610728045],[71.765845760247501,21.278934418701176],[71.765472876803116,21.278612894770582],[71.765557564946349,21.277928273196871],[71.766172765797734,21.277632032847031],[71.766244072632162,21.277470864132621],[71.76529762718593,21.276707341145556],[71.765110659755038,21.276251309992571],[71.764421948011929,21.275473954726358],[71.763532896480882,21.27476401672422],[71.762327361217885,21.273222443597696],[71.762153300133065,21.27196110793583],[71.76198009719586,21.271182939125882],[71.761305696884406,21.270378705348278],[71.760506657642637,21.269972940714606],[71.759690926588689,21.270394579710004],[71.759116437656729,21.270675717355285],[71.75836958370823,21.271032570232393],[71.758267196471607,21.271668686393969],[71.757634357115009,21.271464854824035],[71.75731229129596,21.271422231097212],[71.757151164832138,21.271347024294958],[71.756645441175365,21.271498700951565],[71.756381247284594,21.271671566688237],[71.755691507833674,21.271812741428899],[71.755082227887868,21.2719322336213],[71.75493295438352,21.272061807194653],[71.754588314924945,21.272267128746783],[71.754013753385237,21.272515912275033],[71.753324265896865,21.272807982572676],[71.752623220668085,21.273067730479919],[71.752381945347025,21.273197439728264],[71.751933746159636,21.273370574064039],[71.751360036123685,21.274125958919974],[71.750268713335984,21.274817437716653],[71.749590889352106,21.275217265179254],[71.749154344024973,21.275487385619584],[71.748694416704339,21.275531181087178],[71.748476115805133,21.275650071879113],[71.748234904915449,21.275822890998604],[71.747303871483908,21.276104513551704],[71.746637048567564,21.276213280840476],[71.745797795325345,21.276365413057597],[71.745004576313249,21.276539032101436],[71.744556518510961,21.276809157429366],[71.744430337857366,21.277003362037153],[71.744476854714534,21.277315884675478],[71.744235689766157,21.277521034938754],[71.743467591104746,21.278988086699698],[71.743341743979485,21.279387090385121],[71.743285181743218,21.279958457387082],[71.743090720653996,21.280594697214458],[71.74252716589227,21.280573951687298],[71.742550732111113,21.280918844694693],[71.742461360665033,21.282525039267906],[71.741817083380155,21.28237506003601],[71.741495930508833,21.282903690128254],[71.741462009328771,21.283259444596503],[71.741124922073851,21.283704638092125],[71.741244652285104,21.284291426234663],[71.741450302059278,21.284594731296057],[71.741981007458946,21.285585728743335],[71.741668949228099,21.286243976257531],[71.741647932396532,21.286598206072075],[71.741648643310711,21.287033364606799],[71.742318835894707,21.287477681026491],[71.742750499722121,21.287325259465806],[71.74317148131037,21.287243692147719],[71.742816167109794,21.287861524154788],[71.742405931662233,21.287912715161092],[71.741272420872363,21.288076262943861],[71.740592402050311,21.288229035772083],[71.740063880801927,21.288583989711075],[71.739837206810549,21.288634912672443],[71.739610844167757,21.288878114666357],[71.738801832840622,21.289395383384619],[71.738154769615406,21.289902299252759],[71.737745323944225,21.29044935723142],[71.737304617762149,21.291704857327279],[71.737057136658876,21.292251685209951],[71.736985046195358,21.292376711782723],[71.736419995665145,21.29222222117216],[71.735685332621443,21.291980371551958],[71.734582957224774,21.291374711883574],[71.73307112536051,21.291316091608206],[71.731439169151258,21.290397423735943],[71.730228228297392,21.289397204701096],[71.729125063336426,21.288255150168581],[71.728011429623649,21.287315502229045],[71.727168235736812,21.286689202033024],[71.725773530480538,21.285517157870142],[71.725427711253388,21.285325341150052],[71.72333190693297,21.284629853488159],[71.723125881911429,21.284053286440507],[71.722348196907362,21.283882274935038],[71.721570422726799,21.283650539914643],[71.721148243789671,21.282932574482889],[71.719830045452312,21.282327099866809],[71.718922534219161,21.28197408168332],[71.718414307545004,21.281468741124716],[71.71786328230597,21.281226574575786],[71.71739860807206,21.280964054751575],[71.717361838826349,21.28043448836446],[71.716814141446292,21.280003407151749],[71.716280883053201,21.279599292271051],[71.715834399113916,21.279464931484966],[71.715445579892233,21.279384469159805],[71.714753948562205,21.278967058512048],[71.71443662383497,21.278549168889164],[71.714148210500241,21.278212201997267],[71.714035338379105,21.278071158677651],[71.714200332243664,21.277291740097159],[71.71414668747515,21.277159722381512],[71.713789152958313,21.276826578577055],[71.713873062597273,21.276069577200317],[71.713373023720777,21.275622049811894],[71.713638398598889,21.275442448891408],[71.713793230953016,21.275009292887393],[71.713743662930852,21.27471456341252],[71.713095338098825,21.274361184040931],[71.71138830218851,21.273573972943495],[71.710491747688664,21.273281614826629],[71.709519576177499,21.272958985887573],[71.708979436667519,21.272747136236767],[71.707985436663492,21.272252485037374],[71.707013008365692,21.271737561345081],[71.706397201263812,21.271454956097113],[71.704636292840149,21.270698101900329],[71.704139368858591,21.270496304109582],[71.704030984303444,21.270192834528544],[71.703760554159231,21.269818720690385],[71.703306751022808,21.269566268097009],[71.702046187164939,21.268859382145664],[71.701269371443189,21.269251619659272],[71.700406233950019,21.269684436412689],[71.699126222209557,21.270563023272132],[71.697800881063358,21.269849435417459],[71.697411898651012,21.269620504187174],[71.696756926502218,21.269334535986918],[71.695957514190255,21.268981266354036],[71.695827661607808,21.268758776559903],[71.695546645387594,21.268526342107172],[71.694921169278146,21.269073548641838],[71.694446827032948,21.269610458480507],[71.693918723732281,21.270319469417732],[71.693540948320475,21.270400864027277],[71.692538100482878,21.271353296049814],[71.691459541755265,21.271955141280987],[71.691447038542861,21.27138187542527],[71.691869561444378,21.270686843924345],[71.69210415162533,21.270190468824783],[71.691032716877871,21.269320742020902],[71.69138468098005,21.268636816186774],[71.691548743418934,21.268173595699238],[71.690759799764294,21.267457890218903],[71.690276985602992,21.266995401903529],[71.689876193024787,21.266290278033445],[71.689393202131328,21.265684467150606],[71.68925193969703,21.26558540421302],[71.688746274302176,21.265641094426055],[71.688463596218554,21.26532169662147],[71.688522163984558,21.265134212467903],[71.688957203944881,21.265034503628087],[71.689050942084904,21.264758782839394],[71.688838972854313,21.264549552566191],[71.688450600316116,21.264351543983359],[71.688250211508702,21.263998979837169],[71.688244494702161,21.263965917837645],[71.688220219248549,21.263825525467912],[71.688010470962155,21.263136568463892],[71.687877992084907,21.262670729874916],[71.688445807427385,21.262422837933318],[71.689094684867584,21.262098773759316],[71.689581152394027,21.261708320363955],[71.689824366911694,21.261498828272373],[71.690045814119841,21.260138659278404],[71.689730113078198,21.259197532073426],[71.690559832694362,21.257513338754862],[71.690590108109234,21.257389675441459],[71.689766977193955,21.25629696197209],[71.689795852001609,21.255079658150859],[71.689805277865389,21.254518561483117],[71.689448501727426,21.253178062007176],[71.68928570335747,21.252797847432163],[71.688909823355829,21.252379831797679],[71.687966327055548,21.252333336538889],[71.686991437857571,21.251526075809451],[71.686189706411625,21.251270194650036],[71.685458738442094,21.250814523114609],[71.685514205409504,21.250195214525036],[71.68532388046971,21.250195423801575],[71.685003737898242,21.250155224703118],[71.684545076433565,21.25003407537417],[71.684094976156345,21.249839924297426],[71.683549724968429,21.249653985730898],[71.683540802676745,21.249435021985448],[71.682744362346554,21.248997940009207],[71.682406721265792,21.248795552334865],[71.681748982611097,21.248585399131834],[71.681186327810721,21.248310260175735],[71.680874762217343,21.248205162940963],[71.680251780293034,21.248116618531437],[71.679308446811689,21.247809439196132],[71.679316911381747,21.247655337703662],[71.679126462218619,21.247550108390161],[71.678529456512848,21.247477750259172],[71.677551604477927,21.247235478623388],[71.677456482706262,21.247268019269793],[71.677188192860768,21.247176386527677],[71.676865068793603,21.247046963585102],[71.676772998296755,21.247220076278097],[71.676334425484001,21.247004265205927],[71.675780764564891,21.247004843190577],[71.67541165727512,21.247005227503902],[71.674673391697425,21.24696273971507],[71.6744314577859,21.247211700875116],[71.673947257566695,21.247428471209219],[71.673589531848634,21.247299077666803],[71.673139542444815,21.247180591618093],[71.672735591372046,21.246975549119124],[71.672204811211387,21.246813889241199],[71.671328057356149,21.246706647068958],[71.669550890495671,21.245973124124117],[71.66800441825562,21.24522853913216],[71.667266090194829,21.245121137808678],[71.664761765822774,21.243912488765744],[71.664446098304168,21.243803108697357],[71.664040632015528,21.243495224742379],[71.663241220008146,21.243143487193393],[71.662410767284683,21.243056160572106],[71.661830860524475,21.242851085275799],[71.661454642952847,21.242660501175664],[71.660404887160382,21.242602750522703],[71.65955642441827,21.242880424314507],[71.659512428879395,21.24280374206602],[71.658992980141349,21.24242575918479],[71.657249690213973,21.240902686335343],[71.656926436756734,21.240621835675142],[71.655901594491809,21.239789936950935],[71.655565075446077,21.239450841221185],[71.654219077693639,21.238155059599379],[71.652886120035589,21.23694410673523],[71.651410853836964,21.235624175844158],[71.650039069372554,21.234328383060724],[71.649003894999339,21.233468661973482],[71.649197192936839,21.232838164389939],[71.650037671528011,21.232946514176593],[71.650205327949038,21.232534228272062],[71.650204984259744,21.232194821830912],[71.649920173386235,21.231819303336078],[71.649751599173939,21.231322464513973],[71.649761898187137,21.230671806691383],[71.64912495742827,21.230309999193597],[71.648760943813826,21.230054528771664],[71.64822626115344,21.229639337717551],[71.647873373732168,21.229138721827166],[71.647475485722765,21.229107096026954],[71.647224717252243,21.228414545641382],[71.647281151535182,21.228009492764404],[71.647007757095992,21.22742354161192],[71.646939131757975,21.226997281699415],[71.646744751699146,21.225846387583953],[71.646403802722148,21.225910631630047],[71.645596405799608,21.22557027422441],[71.644538865388796,21.225155521349276],[71.643435862910536,21.224740800438042],[71.641457448471527,21.224156280215272],[71.640695671341078,21.223954414935399],[71.640274812949329,21.223656341249146],[71.63930813581085,21.223134899843629],[71.63802315467747,21.222571081395873],[71.637068046269405,21.222252119596334],[71.636329037923744,21.222071532006183],[71.635750533118014,21.222004497531838],[71.63522672363365,21.223748093270107],[71.634908213125911,21.224826357301733],[71.633807711667416,21.224887933939058],[71.630139339950958,21.225062787307085],[71.628661095415154,21.225013336712891],[71.62787040013022,21.224614948966479],[71.627528994838457,21.22392053031416],[71.627713746566741,21.223375069193267],[71.627880301216962,21.223208220612843],[71.628191543062357,21.223291345777429],[71.628068982970149,21.222926733369167],[71.626901385457685,21.222094002654153],[71.626144966669017,21.221240116659331],[71.625633527663652,21.220959153770863],[71.625544711475442,21.221063421432252],[71.624899707420752,21.220532471758492],[71.624074307373959,21.219981268366553],[71.62434213526835,21.219920179506687],[71.624620657627361,21.21920308037145],[71.624571570179214,21.218554498375269],[71.624530071935297,21.217458563215025],[71.6245635427927,21.21667123531487],[71.624782096059988,21.216805491562258],[71.624884021579547,21.216248543171659],[71.624924844360777,21.216088491979939],[71.62534795724811,21.215953760767011],[71.625627637509012,21.215723122674653],[71.625395297506941,21.215428856736839],[71.624978732172323,21.21523073952897],[71.625196873463636,21.214878531699629],[71.625415121860826,21.214654340315107],[71.625530971853749,21.214423823959596],[71.625585380772293,21.214186952385283],[71.625742197783779,21.213969207084283],[71.626137580669038,21.213341629742548],[71.625406787328259,21.212868511739934],[71.624867246796768,21.212536067755742],[71.624143223282843,21.211986129084337],[71.623671954390275,21.211660031863264],[71.623610280360936,21.211372039061011],[71.623473696183012,21.211295328855105],[71.623091221970967,21.211033173467243],[71.622421904578303,21.210585600889729],[71.621684273927258,21.210067665559873],[71.621062684046649,21.209543242970099],[71.620495736978583,21.209057184141745],[71.619990288666017,21.208647889843089],[71.619812676072712,21.208475193080851],[71.619464453047129,21.20834742281524],[71.619327781212974,21.208155494029711],[71.619136497718699,21.207957202811034],[71.61875397832398,21.207618227295956],[71.618180306911881,21.207240979663215],[71.617654439358418,21.206889300154089],[71.617162607334734,21.20641597925815],[71.616855225242119,21.206134554851964],[71.616684374670839,21.20587223815922],[71.616602395151574,21.205782682884383],[71.616172161988516,21.205514143662789],[71.615919514398257,21.205392701094532],[71.615680538633114,21.20529685218083],[71.615318595611271,21.20506666907573],[71.615011249535513,21.20482364632015],[71.614621936729208,21.20450386842932],[71.614348711556474,21.204248019586117],[71.613925312575233,21.203979469933799],[71.613979790309813,21.20381301106104],[71.61410243605647,21.203531290817377],[71.614300143730915,21.203223916300498],[71.614184043836332,21.203140783746861],[71.613945087536891,21.203064134875628],[71.613774211334515,21.202757009165442],[71.613610078236192,21.202341064248202],[71.613555189650697,21.201969851719223],[71.613527461778148,21.201412996174533],[71.613500007951387,21.201214588180004],[71.613015452237249,21.201291723257892],[71.612749148730842,21.201151082424932],[71.612462310960197,21.200933644597956],[71.611745210574853,21.200377246157654],[71.611321760193647,21.200019077872152],[71.611062563556871,21.200249679210238],[71.610768928348747,21.200064247209156],[71.610195230391241,21.199584558273354],[71.609546423095708,21.199060110077014],[71.609204943448646,21.198778693497143],[71.609054746179282,21.198727583664233],[71.608843091959926,21.19863810816442],[71.608283079862076,21.198190408075742],[71.607606979197385,21.197659568930664],[71.606889871316042,21.197045541832022],[71.606234279719317,21.196546688399241],[71.60612496917112,21.196399537359149],[71.606042782012992,21.196002735761613],[71.606247362950228,21.195752973781222],[71.606670118192369,21.195176630178668],[71.607215604586699,21.194433785330645],[71.607604323576965,21.193991878967797],[71.607856624500627,21.1936716751514],[71.608116052171439,21.193767522269411],[71.608318770574712,21.193572521840906],[71.608452033603569,21.193287953716975],[71.608560920789301,21.192855470152292],[71.608572888181797,21.192627876323144],[71.608160146568309,21.192355037604429],[71.607856815021222,21.192366610772183],[71.60748769329966,21.192285757416307],[71.607168750282128,21.191887497759279],[71.606885398031253,21.191743788064787],[71.606389784426369,21.191843716342891],[71.606012253675843,21.192032116300187],[71.605599496642583,21.192475110508298],[71.605375312049802,21.192552729204074],[71.604867947282642,21.192730139111394],[71.604525974360755,21.193139881558853],[71.604195987945587,21.193815257352988],[71.603404802491994,21.193184844877905],[71.603133076859436,21.192786548717372],[71.60279066270904,21.192565389431451],[71.602200291936782,21.192178353635274],[71.601350143796211,21.191592240592673],[71.60074796364421,21.191183069938742],[71.600429414895999,21.191338217095712],[71.600276130869744,21.191548607662384],[71.599934207481468,21.19204688805408],[71.599674881574657,21.192522982244707],[71.59882506514468,21.192423865758229],[71.598305634608209,21.192213869167098],[71.598152514773929,21.192678830821347],[71.59766854144263,21.192546290457699],[71.597290693491956,21.192269798481753],[71.596747870461698,21.192380794074005],[71.596004425470952,21.192514038805442],[71.595626787183065,21.192558526499024],[71.594954004398943,21.192459290273465],[71.594517081009556,21.192072141279137],[71.594080159895626,21.191684991128991],[71.593560522624827,21.191131859646092],[71.593040826875509,21.190479110946566],[71.592485688756909,21.189759969573757],[71.592049458224622,21.190468585383954],[71.591801829682851,21.190811840482585],[71.591471606570906,21.191188345130019],[71.590928925244484,21.191531758363404],[71.590704835636288,21.191775383566366],[71.590398164606739,21.192074394654441],[71.590103247454962,21.192295920122682],[71.589583922964962,21.192240854210151],[71.589489619712154,21.192429066950837],[71.589336272474597,21.192561968865398],[71.589100509288116,21.193026966056173],[71.588368810149888,21.193082692239525],[71.588038179937953,21.192795086449095],[71.58768400559174,21.192607107805387],[71.586656990863531,21.192209175171229],[71.586137565287032,21.191977004317376],[71.58581902503856,21.192176397569408],[71.584827493815297,21.191900188156669],[71.584367119964526,21.191734392595993],[71.583588142512113,21.191657300860932],[71.583352089647789,21.191635280643549],[71.583386472593503,21.191868387151271],[71.583659632627374,21.192143489315701],[71.583946404214899,21.192348174762987],[71.583728230167637,21.192757938278948],[71.583510000976361,21.193071688572768],[71.583203032543778,21.193366279699436],[71.582916745636439,21.194032110166159],[71.582521330229753,21.19483881239946],[71.582132686321145,21.195555898287459],[71.581935042060493,21.196080864885552],[71.581737209820361,21.196266585675104],[71.581682716240579,21.196465038722828],[71.58162832799357,21.196855517524604],[71.58143061008748,21.197252466287367],[71.581171217837309,21.197201384211674],[71.581055326141751,21.197457474266379],[71.580973606375764,21.197796759044937],[71.580864657722444,21.198270474862838],[71.581205991815466,21.198385526632453],[71.581663383420931,21.198545327672399],[71.581799994308483,21.198730886513349],[71.581950175248181,21.198769218894011],[71.582291490051489,21.198845863312471],[71.582168770017105,21.199095556545924],[71.5819234240019,21.199767765864472],[71.581725727684088,21.200209520841913],[71.581514442341998,21.200766497567741],[71.581296329859725,21.201323477282383],[71.581166832998647,21.201669185845059],[71.580846344283515,21.202245416653312],[71.580600889891642,21.202738399903637],[71.580280479702992,21.203468250085031],[71.580417048371828,21.20357059882252],[71.5803284081627,21.20374346410313],[71.580048852151009,21.204294070386794],[71.57983069119679,21.204780638623639],[71.579673950216645,21.205247975031394],[71.57933983067926,21.205888217745706],[71.578827826377534,21.205754039520709],[71.578227013945934,21.205479082088942],[71.5777286635454,21.205344894195498],[71.577646781334821,21.205396138693249],[71.57761276294957,21.205607382533582],[71.577626484716845,21.205741794174898],[71.577633568082305,21.206234656705774],[71.577906603000471,21.206240931848988],[71.577783849408476,21.206452216606486],[71.577613331530173,21.20669552749413],[71.577579336209126,21.206951577261215],[71.577422542495682,21.207335700415406],[71.577647835360082,21.207412407234617],[71.577961928300226,21.207610688997018],[71.57823502982167,21.207738579778258],[71.578521753083649,21.207808856106745],[71.578433162237772,21.208084133939398],[71.578324150791133,21.208468235680304],[71.578153725810708,21.20889077087714],[71.577969409410244,21.208858851806209],[71.57762803363228,21.208705388602251],[71.577423359996871,21.208903908970992],[71.577082017897126,21.208814453170724],[71.576692980821164,21.208891440503777],[71.57614020670286,21.209134922993627],[71.576003848764032,21.20944862616194],[71.575928858361763,21.209634284596564],[71.575560322434086,21.209762466916043],[71.575273668157763,21.209833004290644],[71.575144065703398,21.210012285851604],[71.574857397839125,21.210057219119093],[71.574809732163331,21.210287670894107],[71.574045395213361,21.21063365371181],[71.573499366554984,21.21073630585181],[71.573465341070431,21.210947548744578],[71.573165119786438,21.211197312267306],[71.572687332999408,21.211267927948082],[71.572523477230405,21.211203989884545],[71.57227086471157,21.211101684561147],[71.571806602930835,21.21090985706471],[71.571670166244189,21.211082738004198],[71.571376613849893,21.211012452965257],[71.571117078344116,21.210705321591291],[71.570994124742398,21.210526149478714],[71.570529893761545,21.210391926104627],[71.570434457533395,21.210660801705547],[71.570256942331895,21.21057766457567],[71.569833773103355,21.210667452011677],[71.569342340389227,21.210750865578557],[71.568762112781513,21.210712697711124],[71.568420833613473,21.210757642283877],[71.568687311049601,21.21132720989538],[71.568953641920714,21.211576734556324],[71.569008294827327,21.211672724997523],[71.568523879311684,21.21217858946703],[71.568237337596116,21.212511549723065],[71.568681213329782,21.21290182164201],[71.569159278616652,21.213413694515946],[71.56937777727407,21.213548022728538],[71.569773800893131,21.213778290135899],[71.569958163894057,21.213899829992229],[71.57053862016312,21.214392453884834],[71.571125927935597,21.214929878796582],[71.571317116592269,21.215045013423083],[71.572061463883045,21.215646377101809],[71.57253268276024,21.216075032117693],[71.573181456582404,21.216644427557242],[71.573379541753397,21.216893974605664],[71.573755146142332,21.217213853269353],[71.574199069628733,21.217642515452347],[71.574731750906196,21.218096740558355],[71.574868367995165,21.218275903704058],[71.575421565207208,21.218794125939048],[71.575496713841162,21.218909307558611],[71.575913325493531,21.219305973111759],[71.575981664755986,21.21945316179043],[71.576275351130121,21.219747468192317],[71.57651661689269,21.220062809001284],[71.576240494684555,21.220255999792712],[71.576111869142011,21.22023477614535],[71.57460587233426,21.219341617494514],[71.573894706374546,21.219327742473862],[71.573236520170937,21.21935640486258],[71.572646267174548,21.219065810113371],[71.572041019773394,21.219051881670449],[71.571163431296753,21.219073535557868],[71.5700816073184,21.219166208758331],[71.569922785034919,21.219279776965163],[71.569665550772157,21.219265695513389],[71.569219198495375,21.219294254696589],[71.568167975831955,21.220131762255736],[71.567442068730386,21.220983321354886],[71.566859875059407,21.221778069245055],[71.566678407926432,21.22201933345643],[71.566209346628412,21.222040799765789],[71.565513415589876,21.222289357613249],[71.564998999612087,21.222403058791635],[71.564779598054272,21.222410237024441],[71.564590434489432,21.222360652244991],[71.564477158930117,21.222843080397737],[71.56448481093777,21.223041706521933],[71.564008250734403,21.223226329156461],[71.563879786175008,21.223581072531175],[71.56348632834856,21.223489000347413],[71.563380474736036,21.223645105797058],[71.563327653799661,21.22397144474289],[71.563221851055246,21.224248146257775],[71.563289976284139,21.224326153556696],[71.563161424518114,21.224482267364504],[71.562919331461174,21.224510733354094],[71.562352720266631,21.226468857975743],[71.561754956267578,21.226327199911008],[71.561406858343346,21.226164167398622],[71.561414344938214,21.225972629584568],[71.561202492073463,21.225951424860167],[71.560433379969837,21.225641620717447],[71.560206491014227,21.22585451858027],[71.559821130078376,21.227088992816331],[71.559715364263539,21.227479194296144],[71.560169349266701,21.22754997196882],[71.560040923480287,21.228032402287035],[71.559814324892329,21.228975970163109],[71.558777761344388,21.228926677132911],[71.556780068277561,21.228232159794942],[71.556326039689083,21.228047870770538],[71.55606116116067,21.22786351779429],[71.555077489257215,21.227601367692728],[71.554373786255823,21.227410060796746],[71.554230115593569,21.227377254408427],[71.554097308230624,21.227543545784084],[71.554134666819223,21.227692185546868],[71.554601064995296,21.227945617678223],[71.554862367529623,21.228408976568979],[71.55478780359978,21.228531419859266],[71.554983688392227,21.228627542563618],[71.555142181041248,21.228487583348709],[71.555030517021123,21.229160924639533],[71.555198499044934,21.229458173199827],[71.555208101848223,21.230201428561791],[71.55567460163698,21.230699695671898],[71.555749418953056,21.231250556607467],[71.556439772942994,21.231792468504654],[71.557363308594773,21.232378019499595],[71.55763385887704,21.23259653267694],[71.557307752271228,21.233418599875058],[71.556906983024049,21.234118272585512],[71.55657152916811,21.234905364529975],[71.556310624798201,21.235535035068271],[71.555723059487406,21.235561462778435],[71.555602105566336,21.236339737487821],[71.555546280002986,21.23669826851588],[71.555322792388438,21.237642716634518],[71.555183112817971,21.238237368611834],[71.555052671277508,21.23859592378972],[71.555360641183327,21.239094242883919],[71.555314271331014,21.239802538918976],[71.555538384506264,21.240519490254393],[71.555603846630618,21.240982911624965],[71.555697510143517,21.24203218538943],[71.555725747502279,21.242714224024933],[71.555763417465172,21.243676073991633],[71.555688958318612,21.244095820339407],[71.555623861999976,21.244611749772865],[71.555493455237752,21.245075235440854],[71.555409657611264,21.24546875206649],[71.555251254661997,21.245897269894158],[71.555251394814206,21.246273270484526],[71.55511155085361,21.246448200251265],[71.555223540070543,21.246614303426021],[71.555344902546267,21.246902822247716],[71.555829928999898,21.24692015078136],[71.556221811845617,21.247278532783827],[71.556343103681883,21.247374678499039],[71.556791093834036,21.248100296748827],[71.556931132173418,21.248432529071106],[71.557099126457928,21.248694798216345],[71.557285708608944,21.248782176916983],[71.557808341034544,21.249542743741504],[71.557211744090225,21.250478576235146],[71.55755700873074,21.250854459161229],[71.558415429739682,21.251579932168056],[71.558714009917153,21.251824665915347],[71.558760793621445,21.25219190577949],[71.559162077538744,21.252681440312713],[71.559824656185199,21.253459439712607],[71.560057927086021,21.25365172901925],[71.560692373844375,21.2540449904822],[71.560888450718224,21.254517106138316],[71.560785981422242,21.254849422382311],[71.560637051480526,21.255618964796966],[71.560488266381014,21.25674701872574],[71.559891127239339,21.256371231772835],[71.559284617759175,21.255881771505084],[71.55852887031547,21.255401105084839],[71.558155715543691,21.255296303923895],[71.557801414813738,21.2556986585418],[71.557605686184729,21.256100958291771],[71.557493880529407,21.256433275679179],[71.557512634781773,21.256686850784799],[71.557699458838698,21.257368833707137],[71.557336175919119,21.258680585889788],[71.556916571746868,21.259091704892725],[71.555536108835881,21.259337002582445],[71.554957705743803,21.259171052590204],[71.554276605493186,21.258760296450127],[71.553847442002777,21.258559317760852],[71.553726066494619,21.25825330989942],[71.553408923274418,21.258279643241085],[71.553306164001782,21.257859954711801],[71.55276502815282,21.257545334148308],[71.552111848398368,21.256915955671335],[71.551617233200204,21.256242805180243],[71.552241841316885,21.255219542419773],[71.552390910336555,21.254721077222086],[71.551868458766492,21.254450168796001],[71.551635261200133,21.254441496183038],[71.550814311573077,21.254135698857361],[71.549946685350903,21.253707492643109],[71.549312315023514,21.253454097754247],[71.548911165402245,21.253279330721423],[71.548752556973696,21.253165702133483],[71.548332764821424,21.253025915883086],[71.547931623167869,21.25286863489394],[71.547894340704403,21.252956087433422],[71.547661151335276,21.252964897704704],[71.547387747963754,21.253617874597658],[71.546965127430425,21.254364164025432],[71.546007341803289,21.253933047894009],[71.545410272961476,21.253630077706376],[71.544999799727194,21.253455303875612],[71.54458970989883,21.254551351768761],[71.544366031508218,21.255180992659309],[71.543644744744839,21.255402700464177],[71.543744358766176,21.255799078023003],[71.543669753014854,21.255857391976782],[71.543508145252304,21.256113930050748],[71.542662443718243,21.256207417557025],[71.54222740127166,21.257116922963565],[71.54185444138453,21.257676644157112],[71.541630697520887,21.258131397433644],[71.540685401136173,21.257921767670304],[71.540498892118535,21.258108355297217],[71.540013807120133,21.258003540856947],[71.53940481158871,21.259635932945841],[71.539268005506472,21.259659282705787],[71.538919985811617,21.260533782202451],[71.53847227626332,21.260697109811584],[71.53776340326614,21.260965425186839],[71.537452457609433,21.260942176730911],[71.536793158258575,21.260510942022716],[71.536780677279168,21.260336060993264],[71.535996979231214,21.259788261054197],[71.5360466809651,21.259590048827658],[71.535760571186202,21.259391908155994],[71.53538742514634,21.259298715554607],[71.53496443073179,21.258785811387213],[71.533932056443433,21.25848289044427],[71.533471957593292,21.258856067856112],[71.533011890202772,21.259380809936239],[71.532253367738377,21.260127127541512],[71.532153875165108,21.260162123302223],[71.531967372699455,21.2604419727944],[71.531693734186803,21.26038372988009],[71.531420209656417,21.260861796687827],[71.530851233187931,21.261332407057029],[71.531142761899758,21.261472881357324],[71.532887201903591,21.262496339915927],[71.53280571976903,21.262603318910799],[71.53275713056172,21.264024409629346],[71.532806112419181,21.264375850271357],[71.532692066905724,21.264666200821662],[71.532512942689621,21.265537220582882],[71.532529311324964,21.265842826213593],[71.532382624252492,21.265965097976025],[71.532333759649816,21.266148472624188],[71.532236016775784,21.266454100116803],[71.532187135222983,21.26656107252613],[71.532203490008882,21.266805556404915],[71.532187214942141,21.266927803013193],[71.532089467941773,21.2672181499575],[71.532008137892547,21.26804330896919],[71.532154863834705,21.268089122341284],[71.532709134525106,21.268134856972157],[71.533670912109699,21.268012424062704],[71.53385023160844,21.268012388137411],[71.533524472952564,21.269234887982119],[71.53337774889728,21.269204356243122],[71.533198414248375,21.269143269937917],[71.532986499797872,21.269189152854302],[71.532953912999204,21.269265561395304],[71.532807216118925,21.269357272617412],[71.532774625808116,21.269418400690423],[71.532676827733084,21.269479541414498],[71.532464889183458,21.269418460650115],[71.532383362833571,21.269342074173561],[71.532024720609471,21.269342142715555],[71.531389007308846,21.269632590555887],[71.531226029693002,21.269831266456325],[71.530834801428654,21.269923021094868],[71.530574001249832,21.270075872936506],[71.530508931805755,21.27074822370027],[71.530248073638134,21.270626027285459],[71.530036239854837,21.271084478091215],[71.529922214644273,21.271527630836555],[71.529759337420117,21.272245839824134],[71.529661579097464,21.272520904760103],[71.529629026553678,21.27278067774958],[71.52941714222608,21.273009921278739],[71.529368265572401,21.273162734069576],[71.529188988039124,21.273407252041295],[71.529026093213972,21.274064338470044],[71.528895915333948,21.275302075155544],[71.5288797648236,21.276081379433109],[71.528341975964324,21.277120539337531],[71.527820330201678,21.277349832579862],[71.527738291198119,21.277475560870307],[71.528571748097562,21.278008850134853],[71.529663588494827,21.278908579909942],[71.530663360564702,21.27974668104055],[71.531176398372835,21.280141071614878],[71.531071228390388,21.280387644008446],[71.53150529510313,21.280510839853957],[71.531663157148429,21.280646414374715],[71.531426475467228,21.280966977528088],[71.531216111408028,21.281349173694469],[71.531097831835268,21.28180531847973],[71.531058476746324,21.282298431557471],[71.531005986527205,21.282877840525899],[71.531058691545837,21.283321625993793],[71.531177297186858,21.284406436639987],[71.531216933378204,21.285244708907722],[71.531203816610386,21.285417298306903],[71.531493462341317,21.286711646535093],[71.531625053362134,21.286982829916628],[71.531940943531382,21.287956653648795],[71.532256835180007,21.28891814903584],[71.532350309684304,21.289304705604135],[71.532386745223008,21.289455381382627],[71.532414820373887,21.289571483338385],[71.53236252985792,21.29105080938082],[71.532612577730603,21.291630159820979],[71.532349556848203,21.291876763185378],[71.532086551137951,21.292197331912806],[71.533086473733903,21.293244986891704],[71.533704888950936,21.294046160051469],[71.53390225764258,21.294305000596125],[71.534349538736691,21.294502151959165],[71.534691565773997,21.294600702837965],[71.535270433146238,21.294982738970173],[71.5350602783966,21.296289511136198],[71.534981467224597,21.296770304862715],[71.535034265140766,21.29753460650447],[71.535139549081038,21.297744154136097],[71.535402693813595,21.297990651433192],[71.535455313995556,21.298002967979226],[71.535889498917783,21.298385032224282],[71.53642885425262,21.298495864946343],[71.536665705956423,21.298791676412868],[71.536889373441241,21.29896421422459],[71.536100227284578,21.299445162502327],[71.535297930342082,21.299963092673806],[71.535455884662142,21.300382198501836],[71.535666588992001,21.301343708143431],[71.535627229180164,21.30177518305501],[71.535522110547134,21.302268309905337],[71.535075003318312,21.302909439660993],[71.534943598698234,21.303513520086621],[71.534943793992667,21.304339470119256],[71.535035919009246,21.304512037536352],[71.535522913554402,21.305609092847199],[71.535996664160592,21.306311665938196],[71.536313849061187,21.306701187380106],[71.536588821364077,21.307038867142456],[71.536062746276428,21.307569067856711],[71.535812887896981,21.307938949442413],[71.535339386498379,21.308296550156555],[71.534984262593454,21.30858015931684],[71.53466857711409,21.308752811144817],[71.534444914627741,21.30865423623283],[71.533734651852882,21.3091844671887],[71.533589974349965,21.309320099793521],[71.533379547797409,21.309579021378987],[71.53345853287,21.309813230180108],[71.533208678033617,21.310244745831113],[71.532932472394975,21.310503679802114],[71.532406347513046,21.310922920478227],[71.532503976033084,21.311059390173615],[71.532681317385197,21.311522022378103],[71.532820703548026,21.312091430974611],[71.533124732828341,21.312933661666424],[71.533580647061797,21.313597912844617],[71.533036401408793,21.31422677240101],[71.532656592787319,21.314214983321389],[71.532352763602304,21.314286221475562],[71.53045382087052,21.314713652640862],[71.530124613446446,21.314512036826887],[71.529757524289707,21.314796819940529],[71.528782694344613,21.314844442526077],[71.527858571921357,21.315247948278639],[71.527314188308594,21.315295490515648],[71.526896456994493,21.315615865300412],[71.526428114320836,21.316114195581051],[71.525744547801793,21.31664814732428],[71.525617978701121,21.316849841694701],[71.526466399420556,21.317810632543612],[71.52639067805849,21.319163053287937],[71.526290009831897,21.322627132828874],[71.526100116990108,21.322745794704286],[71.52564447389426,21.323611880517145],[71.525340809322344,21.324774522849207],[71.525150995823708,21.325379575888025],[71.524720584028074,21.325782989387104],[71.524568738578324,21.32631685676569],[71.524138339919304,21.326827037746682],[71.523986454665305,21.327135503298717],[71.523834580270716,21.327515148039051],[71.523670024698689,21.327776162186513],[71.523581512669423,21.328511694392255],[71.523619601361901,21.329164166205448],[71.523442446135789,21.329828531329902],[71.523138673359128,21.33049291369117],[71.523126065673168,21.330836948763654],[71.523265386566635,21.331109783556915],[71.522898231884255,21.331323371887247],[71.522784317174427,21.331584378148769],[71.522847647662189,21.33172672815941],[71.52259443905578,21.331892847419844],[71.522670460381008,21.332225007249878],[71.522315960238117,21.332414866143704],[71.522278030475718,21.33278263086649],[71.521860196598325,21.3328182753684],[71.522151503374729,21.333387671561663],[71.521910940663204,21.333470745593331],[71.521733730656464,21.333850391459524],[71.521733770845344,21.334123245374951],[71.521240040129456,21.334704605942235],[71.521316075286009,21.335143535184841],[71.521012190783054,21.335167299872257],[71.521202170176736,21.335511309165739],[71.520936291184299,21.335677427457519],[71.521050286788608,21.335938403870692],[71.520936363570513,21.336187545531896],[71.521189625709624,21.336329872323454],[71.520860438027697,21.336519724870421],[71.520809816347452,21.336709542510118],[71.520746540732461,21.336958677742029],[71.520847891584083,21.337338287906121],[71.520771955230188,21.33759928790802],[71.520809965275276,21.337765368128945],[71.521063255409359,21.338085643203787],[71.521253117343235,21.337587364543317],[71.521379753144842,21.337682254152661],[71.521481209769973,21.338773656349456],[71.521265952267655,21.33878554693219],[71.521025390402826,21.338939798891953],[71.520949468704075,21.339307567781855],[71.522127092391784,21.339473501747801],[71.521595352882031,21.340019278384734],[71.521342245359222,21.34099209350968],[71.521620882894808,21.341419133227259],[71.521456326905366,21.341810640023922],[71.521266453393778,21.342261465859465],[71.52168442578504,21.342985067750593],[71.521849123070794,21.34354261685618],[71.522292336060431,21.343661190644681],[71.522355784562237,21.344550922187342],[71.52295102305149,21.345108412270037],[71.523761535309205,21.345665869897289],[71.523837692961152,21.346780999585395],[71.524445561898503,21.347053765738298],[71.524471029684733,21.347907912051678],[71.524774937878433,21.347872277928268],[71.524863533481934,21.347599411370183],[71.525142100662947,21.3474807379678],[71.525471354406889,21.347563730735242],[71.525686921979073,21.349260134562588],[71.525307235519193,21.350482100892517],[71.526649559405783,21.350553072452882],[71.527409413594668,21.350849529941513],[71.527004314827181,21.351549523720077],[71.527055355991152,21.353661162850894],[71.5271821909122,21.35474069221404],[71.527600121137525,21.354894845452371],[71.52814477535162,21.355499777432151],[71.528550313845585,21.35704192265128],[71.528271806455152,21.357552086531665],[71.528917764071309,21.358050230102425],[71.528968520189125,21.358560338057913],[71.528322644520543,21.358501132332183],[71.528170728675718,21.35877401099469],[71.529120645315473,21.359355144687711],[71.529171334486819,21.359521220375548],[71.529196806041554,21.360244869739329],[71.529450212330559,21.360861710637526],[71.529171783058771,21.361787086876259],[71.529399822991721,21.362202258191015],[71.529311427650896,21.363483496296666],[71.529286247358357,21.36423088048069],[71.529602919265116,21.364527404209458],[71.529577611664493,21.364634177201641],[71.529210573245592,21.365808695224857],[71.529413323361439,21.366389955063863],[71.529413358892214,21.366567902571084],[71.52907159712754,21.367505152276152],[71.528818368953068,21.367849227747651],[71.528489210253625,21.368501758016844],[71.528691921958924,21.368881344757035],[71.528210831004557,21.369794889891768],[71.527891148437732,21.370360748835946],[71.527830354203189,21.370468358022226],[71.527641096551676,21.370803353467203],[71.527658006084152,21.371370460681337],[71.527691508602075,21.371683715041065],[71.527992665529823,21.37254512970539],[71.528628230223703,21.373218531143927],[71.529698436179601,21.373202682203274],[71.529982713632549,21.373218294653423],[71.531287057593829,21.373343360510344],[71.531905823653901,21.37357818888033],[71.533327248187646,21.3737971945114],[71.53416337411042,21.37389100433921],[71.534882450078186,21.374000497355702],[71.53699754175436,21.374595556578075],[71.537318443054914,21.374685836094535],[71.537608349213755,21.374767395089798],[71.538093321141176,21.374876926624815],[71.538712026223166,21.374814133110569],[71.539631776560853,21.374923559350812],[71.541069965176376,21.375205147327307],[71.542692095186055,21.375455350303433],[71.542658768633842,21.375862596377299],[71.5434781574494,21.375846723119903],[71.543787521679363,21.375827272046173],[71.545029585540775,21.375787837752235],[71.54586457598883,21.375728953188293],[71.54622991671144,21.375807064220631],[71.546929239710693,21.375816646537583],[71.547555505830218,21.375845799474789],[71.54772245376725,21.375679553137935],[71.548338031511221,21.374946146282483],[71.54895353812303,21.374017208926144],[71.549360406608457,21.373440281520164],[71.549777719223613,21.372892679231953],[71.550215893464951,21.372315740398502],[71.550612378828461,21.371924564808896],[71.551300943205419,21.37106403140745],[71.551655779634828,21.370975934863296],[71.552240224969353,21.370858437026879],[71.552668054676232,21.37058456374303],[71.553033329879796,21.370506237423964],[71.554076967065427,21.370271270517872],[71.554421308514932,21.370036525288505],[71.554337724351171,21.369801918411337],[71.554483725573718,21.369479249390931],[71.554734068469358,21.369078334919092],[71.55489062544892,21.369078283801013],[71.555464590392603,21.368872790414514],[71.556215958356162,21.368598800838068],[71.556748156174265,21.368354211374299],[71.556988209020972,21.368354130056062],[71.557207372518036,21.368314949849381],[71.558052756518848,21.368265777557131],[71.557864697160738,21.36777702165773],[71.557906422257815,21.36771834876971],[71.558135940565904,21.367473859020922],[71.559137858928636,21.367385521321761],[71.559502917372868,21.366798807286141],[71.559554924359531,21.366358850036168],[71.559596561368679,21.366085095546076],[71.5597217409819,21.365928628365907],[71.559846975933127,21.365909030933576],[71.560274745094802,21.365556926825395],[71.560681666686889,21.365273264088607],[71.56137036512942,21.364950391920988],[71.561631331075034,21.365057836944086],[71.562111401250391,21.36499900151745],[71.562577728545818,21.365102084621217],[71.563297687881359,21.365289127486378],[71.564337715980599,21.365750770257666],[71.564737661401423,21.365775591549955],[71.56507092361214,21.365738000169969],[71.565297547573707,21.365725424667712],[71.565710796378028,21.365687800890143],[71.565790866884811,21.365875082262129],[71.567270665437434,21.365961908462658],[71.568563997810287,21.366410935778202],[71.568897388948983,21.366648062051659],[71.570137199099307,21.366660036193114],[71.570763766854583,21.366659773265543],[71.572243814933785,21.367233568471626],[71.572643827238423,21.367383246001122],[71.572777090817837,21.367283288190965],[71.572883833774412,21.367470554557187],[71.573377141690784,21.367570239758138],[71.57481711980698,21.3679567170262],[71.575350463031597,21.368131303628367],[71.575350539688358,21.368281153711543],[71.575403909933144,21.368368542315338],[71.57677719847301,21.36866762008184],[71.577510544225888,21.368892058236625],[71.577657209693186,21.368929452978502],[71.578377100372663,21.368916630907361],[71.578417161147783,21.369041487278665],[71.578710499582272,21.369128762550659],[71.579377125902639,21.369228348722338],[71.582070282218979,21.369589191354645],[71.582310276958665,21.369639023874853],[71.582443591906127,21.369638958453816],[71.582543022267842,21.369656594238418],[71.582587118529574,21.369889937470177],[71.582631430579582,21.370507646303199],[71.582675581183096,21.370837080886247],[71.582875401912034,21.371090938255573],[71.58288649187476,21.371265956439842],[71.583194241450272,21.371245213175172],[71.582963745369142,21.371821875758155],[71.58307382311618,21.372110095550315],[71.582678335949879,21.372480929111031],[71.582854415273573,21.372861776067385],[71.582975578023223,21.373314718524437],[71.583305385003442,21.373417510223486],[71.583162551927842,21.373520536120136],[71.583184750398175,21.373901458851051],[71.583415721238225,21.374158731864348],[71.583493042503889,21.374827901258044],[71.583745957864139,21.375013094333141],[71.583823052508919,21.375280738960136],[71.583614477797539,21.375754436184206],[71.583441824461971,21.375852095317988],[71.582933640623381,21.375971360748711],[71.582467795451805,21.376064156389177],[71.581719528781946,21.376051298682093],[71.581691373289246,21.376196773380499],[71.581818656763403,21.376593423155825],[71.582228821711468,21.377915595143527],[71.582186621902139,21.378193314005429],[71.58218693195937,21.378748710204938],[71.582102479933923,21.379211581810498],[71.582003739511308,21.379370314748755],[71.581933353501739,21.379740613318493],[71.581947810580701,21.380348897389585],[71.581538388394094,21.380375544277719],[71.58142601083965,21.381407048931329],[71.581384203361793,21.382398848022547],[71.581356229078636,21.382874915375531],[71.581271626081488,21.383073312113819],[71.581144739385934,21.383403966412928],[71.581088643019569,21.384091626693515],[71.580877281437637,21.384858704098257],[71.580708144181997,21.385387734050088],[71.580750617262709,21.385599293003278],[71.58075089299362,21.386101793902956],[71.580666475806865,21.386644006648552],[71.580553776236073,21.387106890645033],[71.580427130220968,21.387887150233155],[71.580385090374349,21.38846901352672],[71.580385133719588,21.388548355749613],[71.580428004819723,21.389487218359534],[71.580484930862383,21.390307060769636],[71.580499375915593,21.390902120515722],[71.580499484446705,21.391100476013531],[71.58044312195922,21.391312082302321],[71.580372784211562,21.391788169311091],[71.580359040207952,21.392475808378595],[71.580486276453968,21.392766668786422],[71.58065598115293,21.393255864167152],[71.580896344148954,21.3938508148686],[71.580981339628025,21.394353274386312],[71.580925245783149,21.395054157424237],[71.580925580447982,21.395662447295347],[71.580841064061914,21.396032751534719],[71.580530894305966,21.396892440923317],[71.580333559606402,21.397527272863595],[71.581195524538842,21.398677318920608],[71.581520459354024,21.398981306154042],[71.581887947947052,21.399629087898546],[71.581690417142809,21.399906881722867],[71.5815211997311,21.400316898429178],[71.581351988694919,21.400740138631953],[71.581154513775559,21.401123721266238],[71.58109819220077,21.401414669631489],[71.58116049687888,21.402370050798119],[71.581224264317456,21.402776648229075],[71.581288070494793,21.403252669936688],[71.581256677095567,21.403937010765862],[71.581267881676169,21.40504779461321],[71.581310518585482,21.405543661961776],[71.581268616334015,21.406376774093303],[71.58091955468511,21.406561524575636],[71.579335688410438,21.406547881560293],[71.578551463232657,21.406577051048618],[71.577105931923427,21.406448121379537],[71.576152512186411,21.406390956850704],[71.575260572663993,21.406276158949968],[71.574153411446346,21.406276652355555],[71.57303078711351,21.406104344107224],[71.571231540494267,21.405874716838021],[71.570877844103606,21.405831666481369],[71.569324781440159,21.405904316379033],[71.567879364317392,21.40599130843005],[71.565680358666029,21.405848183499781],[71.5650960187875,21.405834011331365],[71.563819974057509,21.406439305841833],[71.563020461489415,21.406684409870472],[71.562835934061837,21.406684479140399],[71.562451599799672,21.406915024222755],[71.561728733200539,21.40659848995821],[71.560898252859957,21.406339592055584],[71.559960146617939,21.406109528740433],[71.558837534157973,21.40592272530294],[71.557914827974201,21.405735845395185],[71.557192172967945,21.405923294714825],[71.556915360929722,21.405865788549267],[71.556699935705666,21.405491459100688],[71.556469112332579,21.405059534162881],[71.556223001355406,21.404858015544587],[71.556176787530987,21.404642029598381],[71.556099808751057,21.404397253738246],[71.555961289251172,21.404066097806435],[71.555530558824231,21.403605437907185],[71.555391905730829,21.402914279042015],[71.55537644206305,21.402683882560005],[71.555022736346743,21.4025831983149],[71.554469025395079,21.40219457641102],[71.553992217120367,21.401849128212223],[71.553131122503927,21.401863803397095],[71.553008108230827,21.401863842333984],[71.552500540673606,21.401489599389031],[71.552100525905942,21.400870519748413],[71.551823441166619,21.400006599374652],[71.551761833433005,21.399718616303165],[71.551884637611536,21.399128174011118],[71.552084277093726,21.39840810677471],[71.552222537067991,21.398048061078601],[71.551668906247656,21.397817830845664],[71.550684739705886,21.397587729458017],[71.550408454260719,21.39901342342657],[71.550331793607299,21.399661451233726],[71.550086048295057,21.400482330802639],[71.549717208538155,21.401072844831113],[71.549548268607239,21.401677699158874],[71.548902961695163,21.403233099533921],[71.54873397299248,21.403708352019546],[71.548426646867057,21.404356445502867],[71.548288433180304,21.404903689072913],[71.548119341603055,21.405076538854967],[71.547904188592938,21.405465403075791],[71.547243229765485,21.406271995991151],[71.546443958701062,21.407366626477614],[71.545890396171245,21.407438779400621],[71.545475389857714,21.40802929629394],[71.545490807396405,21.408158892937873],[71.544937514355468,21.409123848281538],[71.544829880321515,21.409152677283444],[71.544737869244685,21.409987907057666],[71.544246062336782,21.410909643241009],[71.544261487772303,21.411068040126647],[71.543831185654838,21.411989758729575],[71.543740656872089,21.412556823083406],[71.544824769506732,21.412616251997619],[71.54578132750143,21.412627936501973],[71.546477901206714,21.412818833922199],[71.547430253387219,21.412967191995097],[71.54774770913788,21.413030798231734],[71.548564083318624,21.413370277669127],[71.549131018357983,21.413624897924141],[71.549131053851013,21.413731058535756],[71.549221814056295,21.413922121019649],[71.549584749774851,21.414367888615271],[71.550855075209085,21.416023613311339],[71.551263503363714,21.416851541424492],[71.551286274240638,21.417127551958288],[71.551263673748224,21.417339880022777],[71.551331860763455,21.417806965656684],[71.551400152211158,21.418571300769873],[71.551423049959169,21.419208257063882],[71.551559382489742,21.420015035301748],[71.551560194799549,21.422329334479517],[71.551537772715463,21.423051232812671],[71.551560686709962,21.423730652937198],[71.55142493051595,21.424579978557563],[71.551379809329944,21.425238187360673],[71.551379868753585,21.425408044097452],[71.55140287158973,21.426342249131206],[71.551425867296786,21.427255221969926],[71.551335600677888,21.428507942844913],[71.551177480583618,21.43027025421447],[71.551245992086791,21.431650318474105],[71.551359702978573,21.432584495036636],[71.551360148663633,21.433858419362227],[71.551360497806627,21.434856326615346],[71.551292940706205,21.436215199707618],[71.551180012114997,21.437531622302103],[71.551134841598255,21.438062437673771],[71.550958039213114,21.440482946317225],[71.550837863717447,21.442719425795843],[71.550838050607851,21.443258838115604],[71.550838148162427,21.443540398285908],[71.551994977956369,21.442977948843982],[71.554948051105015,21.442721005047996],[71.556041815457121,21.442720642468462],[71.557463959722398,21.443360161674217],[71.558749261377983,21.4436669161536],[71.561483936390403,21.444254735211359],[71.564656393392696,21.445405541959879],[71.566379300350775,21.445840068315928],[71.568977129560679,21.446018218240816],[71.571246653926892,21.445838067347275],[71.571820541333395,21.44512102096456],[71.572667867268621,21.444403854088197]]]]}},
{"type":"Feature","properties":{"Taluka":"Palitana","District":"Bhavnagar","Dist_Id":"14","Taluka_Id":"14009"},"geometry":{"type":"MultiPolygon","coordinates":[[[[71.848080768388485,21.6943600609894],[71.848741033109206,21.693864127493374],[71.8493895145333,21.692995091573223],[71.849144684632549,21.692392352758976],[71.849228764655166,21.69215482974187],[71.849556051566864,21.691847568374858],[71.850230851744442,21.690847313730529],[71.850440590201984,21.690065606717898],[71.850556482577787,21.689857684043599],[71.851009587300311,21.68907546176267],[71.852107877200467,21.688183086384086],[71.85240383843076,21.688053895459198],[71.852909857413422,21.687281444999616],[71.853237535373154,21.687142295706554],[71.853869602023295,21.685993775910159],[71.854057958891943,21.685132994405969],[71.85439268124334,21.683549972189411],[71.854770833006128,21.682421769747133],[71.854927583314307,21.68162039112735],[71.855420464377232,21.679819460615832],[71.854641066270091,21.679662985071243],[71.852055661130194,21.679073577825992],[71.850943408663596,21.67875627922529],[71.849089686521822,21.678236310736501],[71.848308551176572,21.677341143050167],[71.846046645682065,21.6769374272791],[71.844858530504411,21.676664642156123],[71.843869933375089,21.676400314478656],[71.84196843249407,21.675738295793195],[71.841300972708282,21.674683032442147],[71.839622357245915,21.671827338564462],[71.83884029828981,21.670497040201209],[71.838144284667763,21.669397424689979],[71.838521289067202,21.668126914377606],[71.838671243184436,21.667256435639143],[71.839018205198244,21.665328915801467],[71.838977719803765,21.664263480303841],[71.838891711531843,21.664041672911761],[71.838214643978532,21.662906500556016],[71.837442166479434,21.661585053320319],[71.836572616496298,21.65935810776508],[71.835511565678431,21.656456714766584],[71.835853814564118,21.656589212937483],[71.837079989768853,21.65696853985277],[71.838990616589371,21.657586203723163],[71.839684832745988,21.657939958218005],[71.841957032201265,21.658814347992127],[71.844960077458254,21.659447448046485],[71.847393169720647,21.660055048830053],[71.849168164039597,21.659536325669489],[71.850288370136369,21.659276466303822],[71.852538656723425,21.658916531723335],[71.854513042221583,21.658379569695146],[71.854825319032244,21.657899419796088],[71.855591471749378,21.65658364249493],[71.855628050909999,21.656006408655365],[71.858180091943609,21.654784458260504],[71.85914433450526,21.654212619965559],[71.85956160929355,21.653951257247378],[71.86047284497252,21.653712500365639],[71.86218162513839,21.653353610489493],[71.863472806401319,21.653125847397131],[71.864422468325117,21.653064571124439],[71.865968149237418,21.653321632503086],[71.867297675677548,21.653235824227245],[71.868979810038027,21.652367843137103],[71.869356309141835,21.652037524593887],[71.869249074579301,21.651866677798708],[71.869190183803624,21.650600409084724],[71.868947008552922,21.649837639900458],[71.86846110613152,21.648485578638127],[71.86780811985011,21.647099189718247],[71.867653785250454,21.644774905607299],[71.867706992973424,21.64380330229806],[71.868057441140436,21.642969824400645],[71.868222770219347,21.642310235654787],[71.868295892538555,21.641876374593839],[71.868497978024621,21.64107792035108],[71.868903420187308,21.639984099120266],[71.869154128320844,21.639239436609824],[71.868785219732317,21.639259609211265],[71.867139166804236,21.638894752377787],[71.86592331270522,21.639233891930541],[71.865452255423776,21.639315037523563],[71.864826102123573,21.63905205348917],[71.864414540817279,21.638940803822024],[71.864362950020507,21.638868818804806],[71.863889204026762,21.637876504588306],[71.863252228022517,21.636708305717494],[71.863088571416938,21.636364194315192],[71.862906798799727,21.635627587786487],[71.862802300907163,21.634954899588791],[71.862397982112299,21.634306897960506],[71.861932613330325,21.633226439003138],[71.860986691377249,21.631842608108542],[71.860899798674183,21.631354131059762],[71.860708780031416,21.630337159539614],[71.860476137400141,21.629808943764413],[71.860286077123448,21.629176493421422],[71.859675209180722,21.62814440785721],[71.859302916987801,21.626575072823442],[71.858924102896282,21.625830875478457],[71.858426414144304,21.625519523197628],[71.85791824677473,21.624431132520929],[71.85741901290659,21.623584162914067],[71.857329480359937,21.623432266249061],[71.857299513097104,21.623381425131232],[71.857281595608285,21.623351027100949],[71.857649777606454,21.623262115439747],[71.858014487218085,21.621763287799414],[71.85782304894262,21.620562061019232],[71.858128214359041,21.619239601246022],[71.858016170541603,21.618967470955464],[71.857345196108753,21.617855394969101],[71.85756532075257,21.616789468262493],[71.858010056750174,21.616484096230025],[71.857664519767198,21.615323254692051],[71.857560416656199,21.614794757034129],[71.857636711218177,21.614466144803504],[71.858202559973662,21.614641167716496],[71.859081825808403,21.613373544714211],[71.859440048749221,21.612731896461639],[71.85931902536916,21.612291556617382],[71.858590890210891,21.612309149676523],[71.858205188642543,21.612229871326559],[71.858675155389918,21.611740191716414],[71.857997693795994,21.61146126830565],[71.857893592462929,21.610932770590104],[71.857583124360616,21.610092289958569],[71.857941937404917,21.609690971524834],[71.857700398178252,21.609010561393173],[71.857458861255523,21.608330150824187],[71.857629561708606,21.608073433965824],[71.857235285716996,21.607986160682284],[71.857097612066767,21.60773811713138],[71.856951394558038,21.607503228216451],[71.856825393447352,21.607300814902651],[71.856693392801617,21.607088762969624],[71.856715477285462,21.606778959282465],[71.856796283585254,21.606765826694861],[71.856835161974956,21.606759508189306],[71.85711508709538,21.606714014549262],[71.859021808211779,21.60641083613336],[71.859089153350965,21.605930034461917],[71.859257975834126,21.604914951012208],[71.859902861657872,21.60242482510068],[71.86136418619671,21.602165308101537],[71.862211241666827,21.602911154347748],[71.862462410606113,21.602867882438215],[71.863855071649766,21.602555086860754],[71.864550690853321,21.602115633094325],[71.865177749992839,21.601665645654784],[71.867116980909046,21.600700066323565],[71.867550212920321,21.600389353766474],[71.868154925831618,21.600142348353184],[71.868930361483052,21.599659974855832],[71.86925490598081,21.599536189176547],[71.869251636587535,21.598247374011002],[71.869222432351805,21.597232568830233],[71.869147479068317,21.596554079631755],[71.869059669401807,21.596056178570741],[71.8689855381309,21.595701449655497],[71.868850134049652,21.594811403420607],[71.868701369734239,21.593902707955419],[71.868586303631048,21.593155818825331],[71.868478731104005,21.592738901567511],[71.868389697597323,21.591755358914455],[71.868395614509112,21.591462714368269],[71.868280457626497,21.590678467756593],[71.868211177989011,21.589607714199758],[71.868203513379896,21.589209254167699],[71.868168496389202,21.588524449244449],[71.868129787225428,21.587627042706167],[71.868126067343852,21.587540802841147],[71.868393773666085,21.587393658270653],[71.868878556036407,21.587365592603863],[71.869207753399039,21.587440441585578],[71.869842992409261,21.587563196654703],[71.869916449236953,21.587561124938304],[71.86991799989346,21.587561081204495],[71.870050772075942,21.587557336522607],[71.870922294789466,21.587533803398845],[71.871926573953175,21.587509969223802],[71.873265589113572,21.587469183507668],[71.874402610048335,21.587439638303891],[71.874743284855356,21.587487458141787],[71.875019855893015,21.587297888974383],[71.875012624405372,21.586731065834254],[71.875022125178731,21.585937469173704],[71.87496873214846,21.585376148367853],[71.87478885722075,21.585009457224949],[71.874764727817848,21.584604626111595],[71.87504159919078,21.584533822625968],[71.875358984957003,21.584506115141156],[71.876801656039234,21.584384090563073],[71.877592365403217,21.584366104075634],[71.878221503205395,21.584364676304183],[71.878377456850927,21.584407509781041],[71.878925774029071,21.584400864500005],[71.879831653721098,21.584280034332597],[71.880627978643048,21.584202637462816],[71.881101076552852,21.584125976836265],[71.882716554510068,21.583873942282224],[71.8833511633607,21.583759114733642],[71.883188812342354,21.583478767997498],[71.882864509456027,21.583069230233676],[71.882644030548065,21.58263246091991],[71.882759339587153,21.582583609702933],[71.883272720214123,21.582463662621702],[71.88403408910105,21.582267563707376],[71.884847459223963,21.582092935049346],[71.885366636666362,21.581983765091536],[71.886001020501183,21.581787951032975],[71.88672199378324,21.58159733199583],[71.88695835043535,21.581488813606814],[71.887044267523905,21.581240284387754],[71.887303423424854,21.58102374314937],[71.887441299836695,21.58078049135057],[71.887659606814907,21.58039669204425],[71.887756964985712,21.580110346532322],[71.88792346843681,21.579780652166281],[71.888164643769599,21.579315821877827],[71.888440318146507,21.57880232455058],[71.888722280712614,21.578483157003987],[71.889016203307406,21.578320516678389],[71.888986177718579,21.577883310730257],[71.88893306583293,21.577446158660297],[71.88897810043629,21.57701957431955],[71.888912667771905,21.576290933523047],[71.889078530210796,21.57572370669298],[71.889198766958515,21.575361728210094],[71.88934175753154,21.574875531598163],[71.88940931376257,21.57423835397735],[71.889580337490202,21.573444378644851],[71.889602730698741,21.573185199579282],[71.889711377967757,21.572807052343776],[71.889912569673371,21.572504267081005],[71.890027059297111,21.572153098318722],[71.890146438380384,21.571472611126541],[71.890255285372731,21.571170041660519],[71.890599499339174,21.570397253230293],[71.890996375502155,21.569894264211925],[71.891028252201522,21.568868479209293],[71.89128244948995,21.568965054998529],[71.891570158364118,21.568645869083213],[71.890639420869036,21.56806501844175],[71.890032486171265,21.567710140841651],[71.889095744558219,21.567037521301231],[71.889348135389739,21.566459294693384],[71.889375564086507,21.565924781326398],[71.889379951275515,21.56540651719931],[71.889413309438666,21.564931373169753],[71.889451400420867,21.564067527579425],[71.889503340274231,21.564067406189164],[71.889558887979391,21.563257504487339],[71.889677959756398,21.562463649616486],[71.889711172179545,21.561934520921067],[71.889866989454518,21.561934156493088],[71.889866152422911,21.561621046602582],[71.889882267568225,21.561172935032495],[71.889926111685185,21.560303677054822],[71.889992692585622,21.559304802224332],[71.890084160818503,21.558980679276491],[71.890158474856861,21.558715979727591],[71.890157420739527,21.558321893001057],[71.890259823116608,21.557771008073935],[71.890357479634162,21.55760342644507],[71.890539833958428,21.556739242051378],[71.890675759819743,21.555777993508414],[71.890964115011201,21.555170662865116],[71.89123582977011,21.554814737677567],[71.891253612304325,21.554662976308009],[71.891306686710649,21.554612184842675],[71.891587460711449,21.554343487181541],[71.89202856002666,21.553900736169304],[71.892535356383334,21.553441055364836],[71.89317353332558,21.552941924002969],[71.8934716486784,21.552672837293553],[71.893321988236295,21.552583729307926],[71.893589690921658,21.552119017903301],[71.893946589988303,21.551486355695793],[71.894279337485116,21.550764288687439],[71.894564782457323,21.550232437881071],[71.894868155319401,21.549700544122931],[71.895082043107095,21.549230366406],[71.894998173556615,21.549157877921317],[71.895342879044065,21.548441371720404],[71.895677859524952,21.54782112284806],[71.895682053452362,21.547813357347081],[71.896167652571648,21.546862730850975],[71.896589959598003,21.546260794391198],[71.896896774875955,21.545707206390684],[71.897767262288156,21.544575378924659],[71.898163994512046,21.544021574100331],[71.898547811756401,21.543443761888849],[71.898598081398603,21.543035007476107],[71.898596965627888,21.542626375848403],[71.898686298817623,21.54240982651341],[71.898851822660276,21.541868591212637],[71.898927060842965,21.541195366465811],[71.899092943885435,21.540786335258158],[71.899296542532326,21.540076747125493],[71.899628434773106,21.539306758090031],[71.899985258181886,21.538260279395217],[71.900022775175117,21.537887610938586],[71.90030141202088,21.537396244509658],[71.900345585325041,21.537271190224942],[71.900581354174847,21.536603726671178],[71.900742518761689,21.536220614083543],[71.900798071860351,21.535903742262736],[71.901170056861091,21.535242976538164],[71.901500012455926,21.534687890595436],[71.90177945300249,21.533717206491644],[71.90196147878747,21.53322846296124],[71.902163153229793,21.532191978277954],[71.902196472052012,21.531485835103215],[71.902398706156703,21.530653908919973],[71.902672408837503,21.530164943397534],[71.902896724112239,21.529669497958629],[71.90310766132734,21.52943803331868],[71.903416986109576,21.529080954903112],[71.904140669023903,21.528095994498837],[71.904519872872314,21.527507789592956],[71.905018670958199,21.526813714079495],[71.905398069405479,21.526298092635457],[71.905784847366405,21.52590122936537],[71.906248537818442,21.525266624044594],[71.906557680924038,21.524850151799967],[71.907133832491382,21.52408329560641],[71.907260183764677,21.523871828243916],[71.907647023920177,21.523501355430668],[71.908075788124307,21.522992206075575],[71.908490684881428,21.522568872952483],[71.908912409781607,21.522066337417172],[71.909263943551068,21.521682749945214],[71.909939722833613,21.521245575929381],[71.910136884543789,21.521139512032324],[71.910603414786365,21.521527689603669],[71.911175153495506,21.521711046330402],[71.911071803461866,21.522234796876287],[71.91180748282143,21.522965196616582],[71.912508755424923,21.523054991502466],[71.913234094607915,21.523007433885496],[71.914000211500934,21.522967399197874],[71.914986695225352,21.523025967068683],[71.915622216826392,21.522925231855339],[71.916518362221964,21.522747571853873],[71.917625741652387,21.522325307699564],[71.918683857363334,21.521781124372328],[71.919563010429513,21.521367047045974],[71.920947006036812,21.52076863953118],[71.921476195902699,21.520546114853854],[71.921704098920344,21.520431130986925],[71.922127034854356,21.520109718864305],[71.922705017062057,21.519848930853172],[71.923096846024649,21.520046245752201],[71.923545402627298,21.520129007552161],[71.924002287900919,21.520272764701058],[71.925046657436141,21.520620960398961],[71.925960501446866,21.52093134656209],[71.926718652126709,21.520959918918695],[71.927990887167539,21.521177850717493],[71.929801555146383,21.5215469313423],[71.930046271620029,21.52160731868338],[71.930804628615761,21.521704516761542],[71.931171591858572,21.521756959662422],[71.931105279429573,21.521383397740895],[71.930993677202878,21.52124243216101],[71.930840130137767,21.521048485173718],[71.93066756136686,21.520576043537961],[71.930160617010628,21.520043446033768],[71.929866031630283,21.519655217178244],[71.929220435179019,21.519092464823235],[71.928868416259263,21.518574719152983],[71.928263740037309,21.518065248266574],[71.928009740131273,21.517615894077977],[71.927942723284048,21.516998261509976],[71.927859918632919,21.516556095279164],[71.92763015233227,21.516030406109259],[71.927645405475246,21.515671887880437],[71.927554473974638,21.515237369438736],[71.927397979401363,21.514680983294134],[71.927266584962169,21.514345722034378],[71.926907012907705,21.514026298685415],[71.926710057651661,21.513569169058748],[71.926520876145943,21.51298235656802],[71.926479299162438,21.512700255644944],[71.926413626090365,21.512540251760864],[71.925662270935462,21.51203114514427],[71.925530261410827,21.511482321688632],[71.924720987654723,21.511121306287802],[71.924882472603826,21.510707677858665],[71.924864809189813,21.509961031301792],[71.925345010015477,21.509923561650275],[71.925452095235741,21.509452075752645],[71.925621766276038,21.509190663808326],[71.926176728372837,21.508225073862636],[71.926421560348174,21.507173281040302],[71.927801325720324,21.507459729537022],[71.927877753831993,21.507104311536477],[71.928994685087758,21.507579908580905],[71.929489412260267,21.507216165395416],[71.929711979848875,21.506505148546324],[71.93014214848732,21.505264388236956],[71.930395589771479,21.504517043716081],[71.930812026177762,21.503878019937751],[71.931174212018945,21.503231885746246],[71.931289554728011,21.502941610597059],[71.931596869300506,21.502078134121611],[71.931688842635481,21.501744422455513],[71.931772790993918,21.501316488820741],[71.93218893406106,21.500583219679072],[71.932404696834482,21.500198441219766],[71.932611897578198,21.499538206092051],[71.932688310186919,21.499182785818697],[71.932780558095686,21.498943315459648],[71.932949517606858,21.498449915973268],[71.933080431496734,21.498188596917458],[71.933301616171008,21.497020863988379],[71.933416284314063,21.496505856459816],[71.933368454775618,21.496049265926281],[71.933309035522228,21.495275542452092],[71.933323010959157,21.494728146480515],[71.93332985879573,21.494459926503851],[71.933999441672697,21.493246726169374],[71.934236315023369,21.492810444819366],[71.934655989574253,21.491958285300711],[71.93507541838126,21.491025071214512],[71.935172407063405,21.490833910212473],[71.934582295013655,21.490160632906537],[71.933897516351635,21.489621385725517],[71.933976822429017,21.488192286278107],[71.933908458549155,21.487539649268506],[71.933852026553623,21.487177121016263],[71.933836226370488,21.48558139290305],[71.933801354592234,21.485021927934145],[71.933711311264133,21.484524778926492],[71.933420607207765,21.483561853945655],[71.933473140757499,21.482608400686448],[71.93383431080666,21.481198212280027],[71.934076489711202,21.480731287119198],[71.933621201211494,21.480266172229495],[71.932912174270825,21.480102215549074],[71.932610964925203,21.479325834308181],[71.932100484398546,21.478912668624456],[71.931845306319047,21.478726809311727],[71.93142183933638,21.47778494703385],[71.930755860070676,21.47719602165785],[71.930156644588294,21.476720905434203],[71.930099252912584,21.476026788814554],[71.929598889085867,21.475282000084551],[71.92898822025947,21.474672200794984],[71.928354052227903,21.473596162244064],[71.928242833379741,21.473420290426468],[71.927023581505679,21.472905300572883],[71.926479355090052,21.472295321971089],[71.929494832140037,21.469997566586493],[71.93154996741626,21.468665919327862],[71.933163922626534,21.467894947031322],[71.934636441402091,21.467963661868776],[71.935864312659419,21.46765996379764],[71.937400373162504,21.466764808091867],[71.93873616583042,21.465538574849059],[71.939662637990068,21.464406666901166],[71.940422367029598,21.463047225481496],[71.941545439609385,21.46104436802208],[71.942503506211622,21.459394253007247],[71.943142706558646,21.458459966576314],[71.9435827794414,21.457567654424306],[71.944165709375497,21.456333010530894],[71.944804100234904,21.455139665803941],[71.945654742025241,21.454588207683798],[71.946705943068309,21.454471420880147],[71.947232553531265,21.454222598613615],[71.947645076395446,21.454169600193353],[71.94826661372349,21.453983419521961],[71.948506160623538,21.453763663949449],[71.948709438526762,21.453768885129879],[71.948938572054203,21.454171900991554],[71.948798123072976,21.454570142027517],[71.948656163817589,21.454867515003542],[71.949215515090614,21.45521798661456],[71.949318496481254,21.45536169878838],[71.949431179540099,21.455882688478169],[71.94950951961016,21.456350441183989],[71.949835386120412,21.456725535769895],[71.949878639326286,21.456897405912063],[71.949995692340849,21.457449047575018],[71.950347615775669,21.457960060225577],[71.950400520994819,21.458491875738929],[71.950826042231412,21.459314664387595],[71.951096608351136,21.459765899220233],[71.951136588325554,21.460261752046858],[71.951129655414888,21.460785729121735],[71.95132752810143,21.461217161057441],[71.951486713671315,21.461572703186338],[71.95160654618914,21.461636374632565],[71.951884764444557,21.461795610572974],[71.9522652443288,21.4618625769291],[71.95272715292667,21.462009315678117],[71.952962126902847,21.46200068022701],[71.95332110817877,21.462023705889116],[71.953766038887608,21.462206484874841],[71.954207503558422,21.462649251273191],[71.954374387656472,21.462728791652356],[71.955050073958446,21.462918939554093],[71.955199457990886,21.462866537278423],[71.955296300950423,21.462864496083299],[71.955736954996667,21.462891738291503],[71.956504479094988,21.462996303559372],[71.956694134512887,21.462917569931914],[71.957044036449858,21.46307304615247],[71.957295768211125,21.463413664058848],[71.957797636234332,21.463582944225234],[71.958626444951179,21.463850874309109],[71.958862344104887,21.463985327568658],[71.959888742878249,21.464281151308615],[71.960525200594077,21.463767441588569],[71.961023964646841,21.462948355948999],[71.961715308720471,21.462982001818752],[71.962171380087725,21.46308028985711],[71.962749032419325,21.463192461415812],[71.963752060090684,21.463303452193117],[71.964718213936308,21.463762955531443],[71.965440307649047,21.46391026902517],[71.966086600936279,21.464107564333361],[71.966054837712619,21.463673910353698],[71.966060218014135,21.46297706313068],[71.965952405460555,21.462515178799077],[71.965966693184214,21.462230717646097],[71.965995630163363,21.461775562853301],[71.966000943052862,21.461057384054921],[71.966089809947562,21.460338972429405],[71.966293992325859,21.460053982020295],[71.966293539996542,21.459911772568443],[71.966626713850758,21.459583758963117],[71.96668714054114,21.459476932374216],[71.967044164439329,21.459483046592187],[71.967150006775796,21.459326319299542],[71.967922051254419,21.458470897496717],[71.968019864957512,21.45817909193466],[71.968277551082309,21.458000607496022],[71.968656040204351,21.457594247177894],[71.969029137967638,21.457877623088361],[71.96940812548344,21.457627691480461],[71.969725503573244,21.457114842197171],[71.96983027048924,21.456623921077615],[71.969503613276217,21.456610616953068],[71.969002120394691,21.456555139141841],[71.968340597573643,21.456336565487682],[71.966745248304207,21.456255696972804],[71.96521830601796,21.456188844109906],[71.964458317768432,21.45605585521243],[71.964426471508062,21.455593758476383],[71.964341118894993,21.455025152080392],[71.96437711507393,21.454399324532734],[71.964383337038782,21.453965564206772],[71.964214683209107,21.453475404741482],[71.96399978299813,21.452772056999642],[71.963915401071773,21.452509200838954],[71.96361744914995,21.451962514673944],[71.963327836112683,21.45165045280552],[71.962977932841895,21.451487878663222],[71.962376845668118,21.451155344867519],[71.962231660153222,21.450878434639169],[71.962337098225618,21.450593721528339],[71.962320764540536,21.45023112877232],[71.962009222961896,21.450189325831694],[71.961628876329456,21.450005501161943],[71.961141280210214,21.449530438685343],[71.960874664073344,21.449282303900215],[71.960638005525126,21.448898985786137],[71.960476742303456,21.448337696141081],[71.960703526406192,21.447995765653619],[71.959790900845931,21.447614305519416],[71.959735595438218,21.446931844524748],[71.959688620961288,21.44648400878528],[71.960021445524788,21.446049350729457],[71.959814773679696,21.445537958830695],[71.959881702712039,21.445082699584805],[71.959866066893056,21.444940531481468],[71.959644697305762,21.444585611830203],[71.958915420827239,21.444537838898963],[71.958502801775907,21.443742587478312],[71.958093947282464,21.443340775355427],[71.959551893795165,21.441914347157493],[71.961830391156624,21.43904290564592],[71.966053536105207,21.435326739489064],[71.967090616169372,21.434475092179884],[71.967191181455817,21.434392507380444],[71.96704625576362,21.434238362257297],[71.966486606170179,21.433438197141811],[71.966154295776718,21.432753309406039],[71.965800865084589,21.431913930195588],[71.965240710972068,21.430949553031645],[71.965012800170456,21.430650746357298],[71.964803963669056,21.429859259856983],[71.9647406894791,21.429424764926971],[71.964625742313558,21.428961435259563],[71.964539208506636,21.427696300890574],[71.964569362710705,21.427445074226384],[71.964557304702126,21.426894524842456],[71.964512312441485,21.425716209056137],[71.96459429125747,21.4255421134134],[71.964655270986356,21.425252163781266],[71.964622642051438,21.424720990020422],[71.96446597702645,21.424112885353729],[71.964359457798466,21.423050651917976],[71.964377677079128,21.422287512514938],[71.963859626504714,21.421574155450326],[71.963466833064786,21.421324099278504],[71.963021426849949,21.42074576944675],[71.962606667141714,21.420070760143847],[71.962078530107732,21.419425040495948],[71.962149402767821,21.418999833211803],[71.962313662656044,21.418748236714304],[71.962332226862358,21.418091349004339],[71.962233135141247,21.417952065371782],[71.962172655361769,21.417867054642471],[71.961488601001349,21.41712706454129],[71.961209483766481,21.416253685037127],[71.961111164157842,21.416236702695496],[71.960937882601925,21.41581735831604],[71.960719826008742,21.414828790306739],[71.960638688055809,21.414414943131899],[71.960556919730962,21.413799813466653],[71.960480680905803,21.412989135312266],[71.960411827622863,21.412575254157748],[71.960256652646322,21.412052341461767],[71.960092978931726,21.410776073780216],[71.959933249487491,21.410759259244319],[71.959950845686393,21.410494665946292],[71.959238287102991,21.41044486104942],[71.958910335497109,21.409657875118249],[71.958847934880936,21.409341742060928],[71.958819725471159,21.408174370255328],[71.958942568543847,21.408179784939101],[71.958829423021712,21.407346202431366],[71.958736586823093,21.407116417258003],[71.958735635648779,21.406811617830769],[71.958758208310797,21.40617319705354],[71.958272661265227,21.406048003518716],[71.957934646239067,21.405968413472273],[71.957204151680401,21.406068174118083],[71.957233712762644,21.405700030557711],[71.957251223971127,21.405406682633668],[71.957329681277386,21.404963642866043],[71.957396482152191,21.404721919292456],[71.957645654138119,21.403881595577921],[71.957699115627889,21.403300600183936],[71.957708228956392,21.402282650931426],[71.957725237678844,21.401828276630511],[71.957754492464005,21.401362366899139],[71.957821541799262,21.401201156216882],[71.957408755401232,21.400770958861649],[71.956996203766948,21.400415522625632],[71.956706097421986,21.399938981116048],[71.956145936341031,21.399509181831494],[71.95602858162448,21.399290963481921],[71.955972653874667,21.399078328999021],[71.955928918884439,21.398836906393008],[71.955590351574671,21.398573281128691],[71.955005777943114,21.398189552082915],[71.954513995123023,21.398024107085387],[71.954273614335932,21.397737208944971],[71.953761956412279,21.397100234260812],[71.952900217497273,21.396222662064709],[71.952582651852325,21.395906575818397],[71.952243065234612,21.395529204396116],[71.951915025435213,21.395356280903847],[71.951683699536233,21.394682120815656],[71.951319759245123,21.394371268919642],[71.950081322796393,21.393684477637532],[71.949768625296002,21.393171560856985],[71.949331454799008,21.392114549217634],[71.94906805175269,21.391655174860976],[71.948418065986573,21.390614066141008],[71.947958742157056,21.390566516486547],[71.947188919268427,21.390499558675433],[71.946124421529063,21.390456385336009],[71.945125585618385,21.390466707000613],[71.944446265444839,21.390545188407696],[71.944382156090683,21.391005438357876],[71.944103923309953,21.391052183286103],[71.942744767863729,21.391040440473333],[71.942106357596103,21.391111136459426],[71.941115680907131,21.391113744801363],[71.940174220311093,21.391146890157774],[71.93860182512374,21.391012985163968],[71.93811879084295,21.391021915579085],[71.938053885185937,21.391221453259849],[71.93716131956505,21.391177773951323],[71.936301549533212,21.391149340593486],[71.935777963559374,21.391288725884387],[71.935548488591891,21.391212641855155],[71.934622879338363,21.391069350716769],[71.934303253206522,21.390962826509028],[71.933098101109493,21.390421513966594],[71.932220474379065,21.389887016972796],[71.931367393465109,21.389344784127623],[71.930391733674753,21.388879541511503],[71.929752922782342,21.388812167215697],[71.929467755089249,21.389288314450457],[71.929024119285003,21.388768024713432],[71.928246103140651,21.388693332621731],[71.927369840269947,21.38861888724534],[71.927206072256553,21.388611636387449],[71.926828945434707,21.388436232031495],[71.92628004236235,21.388314939540201],[71.925460225131403,21.388150756842535],[71.925275744515559,21.388094819958287],[71.92495730268746,21.389245242904565],[71.924063029651421,21.389080086287379],[71.923850545758768,21.38978378648131],[71.923649848644658,21.390442811330953],[71.923106499530675,21.392129541863103],[71.922597736708965,21.393414375960436],[71.921946689742413,21.394956276728568],[71.92176898077058,21.395325047132729],[71.921153159103255,21.396688275101436],[71.920347054103431,21.398197074908225],[71.919470923506452,21.39800174097957],[71.918424463621506,21.397786700941886],[71.918309342646651,21.398167883582552],[71.917803150103254,21.398944539812991],[71.917122103213018,21.399531181896517],[71.916440126323991,21.399791341786546],[71.915727518698048,21.399493835134873],[71.91550859516326,21.399127085726928],[71.915100570553037,21.398665580360241],[71.914534454129637,21.398803014958784],[71.914272455911643,21.39861321469111],[71.913720137401029,21.398492147617151],[71.913139188908232,21.398520786802148],[71.912573261899652,21.398726231402403],[71.912621495452058,21.400385729058076],[71.911124157716472,21.399967701360548],[71.9110542667093,21.400947318460435],[71.910676518098839,21.40092103730148],[71.910737699447637,21.402022763799643],[71.909795406555105,21.402705240182812],[71.909114688497127,21.403427883457432],[71.908768255257343,21.404217726303497],[71.908669899479605,21.405415066093937],[71.905837943326333,21.405666807317576],[71.9033115529828,21.406108213736992],[71.902106122661635,21.406206333448822],[71.900639252131711,21.406318672967561],[71.899943908482541,21.407027711057196],[71.89892923219206,21.407832730489371],[71.898002330857452,21.408868793525123],[71.897394748187992,21.409808870794929],[71.896003036992454,21.410873231096598],[71.894799462049988,21.411678672013927],[71.893669893790999,21.413000860321244],[71.893321826119603,21.413219332199063],[71.891624509997129,21.414107529105149],[71.891029473750564,21.414326573224862],[71.889765135762033,21.414152674174666],[71.888791632485677,21.414086918417343],[71.887862214271536,21.41421150283956],[71.887179470655923,21.414226685036265],[71.886133510416613,21.414229098321606],[71.88481139018873,21.414177725742494],[71.884346803657749,21.414287619282977],[71.883053560448161,21.414168149478275],[71.88244359396063,21.414237559720764],[71.88163010415812,21.414253017641954],[71.880569897658177,21.41436425606723],[71.879785742576388,21.41448846585352],[71.878769289938646,21.414667610904715],[71.877999833843873,21.414859796294344],[71.877593244138581,21.414928730072297],[71.875996318924791,21.415354027068332],[71.8754443489332,21.415382471492531],[71.873397892407652,21.416135232798723],[71.872217445935533,21.416565150180293],[71.872189698643325,21.416575255585499],[71.871293338881031,21.416901701477688],[71.869908601390364,21.415068300014294],[71.869690862461354,21.415136797698516],[71.869530274841779,21.414824272786763],[71.869121767309849,21.414131397617652],[71.868889058184877,21.414023082489386],[71.868409591200717,21.413996930323222],[71.868032530454158,21.414256224211535],[71.866114864166775,21.414233217758476],[71.864886748029591,21.414114300985617],[71.86296943709246,21.413669877268767],[71.860572401515796,21.412946097088962],[71.858953015169931,21.411884177835312],[71.857932725620813,21.41093311110853],[71.856613458908853,21.410150894709378],[71.8546344496975,21.408921476933035],[71.852744308196094,21.407935946022917],[71.852000593747562,21.407743272751116],[71.851538827962244,21.407623641680559],[71.850211717403269,21.407215382605845],[71.849781564875585,21.406980153085179],[71.849024697611014,21.406806821293937],[71.848146902849962,21.406834883063546],[71.847595555874506,21.406687354235181],[71.846324682933471,21.406357656741353],[71.845680670573984,21.406516404504057],[71.844894521529753,21.405800895029955],[71.84399739911656,21.405549119611226],[71.84279146674865,21.405026861353992],[71.841901779532904,21.403952984587274],[71.841192299981344,21.404068121200094],[71.840275970292367,21.403580236791065],[71.839657878181384,21.402829378940076],[71.839152642461372,21.402419364168548],[71.838507914304174,21.402263248473748],[71.83794689331441,21.401958288386641],[71.83746118545551,21.401915539288282],[71.837348299581052,21.401557201678891],[71.836432258222942,21.401182986505574],[71.836132964569188,21.400982440656357],[71.835524482453991,21.40033649353348],[71.835075118274389,21.399847644944437],[71.834999952261654,21.399646648955802],[71.834644533481011,21.399402485045186],[71.833634711400919,21.39884478615614],[71.833494635219992,21.398845064806515],[71.832867853087549,21.398356562849344],[71.831577421198929,21.397589516363674],[71.830623869080711,21.39712788809463],[71.829829250112127,21.39674465122561],[71.829324630381876,21.396588224100519],[71.828165377132308,21.396004548554192],[71.827547670732955,21.39538482602844],[71.8269213505626,21.395088701283019],[71.8263141554378,21.394993683376004],[71.826136594388274,21.394932810294282],[71.825379235260883,21.394497006534326],[71.825164206632564,21.394383732108633],[71.824622150787107,21.394183635733153],[71.823846547316251,21.393940261223637],[71.823332605251153,21.393783833843571],[71.822294849759217,21.39322611925709],[71.820475089762354,21.392334649899546],[71.81978320245527,21.391933677316825],[71.819109937908848,21.391506429876525],[71.818717288888649,21.39129728432377],[71.817399713796405,21.390871252978197],[71.816363166906228,21.390855720223271],[71.815597494884329,21.390874653643255],[71.815401248517233,21.390805058714474],[71.81463654913604,21.391278752342089],[71.813921170288353,21.391207676841724],[71.813814004313542,21.391197029241777],[71.813599813009105,21.391175747805669],[71.813058026167184,21.39108930480322],[71.812404184733722,21.391003068785672],[71.81192811697882,21.391082664389355],[71.811862936787421,21.391170240690094],[71.811433409826876,21.39117978427613],[71.811050554039284,21.391180494708564],[71.811078216535776,21.391014278711069],[71.810868490232679,21.390690877676786],[71.810789821922612,21.390579981974447],[71.810394536095345,21.39006228455634],[71.809907971807675,21.389590926563045],[71.809177524799921,21.388595285964826],[71.808138906291902,21.387582717287799],[71.807109384222002,21.38644768801527],[71.806491605763213,21.3857316853124],[71.805920830181662,21.385164268345701],[71.80609562471011,21.38390459461867],[71.80613175588941,21.383318578782724],[71.806194916612867,21.382260255376529],[71.80612771785313,21.381377080176094],[71.806050855407506,21.38033650303376],[71.806117906611789,21.380294760335016],[71.806048234829518,21.380206570763335],[71.805834850640821,21.380042662492784],[71.804875569001965,21.379430466569264],[71.804472002614034,21.379336746747388],[71.802278916153696,21.379458777356778],[71.801571855580733,21.378893334082377],[71.799906849116482,21.378353215630202],[71.799076245232669,21.379015866202135],[71.798799695128253,21.379394169242019],[71.796908035420259,21.378972490212018],[71.795321423616201,21.379801750353067],[71.79486833914757,21.380156744436981],[71.791265852070765,21.381508986184855],[71.790132842980313,21.382266570088252],[71.787715613144826,21.383829200756114],[71.786633450887379,21.384822805483189],[71.786180972718498,21.385508359328529],[71.785477379221447,21.386713828728215],[71.785326565183226,21.386950216787497],[71.785150309814526,21.387068582217008],[71.784622044408337,21.387683421172738],[71.78449644020202,21.387919765705639],[71.783791910665812,21.388652966617546],[71.783213254529471,21.389291499517871],[71.782447454591889,21.390248342222659],[71.781998800535376,21.390817734457762],[71.781808223374611,21.391112903743213],[71.7811572579527,21.391724754791593],[71.780932866296908,21.391977858475926],[71.779899584849076,21.392579814272061],[71.779651779085697,21.392347390548633],[71.779212129642616,21.392404284730958],[71.77879289450388,21.392685790679081],[71.776936176792731,21.393886983277675],[71.776696659435174,21.394074584308736],[71.776477658435979,21.394542959717423],[71.776298599448069,21.394992548458227],[71.776158990842333,21.395161263520574],[71.77602387369943,21.395753760260565],[71.775182208830529,21.395215964930863],[71.774646410294494,21.394768323014105],[71.774136124767963,21.39433972360057],[71.774013590910329,21.394201550565125],[71.773671748878101,21.393939676633885],[71.773416484436183,21.393658574893948],[71.772600200056445,21.393058695482399],[71.772176661241744,21.392696749813837],[71.771850277809421,21.392525505363871],[71.771176782341087,21.391992188260613],[71.77064106914321,21.391577933486968],[71.770457325062864,21.391396913056713],[71.769748159264282,21.390854104574522],[71.769375825466355,21.390625671149941],[71.769263471120468,21.390477935174726],[71.768865395228019,21.390101625527311],[71.768079421499579,21.389339444033347],[71.767697821115604,21.388956554153737],[71.767767830996149,21.389481028550211],[71.767553148605927,21.389567604449461],[71.767083905696552,21.388907229973718],[71.767051971488456,21.388731762847357],[71.766983498735812,21.388753260488869],[71.766581471169914,21.388702567119598],[71.766074369651278,21.38863920629348],[71.765590097996096,21.388571530055692],[71.764973378970865,21.388508339411274],[71.764416029345824,21.388440775192322],[71.763886176836351,21.388424498626158],[71.763722999120233,21.389122025255585],[71.763179671399399,21.38923409956681],[71.762787412755813,21.389538433376071],[71.762783364819867,21.389829325351428],[71.762825014620361,21.390132978908888],[71.762797930637021,21.390312685988782],[71.76288440629574,21.390426542463356],[71.762812611945009,21.390777089192849],[71.763344666887704,21.391318862483679],[71.763141112477271,21.392234832521819],[71.763057005109772,21.392449746675506],[71.763010987826348,21.393715903394902],[71.763313352998509,21.394054558703324],[71.763784745430584,21.394415556317703],[71.763833493295124,21.39467547908524],[71.763955799879071,21.395568328147345],[71.764040942579783,21.3959299324219],[71.764259145940713,21.396449587504986],[71.764440773245752,21.396765822174618],[71.764478143646556,21.397410109479857],[71.764492287901291,21.398563127685843],[71.765312974576119,21.398494005281002],[71.766520066503702,21.39850339537093],[71.768463430755148,21.398488990978297],[71.771083004051079,21.398609124013976],[71.772784702687005,21.398459408292535],[71.773701928946437,21.398378783480446],[71.773967189465779,21.398220089935897],[71.774909040866262,21.398399417461935],[71.775367663872146,21.398364752017702],[71.775610439524783,21.3983944381398],[71.77618866212444,21.398465140578409],[71.776684730612786,21.399086059795064],[71.776950627777936,21.399266489772224],[71.777120278872644,21.39961664303053],[71.777303110085441,21.400554598256196],[71.777062544597499,21.401007168197307],[71.776966509620365,21.401289934510469],[71.777171843325732,21.401357421029456],[71.777510085600042,21.401492513195912],[71.780337920134514,21.403183454166911],[71.780869652501082,21.403499084611106],[71.781642961429014,21.403893437768293],[71.781920749418845,21.403972100960047],[71.784240616917586,21.405109917716565],[71.784740618769575,21.405222896002055],[71.785061224462751,21.405305133359292],[71.787073810580608,21.406077782152249],[71.789262931766189,21.40670523316485],[71.792845255865345,21.407775181297925],[71.79346873367578,21.407934058567012],[71.793160155462203,21.40879725284066],[71.793213716077858,21.409414596699197],[71.792933267734412,21.4104833519282],[71.792881817056582,21.410924468584085],[71.793321484223213,21.410972702681129],[71.793081490708431,21.411335744479214],[71.79310353674974,21.411894339731347],[71.793072744599087,21.412198211948901],[71.79281121105447,21.412257472635687],[71.792436423117763,21.413257787413993],[71.792468231038569,21.413463544328263],[71.792426561588726,21.413561622955243],[71.792562796828747,21.413649590502434],[71.792574277624041,21.414159201178155],[71.792804728606995,21.414256804595325],[71.792502126429227,21.414717960765124],[71.79196940137048,21.41524812160549],[71.791781553852971,21.415522865290793],[71.79142564248572,21.415494082850653],[71.79111276132636,21.416053260278115],[71.790652088823776,21.415975655221068],[71.790287026905389,21.416613326325422],[71.789900700320374,21.417084423400087],[71.7892417042913,21.417281573987946],[71.789357259258637,21.417496987436316],[71.78912811689014,21.418065817101475],[71.788762311238514,21.418331063785242],[71.788678059542178,21.418066593076801],[71.788175458462206,21.417959651741317],[71.787673875169688,21.418372138357721],[71.787610165048633,21.418296270269078],[71.787259957291255,21.418240349646027],[71.787199838799111,21.418364799731616],[71.787031996790461,21.418964213916201],[71.787117895264231,21.419676236020337],[71.787167753926312,21.420478753968471],[71.78698686520795,21.420580802362529],[71.786914871744543,21.42080701111465],[71.786396304112955,21.421090505162738],[71.786831246979148,21.42125932518432],[71.786855723231483,21.421428847354189],[71.786336580381899,21.421418431137305],[71.786348697030746,21.421441018972562],[71.786097109845045,21.422186717640979],[71.78608334524138,21.42222751538489],[71.785688508843691,21.423397784924855],[71.785870436008949,21.42382703681611],[71.785508472497852,21.423940696786584],[71.784784368417746,21.424077580537691],[71.785933000630422,21.424957356867203],[71.786307259524165,21.424956717631904],[71.786297566636776,21.426177594970166],[71.78672215101291,21.427216861099133],[71.786215897998446,21.427635984675433],[71.7865427757541,21.428098900593856],[71.786912691620998,21.428767691257612],[71.786760526914463,21.42867119009459],[71.786071127442057,21.427932289331434],[71.784708022775135,21.426988954336853],[71.784459800437745,21.427304595239384],[71.783744295833046,21.428196645606469],[71.783131191812714,21.429061109475072],[71.782766443483027,21.429678458742003],[71.782007636113022,21.430899499021461],[71.781321821110865,21.432024476969627],[71.781336642691002,21.432120388307311],[71.781044622351075,21.432504623556095],[71.780241767870478,21.433670908909647],[71.779906664024182,21.434493779825601],[71.779367353859612,21.435700735668373],[71.779031068187663,21.435906873963983],[71.779134030276794,21.436167100626673],[71.780043504613815,21.437166059483989],[71.779605088077091,21.437550536902105],[71.779810442201978,21.437769476554983],[71.779312713475264,21.437756602420531],[71.779107672853556,21.437702123660006],[71.778540748364051,21.437803334689281],[71.777922458842895,21.437553260586931],[71.777620972224454,21.437440933360691],[71.777339322183792,21.437196940784165],[71.776649128563278,21.436872136765817],[71.774674382196892,21.437013287966138],[71.77332874642579,21.437040562723229],[71.77174826484341,21.436786139411677],[71.771687929269135,21.43674235998779],[71.771679714483653,21.435921240320425],[71.770668520342255,21.435778709490226],[71.769208909264833,21.435712112357901],[71.768659768401278,21.435625239615892],[71.767889457105397,21.43540708699188],[71.767320370504834,21.435395460063365],[71.766617523248058,21.435459262548342],[71.765800907887396,21.435548315489264],[71.764756541209451,21.435568774575138],[71.764287899824012,21.435569514888282],[71.763825829368741,21.435501293399181],[71.763470967276703,21.435483047538224],[71.762567159306471,21.435484467166475],[71.761435859488699,21.435561455589053],[71.760491503410606,21.435349808667258],[71.759587962086556,21.435501648497738],[71.757572760079341,21.435479687610545],[71.756655726349763,21.435575118629906],[71.756173683938613,21.435569588576179],[71.754881321417471,21.435427392155141],[71.753769863647037,21.435366398254327],[71.753314568978226,21.435342014830344],[71.751948266207449,21.435024397992706],[71.751613523265263,21.435024901305159],[71.749732289076732,21.435040253841734],[71.748647923343924,21.435160963298507],[71.748313296644042,21.435230410046053],[71.748125480037729,21.435017569639207],[71.74730093505957,21.434379432881762],[71.747079762953419,21.434235590730232],[71.746021686372501,21.434061638887812],[71.745331763945231,21.433849532180165],[71.744842833821224,21.433724883700137],[71.744474149904008,21.433443353213747],[71.744112478644013,21.432603352638075],[71.744244368765251,21.432352563786008],[71.744562123744686,21.430792398027307],[71.745564127369207,21.42654674144125],[71.745643811098645,21.426306670314947],[71.745578940610741,21.425826856825431],[71.746439829050274,21.423426049191139],[71.746695088354073,21.42282578756851],[71.746886884381368,21.422585550650968],[71.747492760377739,21.420949967343862],[71.747875914150399,21.420214540475101],[71.748801889371038,21.418458501061387],[71.74884958213849,21.418248470067365],[71.750087673641048,21.414519142361989],[71.749185366816448,21.413960854765616],[71.74596604078485,21.413539728896268],[71.741942047593966,21.413097864492265],[71.739901409382242,21.413185428389127],[71.738607106139781,21.413269176515904],[71.73501342757541,21.413904887472025],[71.733176509916461,21.413776412742411],[71.73045635513293,21.413731035152253],[71.73027193998098,21.413256266256148],[71.729650716553891,21.413101507876572],[71.728854762069602,21.413069836508097],[71.728408222642486,21.412759224064175],[71.728337744257132,21.412431718385712],[71.728005123616839,21.412260180317009],[71.727585004373339,21.412064190286177],[71.72696330809967,21.411598200822468],[71.727636529739996,21.411449867010511],[71.728256688375424,21.4109248607346],[71.728116204765143,21.410572880069108],[71.727983705629342,21.409729485669736],[71.727520218754833,21.409762875635412],[71.727082754538657,21.409656998281587],[71.726889419899308,21.409059386692476],[71.72691540488583,21.408895550576503],[71.727273925228346,21.408854114608761],[71.727484081300204,21.409017630464167],[71.72767651757016,21.409033749280979],[71.727999939889656,21.408918649010829],[71.728016262946994,21.40816514248435],[71.727963520823707,21.407993223223897],[71.727809569322886,21.407518207523687],[71.727450938345129,21.407485934334222],[71.7269521209099,21.407290049262166],[71.726611095980445,21.40733146087095],[71.726164729997123,21.407119122426771],[71.725604732409266,21.406947885994978],[71.725053369081778,21.406702925637713],[71.724790393533979,21.406310156070855],[71.724737543177056,21.406064525412727],[71.72467610995794,21.405925376895546],[71.724544197898112,21.405450530668016],[71.724578655393003,21.405106502343632],[71.724674595461906,21.404934382704397],[71.724472806415605,21.404516960357089],[71.723886471415341,21.404272042830897],[71.723562582739177,21.404075913782307],[71.723396091677699,21.403863194330086],[71.723369581000838,21.403683048475237],[71.72336028791689,21.403322698487898],[71.723604293224398,21.402749069436606],[71.723350173784766,21.402421805972534],[71.723349800564904,21.402176104819375],[71.723515443040128,21.401831901757546],[71.723629085039633,21.401798989999296],[71.724039612982835,21.401462649666072],[71.724012939780906,21.401176033356109],[71.724047322746785,21.400782864726644],[71.723906796762407,21.400389929734335],[71.72375763828002,21.400070716633834],[71.723765897669736,21.399751293382138],[71.723739250265623,21.399481057044852],[71.723790413944229,21.398621032678001],[71.723676325999392,21.39835910302585],[71.723728224790094,21.397982291081341],[71.723875311525717,21.396941957216846],[71.723970374184347,21.396196534788523],[71.723916718577087,21.395418550634666],[71.723723254133773,21.394714463510986],[71.723574749235468,21.394821132360281],[71.723346879001397,21.394493833485679],[71.72318904489903,21.394215581470423],[71.722970144977566,21.394035691248629],[71.722584767411703,21.393643080104937],[71.722383161037669,21.393332125115663],[71.721988572255157,21.39262830229308],[71.721786820379364,21.392219065937311],[71.721226613704644,21.391867632947438],[71.720850114345851,21.391556906595941],[71.720341956598958,21.391200199528328],[71.719209818041364,21.39051914444962],[71.719179685517531,21.390675598906675],[71.719051256382443,21.391095243471288],[71.718595824290745,21.391131386512093],[71.718345244212784,21.391089054236399],[71.717394228473481,21.390708533147169],[71.717266978397518,21.39078210017755],[71.716484327115026,21.391526308931027],[71.716112652928771,21.391939675323663],[71.715427811239053,21.392582825124062],[71.714860366445649,21.393115718555457],[71.713930855408179,21.393942680847548],[71.712971982531755,21.394797201069984],[71.712335966971366,21.395348523541617],[71.711142048816782,21.396276732858588],[71.71093655803999,21.396451321509605],[71.709908468274605,21.396883849033177],[71.709761954864831,21.397195991397748],[71.710106798295357,21.398553498854437],[71.710244787326658,21.399131367500214],[71.709973054901468,21.400948409929299],[71.709317733074542,21.401729126512805],[71.708260858762131,21.402620442910063],[71.707957431479485,21.402831850530223],[71.707281939015473,21.403218047960511],[71.706709109628378,21.403621975722917],[71.706028273884527,21.404008397918414],[71.705776942345437,21.404070127076629],[71.705241713639651,21.404357412084153],[71.704870123402657,21.404409050323068],[71.703712023282463,21.404850641676237],[71.703277223396398,21.404994180753306],[71.7034685546502,21.405187187073878],[71.703370013177249,21.405774178887576],[71.70307378105079,21.407098578899934],[71.703074572017954,21.407671136104902],[71.703037505291476,21.408501390274626],[71.703030742381983,21.409138369315318],[71.70301645526358,21.409861241121199],[71.703009613169442,21.410440964359335],[71.703079100811649,21.41094902535054],[71.703179091245119,21.411406950489393],[71.703309594548827,21.411821896689176],[71.703439999525628,21.412165273153143],[71.703425040594269,21.412401471411215],[71.703448573793295,21.412838018165381],[71.703579574901369,21.413610812052337],[71.70370400590302,21.415156566561077],[71.703895400719148,21.415385356840606],[71.704148547533805,21.416050646812739],[71.704486030419744,21.416901914622102],[71.704716422487309,21.417688899799629],[71.704777937273164,21.417953632435005],[71.704816412814083,21.418139666561469],[71.705023868831589,21.418919522243439],[71.704748910383046,21.419062997792732],[71.704796824438276,21.419318204371262],[71.703391052262944,21.419749334711994],[71.703674926762019,21.420521942199631],[71.703117159385357,21.420665758628807],[71.703247443218686,21.42091609442771],[71.703561932630677,21.421717292705193],[71.704028141619759,21.421688097746895],[71.704196645089226,21.421938386212108],[71.704410681144751,21.421952439133399],[71.704709802429377,21.422689241179068],[71.705123989203415,21.423719337222156],[71.705361719042713,21.424277289015318],[71.705535820630743,21.42468051607722],[71.703706574280005,21.425174725316577],[71.702710777474152,21.425684872787247],[71.701409010179987,21.427688271553361],[71.700214601371087,21.42872454692727],[71.698077223125082,21.42918513366423],[71.697521595362574,21.429374588686304],[71.697626161285967,21.429956083788255],[71.697667876099587,21.430314831186625],[71.69775130572728,21.430823751914613],[71.697934850907686,21.431566275599621],[71.698085024237301,21.432375542986584],[71.698126739050977,21.432634174831978],[71.69813508201392,21.433093037783301],[71.698226854604115,21.433835561468353],[71.699052807916672,21.434052478499883],[71.699503327905219,21.434160937015815],[71.699812017527009,21.434269395531615],[71.70061294195142,21.434369511084579],[71.701522324891371,21.434494655525903],[71.701914444140826,21.434586428116134],[71.702106332284032,21.434628142929984],[71.702732054490525,21.434795002184902],[71.703215946330218,21.434878431812539],[71.70362475150516,21.434961861440009],[71.703950127052465,21.435028605141952],[71.704751051476819,21.435170435508777],[71.705109798875185,21.435245522173503],[71.70532671590675,21.435303922912844],[71.704707946169293,21.435811916644955],[71.704557179377161,21.436113451297604],[71.704322315890821,21.436583177201651],[71.704485467162513,21.437102294884017],[71.704648618433964,21.437324773890797],[71.704678282301657,21.438259185719065],[71.705138072248857,21.43911943787834],[71.704989752911104,21.439371580752731],[71.704529962963832,21.4398906984351],[71.704440971361137,21.44024666484593],[71.704277820089615,21.440706454793204],[71.704173996552996,21.44100309346884],[71.704085004950443,21.441789185959273],[71.703936685612533,21.44248628684721],[71.703506559532869,21.443331707072794],[71.70353622340032,21.444177127298271],[71.703610383069304,21.444592421444266],[71.704025677215228,21.444829732384736],[71.704589290698877,21.445126371060546],[71.704648618433964,21.44585313581571],[71.704589290698934,21.446298093829299],[71.704248156221993,21.446995194717037],[71.704070173016532,21.447277001458907],[71.703625215003157,21.447380824995491],[71.703284080526075,21.447380824995488],[71.703076433453205,21.447247337591229],[71.702868786380179,21.447247337591257],[71.702646307373413,21.447529144333327],[71.702320004830213,21.44788511074395],[71.70226067709514,21.448300404889896],[71.70232185882179,21.449201444867263],[71.702377478573638,21.449568535228394],[71.702644453381779,21.449757642384128],[71.702789064736123,21.450013493241741],[71.702855808438088,21.450547442858028],[71.702855808438102,21.451036896672917],[71.702866932388346,21.451437358884895],[71.702800188686396,21.451604218140073],[71.702444222275574,21.451793325295768],[71.702012242204148,21.451971308501175],[71.701804595131264,21.452238283309342],[71.701789763197553,21.452623913587654],[71.701819427065033,21.453068871601147],[71.701819427065004,21.454581728847021],[71.702012242204162,21.45643572056979],[71.702071569939406,21.45713282145762],[71.702516527952739,21.457859586212823],[71.702946654032601,21.45808206521961],[71.704681990285067,21.458438031630397],[71.704859973490457,21.458601182901933],[71.704889637358136,21.458897821577676],[71.70441748746596,21.459703689979914],[71.70336936414536,21.461384642475203],[71.703283462528873,21.46185679236731],[71.70336133018111,21.462657716791526],[71.70370617264166,21.464281813540886],[71.704128882754475,21.466673462863223],[71.703405825982472,21.466617843111585],[71.703207393730594,21.466518587519378],[71.702533610958312,21.466380318443516],[71.700631240169542,21.46603953157609],[71.699412458991233,21.465762816377119],[71.699097076542799,21.466940789824267],[71.699057932045562,21.467293188464851],[71.698999491975158,21.468025779325878],[71.698792299366005,21.468638005517121],[71.698566298402639,21.469992047331026],[71.698389082987589,21.470798958103455],[71.698182598911856,21.471939710343797],[71.697916687082383,21.473089804960136],[71.697710158709214,21.474202739157494],[71.698304710387546,21.474331848901276],[71.699314633112664,21.47395047911716],[71.699444613606175,21.474831203470931],[71.699854403016417,21.477491896405041],[71.700214192701281,21.479800295792487],[71.700294422315977,21.480514175054996],[71.70061350691492,21.482025194618632],[71.700683108615465,21.482210559174106],[71.700882643968129,21.483230283974471],[71.700824258247991,21.483999963607705],[71.700660803243721,21.485211753815165],[71.700378088265865,21.486151696314316],[71.700309817112085,21.486939932175964],[71.700162351214033,21.487774624804459],[71.700103326371945,21.488080684649312],[71.699955756878126,21.488841197938228],[71.699828886577393,21.490250754060217],[71.699760762605294,21.491150257913439],[71.699652552612008,21.491716003340738],[71.699593613699506,21.492086969537674],[71.699356844698883,21.492829043716025],[71.699367194310071,21.493153565141863],[71.699219502503979,21.493830625990633],[71.699061901718665,21.494507698468929],[71.699003010682105,21.494915753860258],[71.698825453761486,21.495490853509992],[71.698648059100847,21.49618649382252],[71.698470876586626,21.497039764269765],[71.698184868761473,21.498013704641632],[71.698115739612206,21.498180689627112],[71.699067351027054,21.498513364358757],[71.700544620933144,21.499234843645091],[71.700772669387476,21.499355110737955],[71.701367542978048,21.49964183867603],[71.702011958908614,21.499928504566221],[71.70281502140962,21.500298426859239],[71.703687689607904,21.500844435667354],[71.704461788698211,21.501752183412442],[71.704948287164868,21.502465560549723],[71.705250466758898,21.502897512963731],[71.705230438432324,21.503203861979049],[71.705210396598218,21.503500638360791],[71.704894260169041,21.504190256327867],[71.704517481832553,21.505406442885587],[71.70436479246888,21.50594269735419],[71.704110249852533,21.506794973092312],[71.704079762247673,21.506938599857811],[71.703988365841866,21.507417343193637],[71.703774256055581,21.507924954136094],[71.703600889293966,21.508308070894351],[71.703397019661963,21.508825241463352],[71.703152110903687,21.50925630800965],[71.702836430565924,21.510290535902826],[71.702704136217662,21.510788473319863],[71.70265324027271,21.510970415063522],[71.702551408226228,21.511305580655467],[71.702184398685105,21.512215425209732],[71.701868136945237,21.5128380287073],[71.701644059480273,21.51354667391626],[71.701542012231741,21.513728677045048],[71.701144393014417,21.514705564462233],[71.700950709546902,21.515203574241863],[71.700522707644183,21.516410239616356],[71.700390176957072,21.516745440600015],[71.700176224795641,21.517387063076093],[71.69993159353514,21.518038294609752],[71.699809604246582,21.51860322539688],[71.699646706340204,21.51917777761631],[71.699504006301922,21.519560853084002],[71.699249856006816,21.520738588987154],[71.699106029027547,21.521170034218812],[71.698749586193117,21.522897519313709],[71.698632256445478,21.523626514719489],[71.698240368776766,21.525481410804986],[71.697819027750313,21.527437826735106],[71.697476247698361,21.529163497868282],[71.697231131235739,21.530197101494764],[71.696087284510639,21.53017999758961],[71.696068591291692,21.530945778793463],[71.695615127930836,21.531038571180247],[71.695605551500918,21.531250780739498],[71.695388630512781,21.531260260913893],[71.695329837000997,21.531537110180473],[71.69420563980735,21.531473840366822],[71.694039087796,21.532285923396227],[71.692964188685593,21.532222587916834],[71.692244748128658,21.532518650884008],[71.690924042286468,21.532999920173271],[71.690776348304823,21.533166157376044],[71.690973707825137,21.533276643754863],[71.690955120225922,21.534143910297175],[71.690867289369876,21.534845187764091],[71.690867916387347,21.535324939670538],[71.69078038577868,21.536256866927729],[71.690672734534672,21.53688435871403],[71.69041714285251,21.537493567308776],[71.69002381823158,21.538352034676468],[71.689443378614143,21.539404459839258],[71.689365650038212,21.540299470810481],[71.688262216434367,21.541094156481467],[71.687188200994598,21.541768863759039],[71.685946720379903,21.542591367008551],[71.684744671471407,21.543413817345787],[71.68395639623472,21.543922118964499],[71.683237122850002,21.544411889049805],[71.681995585872627,21.545225136954379],[71.680269904404668,21.545300819334333],[71.67938238635351,21.545320228367395],[71.679176981018983,21.54669512384222],[71.679049979213431,21.547673216588599],[71.678922987067949,21.548660535124835],[71.678727559129968,21.550136904842894],[71.680334944668019,21.550052140112776],[71.682080382992055,21.549957983198716],[71.683510204276175,21.549836477693731],[71.684811631966056,21.54956748632744],[71.686221476046384,21.549252233785445],[71.687276419194859,21.549038854307813],[71.688439731755849,21.548742311754271],[71.68888721119653,21.548636402249723],[71.688873281193196,21.549346832410624],[71.688727016160058,21.550482127667685],[71.688740946163378,21.551185592827068],[71.688747911164924,21.551805477967456],[71.688768806169705,21.551986568008548],[71.688838456185493,21.552049253022684],[71.689140803748799,21.551257604513786],[71.689244105437936,21.550921273433012],[71.689532389221498,21.550618575460359],[71.689748602059154,21.550214978163424],[71.689964814896655,21.549998765325761],[71.690181027734312,21.549811380866512],[71.69035399800444,21.549724895731341],[71.690800837868892,21.549335712623755],[71.691435062192625,21.549350126812907],[71.692285499353886,21.549407783569595],[71.692256670975624,21.549566339650546],[71.692256670975624,21.549753724109809],[71.692962966245133,21.549897866001466],[71.693107108136999,21.549451026137159],[71.693179179082861,21.549162742353673],[71.693193593271985,21.54875914505676],[71.693308906785404,21.548643831543306],[71.693539533812185,21.548312305192287],[71.693568362190632,21.548067263976293],[71.69330890678539,21.548038435597856],[71.693453048677227,21.547793394381895],[71.693525119623075,21.547404211274127],[71.694058444622513,21.547245655193368],[71.694346728406018,21.547274483571623],[71.694649426378803,21.547332140328322],[71.694894467594821,21.547404211274117],[71.69511068043245,21.547187998436652],[71.69552869191854,21.547173584247364],[71.695744904756154,21.546380803842784],[71.696162916242187,21.54643846059955],[71.696292643944801,21.546294318707691],[71.69675389799842,21.546323147086156],[71.696494442593277,21.545933963978317],[71.69552869191854,21.544896142357722],[71.695081852053988,21.544362817358028],[71.694833719111784,21.543696779120793],[71.694833709474835,21.543696753253176],[71.694934643286715,21.543680140396319],[71.694934654064156,21.543680165406059],[71.698968714899422,21.543016113062912],[71.703350941043752,21.542567979571238],[71.707208062893642,21.542727249876975],[71.710407656675386,21.543197953450875],[71.710493906851184,21.543925675929582],[71.710672282442303,21.545133765160035],[71.710712822349365,21.545377004602326],[71.710883089958983,21.546333746408788],[71.710907413903257,21.546520229981191],[71.710745254274983,21.547679671323092],[71.710672282442317,21.54803642250506],[71.710607418590968,21.549098568070011],[71.710583094646836,21.550079633820761],[71.710583094646822,21.550258009411806],[71.710785794182016,21.550249901430401],[71.711118221419937,21.550225577486078],[71.711231733159721,21.552203924950632],[71.711312812973887,21.554003896823819],[71.711385784806509,21.556087648046475],[71.711458756639161,21.556963310038956],[71.711564160397614,21.558593014302559],[71.712132391981044,21.558461184530767],[71.712618870865512,21.558461184530781],[71.712813462419447,21.558461184530781],[71.712954000763943,21.558450373888764],[71.713537775425451,21.558450373888785],[71.713916147891467,21.558428752605174],[71.714153982012732,21.558536859023974],[71.714337762924828,21.558536859023931],[71.714889105660745,21.558536859023942],[71.715116129140355,21.558580101591488],[71.715429637754838,21.558634154800849],[71.715905305997595,21.558644965442856],[71.716326921031126,21.558677397368459],[71.716750337838008,21.558616137064408],[71.717139520945764,21.558529651929319],[71.717007991469615,21.558958474057313],[71.717959327955128,21.558947663415477],[71.718218783360342,21.558990905982903],[71.718110676941592,21.559336846523081],[71.718045813090242,21.55956387000278],[71.717980949238864,21.559898999900973],[71.717937706671506,21.560450342636919],[71.717829600252543,21.560990874731022],[71.717829600252514,21.561531406825136],[71.71784041089434,21.562331394324477],[71.717764736401392,21.562990843479177],[71.717979901431136,21.563502885168859],[71.717534207268685,21.56358975121211],[71.716919770784642,21.563921306210457],[71.71592130816974,21.56446187584584],[71.715915261144502,21.565569190760304],[71.71587783891971,21.566252318214584],[71.715878722536246,21.566849112335209],[71.71585629026481,21.567273369329879],[71.71588840029635,21.568193686563273],[71.7159120039247,21.568560361422971],[71.715943837748952,21.56929373100693],[71.715983753040703,21.57029313118862],[71.715677115050724,21.570861562191858],[71.715655054002198,21.571537478993683],[71.715586402487446,21.571897082846373],[71.715395203882039,21.57255883772379],[71.715303436865895,21.572882519813263],[71.715135626127818,21.573767143359145],[71.715013681960698,21.57447914031458],[71.714769313316225,21.575579571060665],[71.714208208226466,21.575623435331948],[71.714070925743641,21.576364212391731],[71.713964253937235,21.577011476116386],[71.713865215796019,21.577622778450127],[71.713835131135895,21.578075805683994],[71.713728087974317,21.578471409300491],[71.71352139234736,21.579061278566556],[71.713422087737129,21.579492823500303],[71.713322803604385,21.57993874891789],[71.713070179082862,21.580665291940139],[71.712778515780954,21.580982037721665],[71.712563800069859,21.581349016846055],[71.712388265334553,21.582226456476974],[71.712082289912587,21.583276629008985],[71.712036948950242,21.583815958577446],[71.711969339734353,21.584901778501134],[71.711947960952344,21.586059442314628],[71.711963660905354,21.586282321284351],[71.711773169816553,21.587454580658317],[71.711544632974423,21.588900118911248],[71.711567999722362,21.589108607530161],[71.711338540142791,21.589921401289253],[71.711477801198157,21.590525208439395],[71.711625273963278,21.591488519209978],[71.711618651718197,21.592221936602584],[71.711565879597259,21.592941032022456],[71.711505001005449,21.593372526360195],[71.711429069333278,21.594026938528536],[71.711422498309986,21.594796307040742],[71.711359157201642,21.595281749863858],[71.711323592621625,21.596651486684191],[71.711305257870592,21.596955885856584],[71.711076463813825,21.5988760854151],[71.710909194007954,21.600064533778276],[71.710647934197624,21.601182860262227],[71.710523591517045,21.601762502178712],[71.710436542882221,21.602162593189679],[71.710401970125019,21.602862621193722],[71.710321449574323,21.603839643938112],[71.709873120520342,21.605436485848408],[71.709689965517384,21.606266780095556],[71.709534018916841,21.607026803691564],[71.708825200724419,21.607921609046993],[71.70860033649636,21.608241146186412],[71.707461579699839,21.609302496811154],[71.706854695386511,21.609871526431881],[71.706636171209723,21.609852642693269],[71.705475415173012,21.609860465466621],[71.703631873678049,21.609881887472635],[71.702327683964683,21.609857938278537],[71.700593407867402,21.609891963901362],[71.699323341022918,21.609855179800785],[71.69801917803278,21.609850352100985],[71.697029113215891,21.609851527588035],[71.695281153689507,21.60986635873407],[71.695323056325023,21.610562285811582],[71.695310300298132,21.61123273658778],[71.695290827486815,21.611986201521901],[71.695312717904088,21.61303333248814],[71.695368784170313,21.614105963583086],[71.695493228579195,21.615248750258996],[71.695446219969071,21.615836234634063],[71.695351035229336,21.616142831203302],[71.69529677728525,21.616417454165809],[71.696163976742454,21.616416433656667],[71.696199126296406,21.617163448674816],[71.696247734885333,21.617763590498267],[71.696268814718437,21.61820413732767],[71.696311129962695,21.61920016245519],[71.696366861443124,21.620017388933945],[71.696436578488473,21.621077232394082],[71.696464876296403,21.621805099733155],[71.69562488177985,21.621748624163978],[71.695092183006778,21.621698169212735],[71.694436655387321,21.621711707161882],[71.694211286284414,21.621692815234685],[71.692545101641045,21.621688367699285],[71.691623267071506,21.621708587788433],[71.690373701505706,21.621761103759948],[71.690419595096884,21.620305249226739],[71.689647846617774,21.620210354646336],[71.689012793987942,21.620211077633325],[71.688739669639759,21.620224158025824],[71.688616781059309,21.620243452741391],[71.688357255761588,21.620211821398854],[71.687681223694653,21.620206200612138],[71.686975001755741,21.619777309722906],[71.686307239431201,21.619094370981845],[71.685366301610216,21.618244491659723],[71.684668186452726,21.617819551998668],[71.684197717542119,21.617409788753928],[71.683681719382236,21.617030378342239],[71.683165721222295,21.616529556598749],[71.682723708092709,21.616347439601174],[71.682040769351616,21.616108411041711],[71.681300919048809,21.615812470920545],[71.680652127244869,21.615596206986051],[71.680322040186539,21.615471001550151],[71.679479749072698,21.615220590678373],[71.677840696094052,21.614662857373105],[71.677722081981926,21.61465916493832],[71.677298731907285,21.614496337986562],[71.676831961312146,21.614290090514338],[71.676506307408417,21.614138118692459],[71.676115522724146,21.614691730328687],[71.67548592517727,21.615798953600873],[71.674074758261497,21.618534446391219],[71.673177872369038,21.620403295954318],[71.672982480026747,21.620696384467603],[71.672461433781123,21.621771042349401],[71.671495327200432,21.623648979860164],[71.671071977125621,21.624441404358944],[71.670398959058232,21.625798295623905],[71.669237460135378,21.628153858859921],[71.667500639316302,21.631215005553724],[71.667305246973967,21.631649210758507],[71.666784200728401,21.63313636358497],[71.666067762140486,21.63307123280423],[71.665970065969319,21.633168928975198],[71.66577730360116,21.633200450808378],[71.666501412186548,21.63389748181477],[71.666682648616572,21.634051865067583],[71.667189964053165,21.63450731009743],[71.668337988144302,21.634997867003705],[71.669974057376024,21.635800827418066],[71.670222863222818,21.635961497868617],[71.670691873885744,21.636354389263303],[71.671007754027116,21.636631213276093],[71.671238470596421,21.637668048279806],[71.671382960202692,21.638561927296266],[71.672311858346646,21.639696382098307],[71.672589583936499,21.640044764710094],[71.67292490940055,21.640580832713038],[71.672905773723798,21.640571912348172],[71.673222296338921,21.641376207533451],[71.673404444114553,21.641760449388912],[71.673548534668242,21.642305655712224],[71.673816930280552,21.642841791611243],[71.674181426676768,21.643771198317868],[71.674478580099205,21.644360944506335],[71.67476615162721,21.644932819644957],[71.675772886362068,21.647113183420366],[71.676443856961924,21.648399870688618],[71.676750516043541,21.648927020420956],[71.677546404188277,21.650687403897447],[71.677633052573171,21.651161145234408],[71.677882342389168,21.651688353983381],[71.678055182609612,21.652260345591376],[71.678381454823111,21.653171902190248],[71.678640996402251,21.654253394744622],[71.678651374086598,21.654914962770839],[71.678681154045847,21.655800016323163],[71.678720189732942,21.656434732613665],[71.678616751056168,21.657865284941348],[71.678743362969612,21.6581044237209],[71.679306356293409,21.658578683984732],[71.679687636636842,21.658815705444002],[71.680123145040398,21.658891551572115],[71.680421859542307,21.658382441082452],[71.680693591057718,21.658059914357519],[71.680829456363313,21.657898650826759],[71.681037942660353,21.657779706889048],[71.681273684117656,21.657694652026265],[71.681772071304664,21.657278598491352],[71.682061875932035,21.656905171103475],[71.682242678311383,21.656413146041615],[71.682486453611915,21.655505542723738],[71.683266787416699,21.655691238493848],[71.683784055408012,21.65586874212033],[71.684092671452603,21.656029515990557],[71.684555634535073,21.656300354863284],[71.685018523669385,21.656511834112635],[71.685417873918354,21.656689463926217],[71.685518012422804,21.656969184519696],[71.68602602102294,21.656994055576025],[71.686289265094999,21.657137916589992],[71.686806629195587,21.657383248765864],[71.687350781233519,21.657297838099179],[71.687822408401175,21.657246426766896],[71.688067062113589,21.657042635435726],[71.688438786073561,21.656898057997779],[71.688873939968943,21.656702528989751],[71.689345299122209,21.656447599185132],[71.689725869525986,21.65613341339677],[71.689870272513389,21.655573583563591],[71.689979079042473,21.655539540058921],[71.690505225107231,21.655564376696329],[71.690850098071209,21.655699657073466],[71.691149728720163,21.655919786498472],[71.691902705709651,21.655986756321621],[71.692274726387353,21.656071123736353],[71.692556071786839,21.656181034774065],[71.693308181093386,21.655595057039747],[71.693325532291084,21.655001453002615],[71.693287667932537,21.653814329261071],[71.69398623274509,21.653898312569126],[71.693803503382171,21.652914872456257],[71.693675992564437,21.652524951687798],[71.693620821789793,21.651965351044737],[71.694428123917007,21.651972887834674],[71.695752352113871,21.651903494378239],[71.697439428934587,21.651850619021978],[71.698391803299842,21.651815565197374],[71.698428329388719,21.651993596753581],[71.699044145079512,21.651617996690998],[71.699180567725108,21.651534788830091],[71.700044149379863,21.652890514243044],[71.700506932668517,21.653017152779661],[71.700426092121106,21.653593874606603],[71.700218306296534,21.654204668504352],[71.700354450518702,21.654263862706294],[71.701261709154778,21.654389962331312],[71.701207460490764,21.654517224564135],[71.70143425498361,21.654533909198875],[71.702831330056412,21.654650925692952],[71.702632635628433,21.655270191140076],[71.702352549484928,21.656067630567303],[71.702280419284705,21.656381469734011],[71.702145642343467,21.657305928139959],[71.701874939236319,21.658332308788744],[71.701731287270789,21.659400933411533],[71.701605693208634,21.66041017753793],[71.701597811898566,21.661266642908647],[71.701616201852417,21.661444695538417],[71.701952346381859,21.661808916710694],[71.702470143752919,21.662334031186901],[71.703622202139954,21.662332622395439],[71.703795831776958,21.663239743441988],[71.705802182837402,21.664348116726284],[71.707907573345906,21.664913637191848],[71.709142419858949,21.665692223539953],[71.709950019394668,21.665852319518237],[71.710677361126599,21.666043594688009],[71.711899874430529,21.666210821620986],[71.713844544878071,21.666312194462186],[71.715024491079532,21.66586923859423],[71.715718573683205,21.665608672418308],[71.716717908565727,21.665139972549241],[71.717855759092487,21.664424402487732],[71.718161009861078,21.66421626904091],[71.718979748381642,21.663734809507631],[71.720340019096739,21.66316174516276],[71.721506149352578,21.662796661455715],[71.721964270328087,21.662653233482153],[71.72311650328642,21.6622881570785],[71.723907977308045,21.662157258780312],[71.725060523532548,21.66199990112997],[71.726185349939001,21.661881523121384],[71.72786579440502,21.661801325823646],[71.728949195747745,21.66183878539923],[71.729172137091481,21.662292892863626],[71.729715576643287,21.663408704386541],[71.73067452490389,21.663783890089409],[71.73173095129998,21.664314733549553],[71.73337115199547,21.665104416235604],[71.73488617700319,21.665777410165663],[71.735667123225682,21.667710811336999],[71.735820921249754,21.668333790003977],[71.736044971783627,21.669450032862343],[71.737631268982483,21.671200510736938],[71.738966984946572,21.672587802396308],[71.739954936211547,21.673651004514728],[71.740678341744271,21.674325086583355],[71.741248983141773,21.675012370778639],[71.741750026981094,21.675608871513873],[71.742474362579443,21.676828240781234],[71.742975852952725,21.677684401992742],[71.74318925313159,21.678230602682682],[71.743979986728448,21.677303764802051],[71.744816892081488,21.67612637763099],[71.745071855779514,21.675320117492404],[71.745245240960131,21.674503087148214],[71.74532141967957,21.674134472174931],[71.74524242369489,21.674052504330518],[71.744583886088833,21.673252242378808],[71.744111439924424,21.672665366453113],[71.743510486696977,21.67211873938561],[71.74305224547463,21.67147842386278],[71.742680285000262,21.671171828393692],[71.741836075086141,21.670385180296073],[71.741292351515327,21.66987852323161],[71.740906068278917,21.669545236676292],[71.740090670777818,21.668892076645584],[71.739761559479689,21.668572058555746],[71.739260774246347,21.668105394320651],[71.738802938265991,21.667692082383677],[71.738316927814708,21.667519179966167],[71.738282690050752,21.666606711908837],[71.738076534963483,21.665034584483507],[71.737989144481489,21.664013135309936],[71.737988142315757,21.663402195094491],[71.737879900004245,21.662731315878737],[71.737802553562759,21.661299218887191],[71.738391777244757,21.661268327686543],[71.738498292219305,21.660887588020099],[71.738443899203972,21.660386894116506],[71.738733209825824,21.660406509315827],[71.738872095992207,21.660165939011364],[71.739364327384564,21.659794658903987],[71.739920790069718,21.659393238230177],[71.740841139389786,21.658760933205535],[71.741600790060644,21.658138872401594],[71.742820925345541,21.657395950173445],[71.743131339248649,21.65722523350734],[71.743668035710755,21.657825373401455],[71.743700042549037,21.657745202908558],[71.743880763210484,21.656903640533869],[71.744104319637785,21.656051999497471],[71.744359811955562,21.65508012578487],[71.744347918144385,21.654379062183036],[71.744432209763417,21.653537640760824],[71.744559438483719,21.652746233239089],[71.74466517162233,21.651914795428667],[71.744706438123998,21.650973282524305],[71.744939443795985,21.649380482651392],[71.746931939986155,21.649287393828129],[71.748131677109285,21.649205482572977],[71.748186595410331,21.649996620954344],[71.749172004704405,21.649874960433927],[71.750114749302057,21.649863528239166],[71.750811038182604,21.649822416641786],[71.751421603736688,21.64977141644599],[71.752460678995305,21.64970974789205],[71.753371107711089,21.649598191882131],[71.754292160435043,21.649436537404654],[71.755181142002257,21.649314988880572],[71.755587959866872,21.649154116357543],[71.75654148280303,21.649182692924963],[71.756980633150278,21.649131936955289],[71.757719768811725,21.649090730155084],[71.758833810159345,21.649018890034942],[71.760033519451639,21.648926877495025],[71.761286720612546,21.648794710410854],[71.761993496920851,21.64863335021159],[71.763257225094947,21.648400997281023],[71.763450078754303,21.648410707003144],[71.763599258254843,21.64830740291082],[71.76389946393823,21.648099515081725],[71.764017489710056,21.648199481965456],[71.764275970534285,21.648950229008168],[71.764469810128446,21.649500769701451],[71.764513155446082,21.649771117540695],[71.764589480165384,21.650502122987358],[71.765125087111684,21.65047122269609],[71.765340431781866,21.651061789650189],[71.765480601829282,21.651552322071712],[71.765395462923166,21.651862936635158],[71.764988740055543,21.652073910124876],[71.764496929497824,21.652625542943785],[71.764315585967509,21.653056495324606],[71.764756535252928,21.653987228429987],[71.764818042662782,21.654114912919223],[71.764957181093891,21.654064621398884],[71.765644156319354,21.653929387635998],[71.766165054011211,21.653829716328318],[71.766535043447021,21.653800883760148],[71.76724376162187,21.653171421552766],[71.767409849820794,21.653142914988958],[71.767394043927979,21.65276171048],[71.767718446116845,21.652584692582685],[71.768368070346838,21.652675421853193],[71.769070204686443,21.652575448556895],[71.769848774582798,21.652969535060816],[71.770619191413104,21.65303887977311],[71.771470824787755,21.653462647630889],[71.772841770369396,21.654282477048138],[71.774011056459997,21.654948880791373],[71.774857833634556,21.655455787868043],[71.77586799762021,21.657157879934534],[71.776746510196418,21.65845542258544],[71.777906967998703,21.659743075565906],[71.779117559246131,21.660908265886111],[71.779561566064913,21.661396998549126],[71.781344736139147,21.66182698791528],[71.782996863307048,21.662181876881508],[71.783761241255434,21.661709919072802],[71.783941869251493,21.661389566051366],[71.784814807193953,21.659797262793084],[71.785365300520766,21.658101965448239],[71.785947083350763,21.656961983330302],[71.786570435213349,21.656480842318974],[71.787092848045702,21.655877503578782],[71.787374340443932,21.655651103056954],[71.787518346125822,21.656080925908611],[71.787941082165915,21.656856436685551],[71.787787715651547,21.658409188619476],[71.788523556519863,21.659285403780558],[71.7898610193716,21.660104316957554],[71.790884741431967,21.660496273109374],[71.791462738047429,21.660664007990285],[71.791775726783158,21.660708457895065],[71.79290801919889,21.6612239594442],[71.794160734352801,21.661772989539099],[71.795051594872234,21.661917657486647],[71.795473334473627,21.662175654965413],[71.796208000476256,21.66244434329321],[71.797580855001243,21.662880634066411],[71.798183307999977,21.663228299653838],[71.798581311487709,21.663643830099836],[71.798981334290772,21.665038095620158],[71.798958562760305,21.665668129940688],[71.799093916245141,21.667107870681132],[71.799052295108339,21.667394008572938],[71.798951512493403,21.66808686652892],[71.7990623340024,21.669301653533026],[71.799259308501817,21.671438774539705],[71.800452750855086,21.672370357848436],[71.80177828681947,21.673151225218767],[71.802628097695575,21.67377404553228],[71.804228127897517,21.674867982180746],[71.805521020291209,21.675844345183297],[71.807193828729325,21.677182802948614],[71.80772707997609,21.677493998542403],[71.808171893246211,21.678665970644229],[71.80870714643423,21.679913709598662],[71.809403745455967,21.680621152885784],[71.808665226887669,21.681424080283893],[71.807827956003834,21.68248874667399],[71.807080606445311,21.683392932056023],[71.807066952262645,21.684049667300354],[71.806299617782926,21.685470441640895],[71.805242830489149,21.686627373782333],[71.805137416629776,21.687258858718938],[71.805354715350219,21.6872676895503],[71.805977723306697,21.687644999115481],[71.806472068211448,21.687893314664507],[71.806867103556982,21.687883353703491],[71.807597582724583,21.687706618087752],[71.808495918648305,21.687511105859471],[71.809611334130622,21.687222877089344],[71.809759636841605,21.68729644558675],[71.810461508785821,21.687599745572051],[71.811005242864027,21.687847955097347],[71.811252627850067,21.688069027122463],[71.811628724352403,21.68843754767963],[71.81203455144842,21.688852164753353],[71.812292413015271,21.689350135409324],[71.812342611184334,21.6897284981426],[71.812018297084194,21.6904767923054],[71.812058876863333,21.690975171791713],[71.812119766985802,21.691731971565119],[71.811993239418669,21.692599891832923],[71.811925016858467,21.69302463056755],[71.812142503528236,21.693116528003429],[71.812626443037004,21.693106385849372],[71.812922266162346,21.692884292126433],[71.813503833254515,21.692347815552512],[71.814134498992317,21.691682014711759],[71.814795880768429,21.691541718035051],[71.815279804210533,21.691018776203908],[71.815822488876762,21.690481983650955],[71.816130980940201,21.690398971348618],[71.816645313714432,21.690343040535446],[71.816909318454961,21.69008152500189],[71.816923356004679,21.689779274511448],[71.817084920235587,21.689724015986286],[71.818244871186408,21.689158559578626],[71.819050779401579,21.68801680395654],[71.819739118970148,21.686889008477277],[71.820400390241446,21.686819045426049],[71.821709116920999,21.687077523984048],[71.822239080830343,21.687447406236622],[71.822782307597194,21.6871716013667],[71.823238905351914,21.687596572876025],[71.824049496284729,21.688570349357612],[71.825021412458028,21.689378956435657],[71.825934143248119,21.690009087339153],[71.827668671081881,21.690046882279507],[71.82847756128271,21.69025134382645],[71.828756554535389,21.690127154251488],[71.829475661695668,21.689631180053812],[71.83007670645577,21.688929376312096],[71.830691973555105,21.688021480610313],[71.831145331962887,21.68701774387392],[71.831392909561188,21.686014417035064],[71.83170157147724,21.686013800172457],[71.832375640073693,21.685119518005344],[71.833036896458268,21.68504950474696],[71.833566343741751,21.685185815391559],[71.834317151020528,21.685706326433216],[71.83480393556458,21.686460903304067],[71.834819554254508,21.686859257167878],[71.835468090733144,21.687640980213942],[71.835761580176893,21.687434325071674],[71.836987898823423,21.690165585296732],[71.837416461670898,21.691153808152745],[71.837948434771349,21.69236161768324],[71.83831657898601,21.692649352846438],[71.840436505940829,21.69404623089698],[71.842156806515177,21.694262489232383],[71.843156436572883,21.694301636113799],[71.844787928387021,21.694257040128438],[71.846139612823876,21.693993213877103],[71.848080768388485,21.6943600609894]]]]}},
{"type":"Feature","properties":{"Taluka":"Sihor","District":"Bhavnagar","Dist_Id":"14","Taluka_Id":"14007"},"geometry":{"type":"MultiPolygon","coordinates":[[[[71.962615187689323,21.817443166240643],[71.965856225703021,21.817305253443653],[71.966753423641165,21.817495918418182],[71.969443981056742,21.817745888524883],[71.975996928172734,21.818049123432154],[71.979377397240981,21.8183613401979],[71.981654398949871,21.818676710587532],[71.982757879540202,21.818673487462284],[71.98468658481184,21.817959441238937],[71.985927124150635,21.817698196411005],[71.990020636372847,21.817022991987201],[71.988386960704332,21.813996060676061],[71.988744606304849,21.812165484376301],[71.988627242116223,21.810571537043579],[71.988542143117243,21.809206183710586],[71.988495839380235,21.807932191303319],[71.990317433960925,21.806574256039195],[71.991259135779671,21.805728572150322],[71.991455798989904,21.80184679201307],[71.991594635329605,21.799474536611616],[71.991614637024028,21.79841596874493],[71.991607213961672,21.796240167695021],[71.991490553373993,21.794344019783388],[71.991373294961349,21.792271454885096],[71.991192775371033,21.790110868246469],[71.991091867857691,21.78821467167548],[71.990976674648181,21.786744861310524],[71.990923045046429,21.784863224881892],[71.990792316701558,21.783452265998292],[71.990706510894711,21.781364902702261],[71.990621708408995,21.779571566639621],[71.990767403438895,21.776130973053085],[71.990349078668956,21.7734565321541],[71.990060128033733,21.771796113149268],[71.989820247837315,21.77067950552614],[71.989467855469968,21.768872257015655],[71.989259612126958,21.767799659102796],[71.98776135340313,21.766892587158388],[71.986657419153218,21.766234268254518],[71.98652744700793,21.765029121723472],[71.988194674941624,21.764715476577688],[71.989893122483949,21.764328214429565],[71.990758930764287,21.764384454306484],[71.991577524594106,21.764440829955866],[71.991462801109378,21.763103328236031],[71.992469042530089,21.762806304397721],[71.992323989559381,21.76180702950349],[71.992098845867517,21.760396348571923],[71.99253855410106,21.760115710238932],[71.99266295200978,21.759674292689688],[71.993338974954384,21.759466456261677],[71.994198044565849,21.759289788014978],[71.993594514545194,21.758492248246146],[71.993208862146744,21.757263187954649],[71.992815119003538,21.756322613763903],[71.992340713806101,21.75569619432979],[71.992185684093869,21.755510002855086],[71.991712613218027,21.755273851328305],[71.991469412014368,21.755018664688492],[71.991293342726081,21.754833917555416],[71.991001192439526,21.754385121304825],[71.990934561995388,21.753485992158048],[71.990945455030115,21.752837471773269],[71.990949668508065,21.752586620409705],[71.991635782690466,21.751379824745083],[71.992330446666557,21.750020284884322],[71.9930250977784,21.748660742131268],[71.993575592429053,21.747640995159067],[71.994106407754458,21.746180125652035],[71.994513414177163,21.745695309673998],[71.994863808715877,21.74459131383021],[71.994769625936158,21.743607425618737],[71.994576771601288,21.74298016940709],[71.994510038621854,21.742055588373763],[71.994835912726657,21.74174918259828],[71.995226312441289,21.741722562583213],[71.99627017148093,21.741583689229383],[71.997474070461735,21.740451674467302],[71.995926688946085,21.739404272808443],[71.995887639678287,21.739003992579082],[71.995851392540118,21.73863243375661],[71.995977680730832,21.738386012942378],[71.996194136337678,21.7379526688593],[71.996990129710824,21.737042469331783],[71.999058030995926,21.736306606356351],[71.999432422849068,21.736907857556417],[71.999378436469073,21.737052252201181],[71.999651329435764,21.737187176558397],[71.999905591792739,21.737186409119627],[72.000016527849127,21.737754517146179],[72.000643781267584,21.737947758903097],[72.002112903230696,21.737374867499373],[72.002375922252043,21.737280743270126],[72.00333745297776,21.73698087547012],[72.003573701060375,21.737022578266451],[72.003358776015943,21.737888622250622],[72.003208182786551,21.738975060104206],[72.00551645365428,21.739460113265487],[72.005524021098708,21.739460090160357],[72.006198046215772,21.739408465870614],[72.006281090479732,21.738098215697338],[72.00729981696665,21.738095097633614],[72.007331349932016,21.737716330231727],[72.007449328958444,21.736999564475468],[72.008062355198064,21.736885106853528],[72.008017748036366,21.736660088098855],[72.007696597040379,21.735668341388013],[72.007273706153853,21.733776282737534],[72.007028381170485,21.732538677465421],[72.006994766603071,21.732323858968218],[72.006336904764282,21.732141653227938],[72.006583745518341,21.730687620039927],[72.006326654602631,21.729214658857501],[72.006282303596592,21.72906127906683],[72.008955067997846,21.729094025181421],[72.011901739112105,21.729146350534297],[72.012164583528985,21.729135303627743],[72.012185583973405,21.728879379917331],[72.012028504605155,21.727825727335699],[72.012474287858339,21.726893022640816],[72.012526188431664,21.726084348131401],[72.012513820830563,21.72568524657833],[72.012731758007817,21.725367307169002],[72.012824964995644,21.72385233403438],[72.012951573313643,21.722490772563056],[72.013358520226703,21.719879750515474],[72.013464305441587,21.718825283519184],[72.01448893439013,21.717440466367957],[72.014892354745029,21.716927495193662],[72.015817218424004,21.715215480288414],[72.015905427163418,21.714889191873368],[72.017579637642754,21.71547797280784],[72.019650299555309,21.714864578168577],[72.020575142602155,21.714577587956565],[72.022243914804704,21.713655509521988],[72.023950315333366,21.713590400504415],[72.025524210794714,21.713188340326042],[72.026300421288809,21.712885648388205],[72.026962765676515,21.712622054140763],[72.028173620345285,21.712143644602111],[72.027911094829989,21.711205055560342],[72.028032281478019,21.710333037560861],[72.028248208446016,21.710019647573411],[72.027806508401341,21.709478997600957],[72.027840743302548,21.708604602856227],[72.027230646744414,21.708064487309091],[72.028477446996206,21.70618080233675],[72.029430308048973,21.705793076100502],[72.029821001061862,21.705179827761803],[72.030200606418049,21.704094499548049],[72.030103915105386,21.703238008418438],[72.030541823751022,21.702747007442785],[72.030289267566005,21.70020364241033],[72.030008196197215,21.700090883862391],[72.03000650029621,21.699627517458211],[72.029864669680606,21.699217056085104],[72.029457733068384,21.697941897453866],[72.029296716472317,21.697400353697013],[72.029115841381767,21.696544129814452],[72.0289640229974,21.695958841898449],[72.028830277237205,21.695198638739424],[72.028855596647176,21.694446671085984],[72.028873604009249,21.694254270487463],[72.029261107117335,21.692775488924543],[72.029688322573165,21.691926066408818],[72.029892557849408,21.691497013244671],[72.029647186304047,21.691077336045019],[72.027108613618054,21.689306104862364],[72.025550369317287,21.686515365952005],[72.025601601173562,21.686171874048398],[72.026436956827112,21.684992095266068],[72.027475353701604,21.682830725104932],[72.027669325510161,21.682057616562155],[72.027037747154722,21.681544629379385],[72.026838157095114,21.680772771293743],[72.024963072441111,21.679215337205939],[72.026100320537665,21.678089782440633],[72.027219411716175,21.677387309201357],[72.027516999500321,21.676193138794982],[72.027868068376733,21.675333314472969],[72.028617107654142,21.674337725844111],[72.029163812384837,21.673632463777992],[72.029684696891749,21.673056605857315],[72.030089161465654,21.672426802313403],[72.030998432752213,21.671368616024306],[72.031353705651853,21.67090967385343],[72.03228732046604,21.669703973892606],[72.0328900201268,21.668809707859715],[72.033260171232868,21.667885149202728],[72.033762618402136,21.666820494964995],[72.034140174282527,21.665655368691393],[72.035057789446952,21.664628171359954],[72.035609358013573,21.663384886712528],[72.035112201399301,21.662654062899104],[72.033937083130951,21.661004973287561],[72.033422823579883,21.660241660105552],[72.032792721692374,21.659765579200464],[72.032644288626287,21.659137690294259],[72.031690716049255,21.658116237676747],[72.031513815150817,21.657693340398936],[72.031642675083745,21.656968941787667],[72.031421088484336,21.656313965370448],[72.030422808157596,21.655046765524489],[72.029693245441521,21.655335956493314],[72.028346882146465,21.65478017992535],[72.026981552679061,21.653022361026743],[72.028257764725154,21.650368241739081],[72.028793423199261,21.649000524140813],[72.028875171600475,21.647374707821008],[72.028371822069815,21.645573171145774],[72.029523071665125,21.644736237436103],[72.030469752952712,21.643899949136042],[72.030659397364715,21.643817382721483],[72.031505688960564,21.643500494505481],[72.032190705241504,21.643033857144456],[72.033283067606376,21.642087805342971],[72.034200588726364,21.641278910047234],[72.034724917834993,21.64082643907382],[72.035701671655431,21.640235907229094],[72.036372350902624,21.639851259982347],[72.037420243494154,21.638253053497618],[72.037594204420117,21.637883667137416],[72.037667800025773,21.637043330547158],[72.037731764380169,21.636561603690442],[72.037861171113079,21.635997704174322],[72.037991183874425,21.635597724266695],[72.037797167289213,21.635335117978602],[72.037402345689159,21.635043774277939],[72.036351505164916,21.634811184139195],[72.035481070845492,21.634219309625276],[72.035015760135394,21.63397538407682],[72.034501152699519,21.634052554795002],[72.03314499112615,21.633150729259121],[72.032445998856758,21.632501652028409],[72.032374084056201,21.632162064380513],[72.031777645198972,21.631946867584151],[72.031907264779562,21.631502801543306],[72.032184549637591,21.630029369110478],[72.032496888157837,21.629858459874214],[72.032666505156683,21.629310431770609],[72.032885317532148,21.628412988282872],[72.031876156880898,21.628520053275992],[72.031784331107659,21.628256044005337],[72.032196998051262,21.627914905316697],[72.03288306800313,21.627799434961393],[72.032883725549524,21.627978781321584],[72.033206777545459,21.627977745528209],[72.033196301261768,21.627873945808705],[72.033872413458994,21.627796260890747],[72.033643592345598,21.625965753225476],[72.033601617480286,21.625531675790512],[72.033630135856939,21.625050175111674],[72.033719848717411,21.624738387108344],[72.033577477222821,21.624455662173432],[72.033372180628405,21.623531259961407],[72.033459711088582,21.622624796976186],[72.033488541324161,21.622228249745174],[72.033533577904166,21.620746119526455],[72.033592588297211,21.620321157166448],[72.033792440613794,21.619763591138803],[72.033962873716192,21.61944210435745],[72.034132439248552,21.618884635147793],[72.03442338279352,21.618392851571276],[72.034813708941982,21.617475974829446],[72.035466524071197,21.616567691689504],[72.035836336928881,21.615565923954531],[72.036215995670275,21.614498047795916],[72.036514580768397,21.613345477599783],[72.035936002887539,21.612478917343072],[72.036082303595421,21.611090853015767],[72.036169463571312,21.610089994785682],[72.036812352961618,21.609238374735568],[72.037554361406009,21.607895582697726],[72.037805245290969,21.607498316676327],[72.038861159109032,21.606428246823256],[72.039433290172454,21.605557967150901],[72.0399013250737,21.603838476286072],[72.040320108097433,21.602449523340709],[72.040815737036411,21.60212938677487],[72.041574608363703,21.601604405154543],[72.042214804688058,21.601135393401506],[72.043153722462492,21.601076745028855],[72.043512691704919,21.598518591397053],[72.043710708890828,21.597428447888277],[72.044053655614263,21.596949282711414],[72.043708798858447,21.596917057654014],[72.043814580329752,21.596594309931934],[72.044206237434693,21.596426270105155],[72.043884035024163,21.59609380379343],[72.046253558523418,21.593973754581015],[72.046488420730213,21.593205888916227],[72.046331808340682,21.59283334470063],[72.045562802117331,21.592623571888346],[72.044004204067377,21.592062564688909],[72.043141012593225,21.591313268363272],[72.043421793118071,21.590087132585978],[72.043640434382567,21.58958905241488],[72.044091679907467,21.588859725102896],[72.044735932694479,21.587717315032126],[72.044928262547771,21.587122272141574],[72.045004994338669,21.586830879662287],[72.045198684216004,21.586599758668697],[72.045609457716921,21.585458109539974],[72.046073514509104,21.584692342250495],[72.046498019614546,21.583756871014067],[72.046650745038676,21.582979992659258],[72.046843243366425,21.582433470489828],[72.046854710475841,21.582033113364627],[72.046802512784993,21.581948368506165],[72.047149278790968,21.581037412541789],[72.047367119595037,21.580333104825755],[72.047366253701341,21.580102620663233],[72.047868463459906,21.579142628625107],[72.048126529769576,21.578789983541665],[72.048060222428958,21.578402013057463],[72.048251431843283,21.577515828275793],[72.048906927916434,21.575936652638394],[72.048693118004024,21.574263292793223],[72.048484426262462,21.573948576597914],[72.048517991904006,21.57252915036543],[72.048516279964829,21.572074237019475],[72.048512377036104,21.571037067459489],[72.049030305068428,21.570817005142214],[72.049918100807091,21.568945917535139],[72.052173759023887,21.568707970202095],[72.053416897392253,21.568218609624207],[72.055804395894626,21.568550327759773],[72.057841521511349,21.568822530437316],[72.059116114235863,21.569776598694247],[72.060180520435395,21.570027772015422],[72.060414888782745,21.570269601642767],[72.060351351115216,21.570609480265698],[72.060688957188773,21.570717522430925],[72.061273156175091,21.570873256881431],[72.06186673222274,21.570937975983465],[72.062294910663923,21.570991120386896],[72.063210541692555,21.571333757746036],[72.064330611391725,21.571721188398705],[72.065743262210461,21.57230777756974],[72.066616430492701,21.571731626068228],[72.066771596003647,21.571612822198158],[72.067411708599906,21.57113753905875],[72.067683520422278,21.57100014072326],[72.067789945314246,21.570854207522142],[72.067749338301368,21.570417634294866],[72.068302152555702,21.570006332396005],[72.068486103957085,21.569787349028076],[72.068630687699212,21.569450223760942],[72.068880805668897,21.568739713542293],[72.069162906328103,21.568747848278171],[72.070341542820856,21.569189627573092],[72.071491078297385,21.569649694505884],[72.073010798897272,21.570254051029838],[72.073566138881674,21.570488692072647],[72.074247351760022,21.570577326997206],[72.074811667983866,21.570620871722493],[72.075347128179203,21.570746397530232],[72.076953189956456,21.571041082288577],[72.076972102829487,21.570904544578408],[72.07762680031064,21.569210020486729],[72.078814586628638,21.567049637164526],[72.078978632296312,21.56672153384892],[72.07970668888477,21.566364174683283],[72.080755901773117,21.563612880019313],[72.080047602830575,21.564050031573846],[72.07966519665797,21.564533433982831],[72.078284444128343,21.564366646329745],[72.07786278608063,21.563763476466967],[72.076287524608816,21.563000884400171],[72.075429862553648,21.562578970890488],[72.07394200311191,21.561824224979269],[72.073341379897983,21.562349218229542],[72.073087115813323,21.562104971259824],[72.07234317641084,21.561723504044163],[72.071616005206153,21.561162220073001],[72.071294367145839,21.561555517467067],[72.070744255603429,21.561598255887709],[72.070078291680574,21.561330585267648],[72.069868711138,21.560845605530783],[72.069886487121309,21.560562957687754],[72.06964076926387,21.560493150926796],[72.069487211015243,21.559849023886372],[72.068872196965856,21.559489059391602],[72.068363056025788,21.55964975163851],[72.068107659601722,21.559518159629359],[72.068078376527609,21.559270995664548],[72.067643208887759,21.559034045338372],[72.067000638055177,21.558868446320229],[72.066726467206493,21.558763408553165],[72.066819871639808,21.55850699625196],[72.066922852974088,21.558285874729712],[72.066922441104424,21.558179905911498],[72.066391576462777,21.557607705247978],[72.066138173258238,21.557988292790338],[72.065835924736831,21.557945164840469],[72.065267853182647,21.557514380454442],[72.064928188341497,21.557559686261598],[72.06463524416894,21.557481201154928],[72.064587292801221,21.557287084767751],[72.064445387202596,21.55720808765934],[72.064209937058394,21.557350178476941],[72.063606262684928,21.557475852722593],[72.063210230777102,21.557591992470275],[72.062813550836751,21.557540347195424],[72.061784228621377,21.557446680089711],[72.060613479047959,21.557397636619157],[72.059414037880401,21.557251541733557],[72.058762381903989,21.557174249708968],[72.057109425836529,21.55692368742719],[72.055790671710028,21.557669882411172],[72.054952905093685,21.5582996651668],[72.054453655475712,21.558391021198268],[72.054183170015591,21.558835619714156],[72.052637750610231,21.560576199859259],[72.050600902783756,21.563998812564314],[72.050229577657262,21.566323846699085],[72.048659368748346,21.567522674088497],[72.048551245568632,21.567650014097989],[72.048388630570059,21.567726739785403],[72.047536671298673,21.56769779557348],[72.047209438145941,21.56731791845564],[72.04691453689172,21.567414124707096],[72.046773105429068,21.567709826772614],[72.045133871264525,21.567705674063834],[72.044473292219052,21.568031643341303],[72.043975968029315,21.56845231518113],[72.043489603519262,21.569082473537932],[72.042939840264083,21.569093789746407],[72.042157851312979,21.569629669324257],[72.041447799434877,21.570346263852333],[72.04115186276286,21.570166273014962],[72.040570526263068,21.569901493604881],[72.040618467091704,21.569101338160273],[72.04023935303286,21.568454948808764],[72.038268869384652,21.569737516944492],[72.037716000205776,21.571667873753633],[72.036026973444635,21.571287602376092],[72.035132722977806,21.57106904852802],[72.034529672085526,21.571128127342892],[72.033903712007515,21.571187277400931],[72.033453201424464,21.571195863395189],[72.032818403294257,21.57092646605647],[72.032482827827451,21.57104182472434],[72.032193121267881,21.571171321930137],[72.031987490850511,21.571321978775071],[72.03177477099787,21.571622658102477],[72.031417039518473,21.5719452283758],[72.031090416692905,21.572026741835593],[72.030837204129696,21.572089934199244],[72.028834817497511,21.571632016354858],[72.027107295296489,21.571158919053911],[72.025899612404785,21.570841306605764],[72.025387342895627,21.570664351142721],[72.025157870943104,21.570557931598],[72.02310045376052,21.569650116664988],[72.022358774755389,21.569381014504831],[72.021349374358891,21.568984175211465],[72.021223187149729,21.567863138863924],[72.021168381470375,21.567484737962346],[72.021123408361191,21.56716688842959],[72.021197444974462,21.566516655246389],[72.020998092570494,21.56628870666006],[72.020958457985486,21.565881686660234],[72.021140852852426,21.565638258548795],[72.021108368987299,21.565095501541826],[72.020688062222646,21.565003957981475],[72.020840742437954,21.564755332008076],[72.02083893949461,21.564250574320834],[72.02022609935247,21.563700106017805],[72.019914553897465,21.561986787229259],[72.018912037711601,21.560647049980339],[72.019377069763607,21.559721788718296],[72.019558798298533,21.559292649374637],[72.020085314068893,21.558481480596694],[72.020358937373771,21.558128244375201],[72.021443270846973,21.556724850700455],[72.021553044513226,21.556105457368751],[72.021409426996527,21.555801143605414],[72.022229211727449,21.554446191353019],[72.022724983731166,21.553587491390765],[72.023119697705354,21.552938631728587],[72.023197862127205,21.552024097107847],[72.023866240035701,21.551041041976998],[72.024261147544976,21.550449322102672],[72.025154570590558,21.549770317263082],[72.025628749161825,21.548578342055883],[72.026499664218008,21.547308922469778],[72.026655831388283,21.546742499242558],[72.026670489719464,21.546689332790223],[72.026710418904216,21.546470158123711],[72.027397800257205,21.5451251226804],[72.02878384167137,21.54555883053893],[72.031196775203952,21.545636876470297],[72.032920993321028,21.546678998009074],[72.034243022062753,21.546303337919159],[72.034720604251078,21.546063711146573],[72.035239288415326,21.545928713360496],[72.035900384508693,21.545764684855758],[72.037091250747025,21.545713234409767],[72.038801638900097,21.545755336073235],[72.039077233180976,21.545954445966125],[72.040819046039573,21.546234521145873],[72.041633258642165,21.54618425935336],[72.042896411633976,21.546408723741777],[72.044414633921988,21.546784727206983],[72.045676442807107,21.546647269272803],[72.047062014007125,21.546937968048248],[72.047887551622068,21.547192400938968],[72.04903913667286,21.547521947036479],[72.050354575880704,21.548108087517072],[72.051425237145693,21.548571217419799],[72.052277667631685,21.548668519651343],[72.052414966756032,21.548492308172307],[72.052308727933351,21.547856836869443],[72.052921779265205,21.54772234197101],[72.052551407613294,21.547131900810328],[72.05269159155641,21.54676053930519],[72.052889246234272,21.5466097591252],[72.052661100390267,21.546186633182643],[72.052412306215075,21.545295538593283],[72.052524071310117,21.544897778665248],[72.052551853702411,21.544756392509147],[72.052249669506196,21.544722069952694],[72.052210209366621,21.544271825626105],[72.052416966085232,21.544032707049222],[72.053019993551942,21.543748120228233],[72.053073683264032,21.542970824520197],[72.053374826224172,21.542731391743494],[72.053858122317038,21.543233147722059],[72.054271660251842,21.542763737123174],[72.054724427712742,21.542682753836282],[72.054817407497708,21.542311547523632],[72.054590269594087,21.54215334709917],[72.054730410280172,21.541773153102401],[72.056202943122244,21.541785910637106],[72.057359643696799,21.540660527393374],[72.057480662172097,21.540218578907037],[72.057197094388442,21.540113555873621],[72.057589239666427,21.538990723439252],[72.057724579861954,21.537356557635416],[72.057749657508339,21.53650870891191],[72.057612459911681,21.535184534764827],[72.058024208756507,21.534255914935073],[72.05820236916928,21.53416286716692],[72.057504266360411,21.53365070729512],[72.057801475020156,21.532540997804507],[72.058401010178287,21.531663690106548],[72.058190668244094,21.531022505605328],[72.058312315667123,21.530214875318862],[72.057706436046786,21.529429129302112],[72.057761439925031,21.528646018224894],[72.057476623886544,21.528632827274542],[72.056711667306843,21.52857316149619],[72.055724856343261,21.528462381482022],[72.055004114494466,21.528371450751091],[72.053540153196778,21.528106694880709],[72.052907802321727,21.527942872157471],[72.052585850631104,21.52779875931871],[72.052030454906372,21.527468759164645],[72.05012268802075,21.527070631176656],[72.049024751734535,21.526877217901333],[72.048126619106696,21.526766100837644],[72.047250653248298,21.526654906222284],[72.046473502486108,21.526294504412139],[72.045985862200226,21.526296100554109],[72.045142955246348,21.526132936821053],[72.044211195245623,21.525918208760672],[72.043168919333738,21.525786794895311],[72.04217089895343,21.525634490782419],[72.041631317044832,21.525575751431717],[72.040729310990955,21.5254127570261],[72.039871586413625,21.525235787837747],[72.039339159118057,21.525113069740208],[72.038851012281015,21.524976380331601],[72.038481539734789,21.524963746254787],[72.037565323298963,21.524952873377345],[72.037166856282042,21.52509242270493],[72.036619908612124,21.525038875769123],[72.034567717607928,21.524561885364914],[72.034259124068157,21.524513917573962],[72.034002483000492,21.524474024816673],[72.033164883489121,21.524387032680579],[72.03154504880581,21.524179823055583],[72.030919103053208,21.524040231064223],[72.03005129610213,21.523967477755772],[72.029798644355509,21.523840853980715],[72.029415350475517,21.523851509246768],[72.028178376216403,21.523510906305273],[72.027880963667116,21.523559042085793],[72.02667953975623,21.523284388241642],[72.025614369733304,21.523028174553559],[72.024297641932279,21.522947365362171],[72.023978090987583,21.5224481034411],[72.023710670907619,21.522420625851307],[72.023286928604975,21.522403076985455],[72.022716782697842,21.522348229728191],[72.022050570013178,21.522227608210919],[72.021162080468343,21.522008568986045],[72.020778655751371,21.521981448854454],[72.019966413093812,21.521927347360766],[72.019390823730475,21.521759237922439],[72.018740467717109,21.521841491762189],[72.017832211555287,21.521735763849389],[72.016464594035995,21.521522904725114],[72.015924815883054,21.521496257130277],[72.015455350334307,21.521384439827504],[72.01489997606086,21.521225691318598],[72.01418844729686,21.521124055957003],[72.013885393261347,21.521002282480637],[72.014004732492324,21.520515807357874],[72.014134872217511,21.520232237031212],[72.014067876766219,21.519826567041136],[72.013759383719346,21.519591542197404],[72.013142665704734,21.51919700179738],[72.01236933373859,21.518727427930006],[72.012182587197188,21.518690245076009],[72.012115945204542,21.518383682420179],[72.011595147711304,21.518012439265306],[72.011463204802467,21.517781588329811],[72.010977072753676,21.517226176620873],[72.010964560464217,21.516532449051372],[72.010862831720033,21.516287346593465],[72.010806330236775,21.51599491072038],[72.010419940035703,21.515113546636595],[72.01042811554241,21.51456605997376],[72.0102150867353,21.514222187815719],[72.010188584700316,21.513854147982201],[72.009804162516289,21.513534396383189],[72.009687208855397,21.513261022551237],[72.008677042647321,21.512839348336499],[72.008049645710031,21.512746082026514],[72.0073151176435,21.512301536131009],[72.006392023912753,21.511775754215634],[72.005589934237989,21.511237015364419],[72.00538114849337,21.511143257389577],[72.004732338647173,21.510201319371284],[72.004900254416071,21.510144177695196],[72.005382479184888,21.509582671250179],[72.00575075548754,21.509128483985659],[72.006052286552645,21.508819229624894],[72.006514176914365,21.508213732894653],[72.007010339620507,21.507796910976566],[72.00727887666045,21.507670242054886],[72.007895920005708,21.507209001620115],[72.007942334520962,21.507020080340823],[72.008203620214218,21.506742407922172],[72.008538915728579,21.50647709509402],[72.008349279869606,21.506087526856298],[72.008113340495527,21.505918342744302],[72.008079260170405,21.505786300332765],[72.007983809374295,21.505409030399658],[72.007747303552065,21.505076237982422],[72.007746779275436,21.504925215445365],[72.007792690857286,21.504591564230424],[72.007711301585815,21.504390446144985],[72.007662332203253,21.503843132461629],[72.007728416120727,21.50350941990914],[72.007573149450806,21.503333696973783],[72.007484818777911,21.503069673088095],[72.007496433162288,21.502541053187805],[72.007105802851285,21.502359752056361],[72.007077401401503,21.501925643724675],[72.006922137224009,21.501749920102455],[72.006827389908807,21.501574012712471],[72.006920872504125,21.501384948774575],[72.007182673937876,21.501258300546755],[72.007215246886489,21.500956153220631],[72.007254674638915,21.500691741117762],[72.007181674650951,21.500542237821701],[72.00702793943195,21.500375484948563],[72.006962924327297,21.500029298840118],[72.006616091766332,21.499385361170276],[72.006461076681276,21.498848339579169],[72.006586058183899,21.498083528011335],[72.006176534194537,21.497762274320614],[72.006009131634571,21.497332788040822],[72.006047006629885,21.49721323069835],[72.006504437323912,21.496626575639866],[72.006220477683016,21.495707728032279],[72.006398161405173,21.49542052722893],[72.006499517472804,21.495205223234553],[72.006484357260874,21.494512501839452],[72.006712261618574,21.493986263138893],[72.006503347427611,21.493853518949376],[72.006073747447957,21.493035630292837],[72.005720687071147,21.493205564397556],[72.005665273284052,21.493182090990778],[72.005568909833258,21.493158294220937],[72.004899570772821,21.493124866076396],[72.004197789835771,21.492837459883933],[72.004108975502405,21.492713645567452],[72.003508902543899,21.492626824690564],[72.003047723754179,21.492539583545263],[72.002971171734387,21.492309375412386],[72.002263571675968,21.492163786833032],[72.001796264017472,21.492129738758656],[72.001513156498191,21.492420114169715],[72.000744223120122,21.49280057601009],[72.000246801055212,21.493192039060073],[71.999762083807838,21.493607097385873],[71.999547670562066,21.493678642772199],[71.999416278957497,21.494027647853787],[71.999214612680603,21.49413460681777],[71.998431608480885,21.494095583706361],[71.998388199374602,21.494326151851961],[71.997834165905871,21.494782772214851],[71.996875866695333,21.495181506704238],[71.996642870233117,21.495359459984059],[71.996221022243489,21.495418802545103],[71.995593134348468,21.495658664781583],[71.994908396953861,21.495799527038304],[71.994705954916313,21.496514122228504],[71.994509212133408,21.49682542500118],[71.9945812380397,21.497235098129707],[71.994348860943362,21.497453951221434],[71.994018143959323,21.497838371576329],[71.993664983782139,21.497852637696823],[71.99348229835104,21.498144064524567],[71.993185561118338,21.498131718680412],[71.992917793073147,21.498330841083227],[71.992127434280349,21.498577780888688],[71.991867350408924,21.498961988971391],[71.991549352500655,21.498929869633095],[71.991239084782961,21.499096059082603],[71.990977089695932,21.498911719327481],[71.990885255737339,21.498911989209638],[71.990695122324254,21.49909104673932],[71.990844778272077,21.499480660258065],[71.990541639256776,21.499666660698665],[71.9899607596371,21.499185757255198],[71.989622476191258,21.499424747693102],[71.989240855879544,21.499379588292456],[71.988958664479483,21.499492802746378],[71.988384656191343,21.498952373947692],[71.987492501967381,21.49833353888987],[71.987365633969787,21.498419853027045],[71.986864520648354,21.498553535716532],[71.986192988160397,21.49842326999638],[71.985584704838359,21.498193651585197],[71.985132206471761,21.498075966890852],[71.984241690137424,21.497946329041572],[71.983785255346206,21.49877403606402],[71.983378024539135,21.499528877629814],[71.983053333798267,21.499609149773832],[71.982722341954187,21.499920827175067],[71.982574865856861,21.500185696335596],[71.982228871559101,21.500232973061681],[71.981982168236172,21.500398961989234],[71.981812583123016,21.500386229069584],[71.981141241931709,21.500315442272772],[71.980737885711932,21.500105049112012],[71.980143796985317,21.499895203291164],[71.979888271073776,21.499525717165284],[71.979442966991414,21.499447662876893],[71.978828685469821,21.499541979902389],[71.978298741234767,21.499503831626768],[71.978277462209149,21.49947744823314],[71.978086145753977,21.499299496723221],[71.978754171213069,21.498358810169137],[71.978746544647066,21.498186943933639],[71.978660758600313,21.497876468962648],[71.978363417403088,21.497678988217825],[71.977860872786863,21.497376316710014],[71.977599933025999,21.497509284535855],[71.977104109710567,21.497100814176218],[71.976665749219748,21.496983065995042],[71.975760946002552,21.496800534787461],[71.975456632697629,21.496629512938799],[71.975139158015963,21.496756026747054],[71.974559218706105,21.496546120399863],[71.973872806535809,21.496177847991447],[71.973596838376821,21.49603318663112],[71.972564934841941,21.495864220358744],[71.971518458178906,21.49555645596136],[71.970359025620922,21.495268836234477],[71.969757652133723,21.494979640252524],[71.969015149917396,21.494737115920838],[71.967984401909888,21.494925116764467],[71.967616018575441,21.494595593655383],[71.967226782759468,21.494371905475472],[71.9666965643694,21.494241165510104],[71.966498984500177,21.494307828202807],[71.966279643839215,21.494196051901767],[71.966349251031971,21.493871914100403],[71.966319963090513,21.493548052299179],[71.966093475580351,21.493409851297525],[71.965415655475354,21.493510907134031],[71.964831970794535,21.49334909103078],[71.964103789591348,21.493409880518367],[71.962395483752445,21.493285333182936],[71.962156249672432,21.493086193053799],[71.962088288245766,21.492925027584484],[71.961839158865502,21.49285900242548],[71.961519434052164,21.493428267789],[71.961783064840759,21.493951342307355],[71.962801177285243,21.495820841699178],[71.96220731199314,21.496312854231743],[71.962388507725379,21.497125918732021],[71.962689776920655,21.498250703019583],[71.962703447634482,21.498807901929556],[71.962859915584062,21.499331270995011],[71.962993413931471,21.500122177126784],[71.963114370067657,21.500712512653582],[71.963199212879161,21.501180356139567],[71.963247977075,21.501536852303399],[71.963261297542275,21.501982604582626],[71.963262956359173,21.502506402287661],[71.963229276840906,21.503152889987941],[71.96319527945893,21.50369907596582],[71.963005548048713,21.503955930779441],[71.962911722585773,21.504413124689108],[71.962663854875615,21.505115929322304],[71.962056106513657,21.504995019813645],[71.961269688624498,21.504863456902093],[71.960959000354578,21.504529972808559],[71.960470942035982,21.504598187496057],[71.959995282935608,21.504822392839181],[71.959566733255784,21.504879296261873],[71.959901552658081,21.505313019088518],[71.95986747241443,21.505836915214509],[71.960023202161253,21.506126249277429],[71.959821973369742,21.50651686894135],[71.959775808261512,21.506985074618214],[71.960052804962487,21.507965047730135],[71.960196768409531,21.508298992834803],[71.960555170672052,21.508654635964877],[71.961188052333597,21.509187836026815],[71.961236392876742,21.509410596970564],[71.961083925253448,21.510157714438375],[71.960800030022938,21.510771457815309],[71.960738702635325,21.510899797824038],[71.960421417521204,21.511563777440529],[71.95997707045106,21.512402249269559],[71.959830891366707,21.512785055122848],[71.959637974755282,21.513218140752304],[71.959477824191552,21.513419186513278],[71.959169837330052,21.513476453953494],[71.958728042756803,21.513590508667797],[71.95834078470709,21.514005319961122],[71.958411118905346,21.515070840635548],[71.958177625967451,21.51538492680244],[71.957823249693206,21.515605310629653],[71.956849340519838,21.514805558707025],[71.9562790795338,21.514543824150458],[71.955929700683015,21.51421879549649],[71.955568546304477,21.514414117460394],[71.955207488550528,21.514640782922147],[71.954706446552862,21.515093509566832],[71.954445700031513,21.515263480009349],[71.954178701550092,21.515577651909155],[71.953931722070735,21.51586669333042],[71.95356434784037,21.516218750594184],[71.953217691923328,21.516771355817028],[71.952870683808158,21.51721112096882],[71.95239586079019,21.517481971369961],[71.952350995010079,21.517936653638152],[71.951912708691296,21.517642260040272],[71.950671900080067,21.517130242913247],[71.949877244530811,21.516836805531351],[71.949317428578539,21.516527574423741],[71.948798484267911,21.516339495449358],[71.948012145075069,21.516114237651784],[71.947559391189714,21.516380716922686],[71.947058085452952,21.516662483],[71.946168120246725,21.516983181771558],[71.945884755305201,21.517021833847824],[71.945344863353867,21.517932754639638],[71.944448354149984,21.518768833600799],[71.943519643314858,21.519673204344901],[71.942986057768238,21.520000518106514],[71.942413049965225,21.520684147512711],[71.941708403028727,21.520693592694492],[71.940558640427867,21.520825474297041],[71.940275266386479,21.520864116986274],[71.939690266311516,21.520259339145692],[71.939300823292015,21.520040573568135],[71.939041271145243,21.519919992463038],[71.938571334299638,21.519868174844756],[71.938262071802654,21.519376352090813],[71.937678606608429,21.519279355950417],[71.937201071426571,21.519394292389016],[71.936925980001803,21.519493539690053],[71.936448850878776,21.519744894960155],[71.935858709633507,21.520125387045372],[71.93546300207629,21.520520527938796],[71.934590222977874,21.521189754787276],[71.93421057341682,21.521539376929752],[71.934040727130935,21.521623187709164],[71.933887755156576,21.521934324503441],[71.93327147895171,21.52170097634157],[71.932614930503803,21.521543520284325],[71.932063836416162,21.521438841702224],[71.930993677202878,21.52124243216101],[71.931105279429573,21.521383397740877],[71.931171591858543,21.521756959662401],[71.930804628615761,21.521704516761542],[71.930046271620029,21.521607318683355],[71.929801555146383,21.5215469313423],[71.927990887167539,21.521177850717457],[71.926718652126709,21.520959918918695],[71.925960501446866,21.52093134656209],[71.925046657436141,21.520620960398961],[71.924002287900919,21.520272764701058],[71.923545402627269,21.520129007552161],[71.923096846024649,21.520046245752201],[71.922705017062057,21.519848930853172],[71.922127034854327,21.520109718864283],[71.921704098920344,21.520431130986925],[71.921476195902713,21.520546114853854],[71.92094700603684,21.520768639531159],[71.919563010429513,21.521367047045974],[71.918683857363362,21.521781124372328],[71.917625741652387,21.522325307699525],[71.916518362221964,21.522747571853873],[71.915622216826407,21.522925231855339],[71.91498669522538,21.523025967068683],[71.914000211500905,21.522967399197874],[71.913234094607887,21.523007433885496],[71.912508755424923,21.523054991502466],[71.911807482821459,21.522965196616582],[71.911071803461866,21.522234796876287],[71.911175153495506,21.521711046330402],[71.910603414786337,21.521527689603655],[71.910136884543775,21.521139512032324],[71.909939722833641,21.521245575929381],[71.909263943551068,21.521682749945214],[71.908912409781593,21.522066337417172],[71.908490684881428,21.522568872952483],[71.908075788124307,21.522992206075575],[71.907647023920148,21.523501355430668],[71.907260183764677,21.523871828243916],[71.907133832491382,21.52408329560641],[71.906557680924038,21.524850151799967],[71.906248537818442,21.525266624044594],[71.905784847366434,21.52590122936537],[71.905398069405479,21.526298092635457],[71.905018670958171,21.526813714079495],[71.904519872872314,21.527507789592956],[71.904140669023903,21.52809599449882],[71.903416986109576,21.529080954903129],[71.90310766132734,21.52943803331868],[71.902896724112239,21.529669497958629],[71.902672408837475,21.530164943397512],[71.902398706156674,21.530653908919973],[71.902196472052012,21.531485835103215],[71.902163153229793,21.532191978277954],[71.90196147878747,21.53322846296124],[71.90177945300249,21.533717206491644],[71.901500012455926,21.534687890595436],[71.901170056861091,21.535242976538164],[71.900798071860379,21.535903742262736],[71.900742518761717,21.536220614083543],[71.900581354174861,21.536603726671178],[71.90030141202088,21.537396244509658],[71.900022775175117,21.537887610938586],[71.899985258181886,21.538260279395217],[71.899628434773106,21.539306758090031],[71.899296542532326,21.540076747125493],[71.899092943885435,21.540786335258158],[71.898927060842965,21.541195366465796],[71.898851822660276,21.541868591212637],[71.898686298817623,21.54240982651341],[71.898596965627874,21.542626375848403],[71.898598081398603,21.543035007476107],[71.898547811756401,21.543443761888849],[71.898163994512061,21.544021574100331],[71.897767262288156,21.544575378924659],[71.896896774875955,21.545707206390684],[71.896589959598003,21.546260794391198],[71.896167652571648,21.546862730850975],[71.895682053452333,21.547813357347081],[71.895677859524923,21.54782112284806],[71.895342879044065,21.548441371720404],[71.894998173556601,21.549157877921317],[71.895082043107081,21.549230366406],[71.894868155319401,21.549700544122953],[71.894564782457323,21.550232437881071],[71.894279337485116,21.550764288687422],[71.893946589988317,21.551486355695793],[71.893589690921658,21.552119017903301],[71.893321988236281,21.552583729307926],[71.8934716486784,21.552672837293553],[71.893173533325552,21.552941924002948],[71.892535356383334,21.553441055364836],[71.892028560026631,21.553900736169318],[71.891587460711449,21.554343487181541],[71.891253612304325,21.554662976308009],[71.891235829770082,21.554814737677567],[71.890964115011172,21.555170662865116],[71.890675759819743,21.555777993508414],[71.890539833958428,21.556739242051378],[71.890357479634133,21.55760342644507],[71.890259823116637,21.557771008073896],[71.890157420739527,21.558321893001057],[71.890158474856861,21.558715979727591],[71.890084160818489,21.558980679276491],[71.889992692585594,21.559304802224332],[71.889926111685213,21.560303677054822],[71.889882267568197,21.561172935032474],[71.889866152422911,21.561621046602582],[71.889866989454518,21.561934156493088],[71.88971117217956,21.561934520921067],[71.889677959756398,21.562463649616486],[71.889558887979391,21.563257504487339],[71.889503340274231,21.564067406189164],[71.889451400420896,21.564067527579425],[71.889413309438666,21.564931373169753],[71.889379951275515,21.56540651719931],[71.889375564086478,21.565924781326398],[71.889348135389739,21.566459294693402],[71.889095744558219,21.567037521301231],[71.890032486171236,21.567710140841651],[71.890639420869036,21.56806501844175],[71.891570158364146,21.568645869083195],[71.89128244948995,21.568965054998529],[71.891028252201522,21.568868479209293],[71.890996375502155,21.569894264211925],[71.890599499339174,21.570397253230293],[71.890255285372703,21.571170041660501],[71.890146438380398,21.571472611126541],[71.890027059297097,21.572153098318722],[71.889912569673356,21.572504267081005],[71.889711377967757,21.572807052343776],[71.889602730698726,21.573185199579282],[71.889580337490216,21.573444378644851],[71.88940931376257,21.57423835397735],[71.889341757531511,21.574875531598163],[71.889198766958543,21.575361728210073],[71.889078530210796,21.57572370669298],[71.888912667771905,21.576290933523047],[71.88897810043629,21.57701957431955],[71.888933065832902,21.577446158660297],[71.888986177718579,21.577883310730257],[71.889016203307406,21.578320516678389],[71.888722280712642,21.578483157003987],[71.888440318146507,21.57880232455058],[71.888164643769599,21.579315821877827],[71.887923468436782,21.579780652166281],[71.887756964985712,21.58011034653234],[71.887659606814907,21.58039669204425],[71.887441299836695,21.580780491350545],[71.887303423424854,21.58102374314937],[71.887044267523933,21.581240284387732],[71.88695835043535,21.581488813606796],[71.88672199378324,21.58159733199583],[71.886001020501183,21.581787951032975],[71.885366636666348,21.581983765091536],[71.884847459223963,21.582092935049346],[71.88403408910105,21.582267563707376],[71.883272720214151,21.582463662621702],[71.882759339587153,21.582583609702933],[71.882644030548065,21.58263246091991],[71.882864509456027,21.583069230233676],[71.883188812342354,21.583478767997498],[71.883351163360686,21.583759114733642],[71.882716554510097,21.583873942282203],[71.881101076552852,21.584125976836265],[71.880627978643048,21.584202637462816],[71.879831653721098,21.584280034332576],[71.878925774029071,21.584400864500005],[71.878377456850927,21.584407509781041],[71.878221503205395,21.584364676304183],[71.877592365403217,21.584366104075634],[71.876801656039234,21.584384090563073],[71.875358984957003,21.584506115141156],[71.87504159919078,21.584533822625968],[71.874764727817848,21.584604626111595],[71.87478885722075,21.585009457224949],[71.87496873214846,21.585376148367853],[71.875022125178731,21.585937469173704],[71.875012624405372,21.586731065834254],[71.875019855893015,21.587297888974344],[71.874743284855327,21.587487458141787],[71.874402610048335,21.587439638303891],[71.873265589113572,21.587469183507643],[71.871926573953175,21.587509969223802],[71.870922294789466,21.587533803398845],[71.870050772075913,21.587557336522607],[71.869917999893445,21.587561081204495],[71.869916449236953,21.587561124938283],[71.869842992409289,21.587563196654703],[71.869207753399024,21.587440441585578],[71.868878556036407,21.587365592603863],[71.868393773666085,21.587393658270653],[71.868126067343837,21.587540802841147],[71.868168496389188,21.588524449244428],[71.868203513379896,21.589209254167677],[71.868211177989011,21.589607714199737],[71.868280457626469,21.590678467756593],[71.86839561450914,21.591462714368269],[71.868389697597323,21.591755358914455],[71.868478731104034,21.592738901567511],[71.868586303631048,21.593155818825331],[71.868701369734239,21.593902707955419],[71.868850134049652,21.594811403420607],[71.8689855381309,21.595701449655497],[71.869059669401807,21.596056178570741],[71.869147479068317,21.59655407963178],[71.869222432351776,21.597232568830233],[71.869251636587535,21.598247374011002],[71.86925490598081,21.599536189176547],[71.868930361483052,21.599659974855832],[71.868154925831618,21.600142348353184],[71.867550212920321,21.600389353766474],[71.867116980909046,21.600700066323565],[71.865177749992839,21.601665645654784],[71.864550690853321,21.602115633094325],[71.863855071649766,21.602555086860754],[71.862462410606113,21.602867882438215],[71.862211241666827,21.602911154347748],[71.86136418619671,21.602165308101537],[71.859902861657872,21.60242482510068],[71.859257975834126,21.604914951012208],[71.859089153350965,21.605930034461917],[71.859021808211779,21.60641083613336],[71.85711508709538,21.606714014549262],[71.856715477285462,21.606778959282465],[71.856693392801617,21.607088762969624],[71.857097612066767,21.60773811713138],[71.857235285716996,21.607986160682284],[71.857629561708606,21.608073433965824],[71.857458861255523,21.608330150824187],[71.857700398178252,21.609010561393173],[71.857941937404917,21.609690971524834],[71.857583124360616,21.610092289958569],[71.857893592462929,21.610932770590104],[71.857997693795994,21.61146126830565],[71.858675155389918,21.611740191716414],[71.858205188642543,21.612229871326559],[71.858590890210891,21.612309149676523],[71.85931902536916,21.612291556617382],[71.859440048749221,21.612731896461639],[71.859081825808403,21.613373544714211],[71.858202559973662,21.614641167716496],[71.857636711218177,21.614466144803504],[71.857560416656199,21.614794757034129],[71.857664519767198,21.615323254692051],[71.858010056750174,21.616484096230025],[71.85756532075257,21.616789468262493],[71.857345196108753,21.617855394969101],[71.858016170541603,21.618967470955464],[71.858128214359041,21.619239601246022],[71.85782304894262,21.620562061019232],[71.858014487218085,21.621763287799414],[71.857649777606454,21.623262115439747],[71.857281595608285,21.623351027100949],[71.85791824677473,21.624431132520929],[71.858426414144304,21.625519523197628],[71.858924102896282,21.625830875478457],[71.859302916987801,21.626575072823442],[71.859675209180722,21.62814440785721],[71.860286077123448,21.629176493421422],[71.860476137400141,21.629808943764413],[71.860708780031416,21.630337159539614],[71.860899798674183,21.631354131059762],[71.860986691377249,21.631842608108542],[71.861932613330325,21.633226439003138],[71.862397982112299,21.634306897960506],[71.862802300907163,21.634954899588791],[71.862906798799727,21.635627587786487],[71.863088571416938,21.636364194315192],[71.863252228022517,21.636708305717494],[71.863889204026762,21.637876504588306],[71.864362950020507,21.638868818804806],[71.864414540817279,21.638940803822024],[71.864826102123573,21.63905205348917],[71.865452255423776,21.639315037523563],[71.86592331270522,21.639233891930541],[71.867139166804236,21.638894752377787],[71.868785219732317,21.639259609211265],[71.869154128320844,21.639239436609824],[71.868903420187308,21.639984099120266],[71.868497978024621,21.64107792035108],[71.868295892538555,21.641876374593839],[71.868222770219347,21.642310235654787],[71.868057441140436,21.642969824400645],[71.867706992973424,21.64380330229806],[71.867653785250454,21.644774905607299],[71.86780811985011,21.647099189718247],[71.86846110613152,21.648485578638127],[71.868947008552922,21.649837639900458],[71.869190183803624,21.650600409084724],[71.869249074579301,21.651866677798708],[71.869356309141835,21.652037524593887],[71.868979810038027,21.652367843137103],[71.867297675677548,21.653235824227245],[71.865968149237418,21.653321632503086],[71.864422468325117,21.653064571124439],[71.863472806401319,21.653125847397131],[71.86218162513839,21.653353610489493],[71.86047284497252,21.653712500365639],[71.85956160929355,21.653951257247378],[71.85914433450526,21.654212619965559],[71.858180091943609,21.654784458260504],[71.855628050909999,21.656006408655365],[71.855591471749378,21.65658364249493],[71.854825319032244,21.657899419796088],[71.854513042221583,21.658379569695146],[71.852538656723425,21.658916531723335],[71.850288370136369,21.659276466303822],[71.849168164039597,21.659536325669489],[71.847393169720647,21.660055048830053],[71.844960077458254,21.659447448046485],[71.841957032201265,21.658814347992127],[71.839684832745988,21.657939958218005],[71.838990616589371,21.657586203723163],[71.837079989768853,21.65696853985277],[71.835853814564118,21.656589212937483],[71.835511565678431,21.656456714766584],[71.836572616496298,21.65935810776508],[71.837442166479434,21.661585053320319],[71.838214643978532,21.662906500556016],[71.838891711531843,21.664041672911761],[71.838977719803765,21.664263480303841],[71.839018205198244,21.665328915801467],[71.838671243184436,21.667256435639143],[71.838521289067202,21.668126914377606],[71.838144284667763,21.669397424689979],[71.83884029828981,21.670497040201209],[71.839622357245915,21.671827338564462],[71.841300972708282,21.674683032442147],[71.84196843249407,21.675738295793195],[71.843869933375089,21.676400314478656],[71.844858530504411,21.676664642156123],[71.846046645682065,21.6769374272791],[71.848308551176572,21.677341143050167],[71.849089686521822,21.678236310736501],[71.850943408663596,21.67875627922529],[71.852055661130194,21.679073577825992],[71.854641066270091,21.679662985071243],[71.855420464377232,21.679819460615832],[71.854927583314307,21.68162039112735],[71.854770833006128,21.682421769747133],[71.85439268124334,21.683549972189411],[71.854057958891943,21.685132994405969],[71.853869602023295,21.685993775910159],[71.853237535373154,21.687142295706554],[71.852909857413422,21.687281444999616],[71.85240383843076,21.688053895459198],[71.852107877200467,21.688183086384086],[71.851009587300311,21.68907546176267],[71.850556482577787,21.689857684043599],[71.850440590201984,21.690065606717898],[71.850230851744442,21.690847313730529],[71.849556051566864,21.691847568374858],[71.849228764655166,21.69215482974187],[71.849144684632549,21.692392352758976],[71.8493895145333,21.692995091573223],[71.848741033109206,21.693864127493374],[71.848080768388485,21.6943600609894],[71.846139612823876,21.693993213877103],[71.844787928387021,21.694257040128438],[71.843156436572883,21.694301636113799],[71.842156806515177,21.694262489232383],[71.840436505940829,21.69404623089698],[71.83831657898601,21.692649352846438],[71.837948434771349,21.69236161768324],[71.837416461670898,21.691153808152745],[71.836987898823423,21.690165585296732],[71.835761580176893,21.687434325071674],[71.835468090733144,21.687640980213942],[71.834819554254508,21.686859257167878],[71.83480393556458,21.686460903304067],[71.834317151020528,21.685706326433216],[71.833566343741751,21.685185815391559],[71.833036896458268,21.68504950474696],[71.832375640073693,21.685119518005344],[71.83170157147724,21.686013800172457],[71.831392909561188,21.686014417035064],[71.831145331962887,21.68701774387392],[71.830691973555105,21.688021480610313],[71.83007670645577,21.688929376312096],[71.829475661695668,21.689631180053812],[71.828756554535389,21.690127154251488],[71.82847756128271,21.69025134382645],[71.827668671081881,21.690046882279507],[71.825934143248119,21.690009087339153],[71.825021412458028,21.689378956435657],[71.824049496284729,21.688570349357612],[71.823238905351914,21.687596572876025],[71.822782307597194,21.6871716013667],[71.822239080830343,21.687447406236622],[71.821709116920999,21.687077523984048],[71.820400390241446,21.686819045426049],[71.819739118970148,21.686889008477277],[71.819050779401579,21.68801680395654],[71.818244871186408,21.689158559578626],[71.817084920235587,21.689724015986286],[71.816923356004679,21.689779274511448],[71.816909318454961,21.69008152500189],[71.816645313714432,21.690343040535446],[71.816130980940201,21.690398971348618],[71.815822488876762,21.690481983650955],[71.815279804210533,21.691018776203908],[71.814795880768429,21.691541718035051],[71.814134498992317,21.691682014711759],[71.813503833254515,21.692347815552512],[71.812922266162374,21.692884292126415],[71.812626443037004,21.693106385849397],[71.812142503528236,21.693116528003429],[71.811925016858467,21.69302463056755],[71.811993239418669,21.692599891832923],[71.812119766985802,21.691731971565119],[71.812058876863333,21.690975171791713],[71.812018297084194,21.6904767923054],[71.812342611184306,21.6897284981426],[71.8122924130153,21.689350135409324],[71.81203455144842,21.688852164753353],[71.811628724352431,21.68843754767963],[71.811252627850095,21.688069027122463],[71.811005242864056,21.687847955097347],[71.810461508785792,21.687599745572051],[71.809759636841576,21.687296445586732],[71.809611334130622,21.687222877089365],[71.808495918648291,21.687511105859471],[71.807597582724583,21.687706618087752],[71.806867103556982,21.687883353703491],[71.806472068211448,21.687893314664507],[71.805977723306682,21.687644999115481],[71.805354715350219,21.6872676895503],[71.805137416629776,21.687258858718938],[71.805242830489149,21.686627373782333],[71.806299617782926,21.685470441640895],[71.807066952262645,21.684049667300354],[71.807080606445311,21.683392932056023],[71.807827956003834,21.68248874667399],[71.808665226887669,21.681424080283893],[71.809403745455967,21.680621152885784],[71.80870714643423,21.679913709598662],[71.808171893246211,21.678665970644229],[71.80772707997609,21.677493998542403],[71.807193828729325,21.677182802948614],[71.805521020291209,21.675844345183297],[71.804228127897517,21.674867982180746],[71.802628097695575,21.67377404553228],[71.80177828681947,21.673151225218767],[71.800452750855086,21.672370357848436],[71.799259308501817,21.671438774539705],[71.7990623340024,21.669301653533026],[71.798951512493403,21.66808686652892],[71.799093916245141,21.667107870681132],[71.798958562760305,21.665668129940688],[71.798981334290772,21.665038095620158],[71.798581311487709,21.663643830099836],[71.798183307999977,21.663228299653838],[71.797580855001243,21.662880634066411],[71.796208000476256,21.66244434329321],[71.795473334473627,21.662175654965413],[71.795051594872234,21.661917657486647],[71.794160734352801,21.661772989539099],[71.79290801919889,21.6612239594442],[71.791775726783158,21.660708457895065],[71.791462738047429,21.660664007990285],[71.790884741431967,21.660496273109374],[71.7898610193716,21.660104316957554],[71.788523556519863,21.659285403780558],[71.787787715651547,21.658409188619476],[71.787941082165915,21.656856436685551],[71.787518346125822,21.656080925908611],[71.787374340443932,21.655651103056954],[71.787092848045702,21.655877503578782],[71.786570435213321,21.656480842318974],[71.785947083350777,21.656961983330302],[71.785365300520795,21.658101965448239],[71.784814807193953,21.659797262793084],[71.783941869251493,21.661389566051366],[71.783761241255448,21.661709919072802],[71.782996863307048,21.662181876881508],[71.781344736139147,21.66182698791528],[71.779561566064913,21.661396998549126],[71.77911755924616,21.660908265886153],[71.777906967998703,21.659743075565906],[71.776746510196418,21.658455422585458],[71.775867997620225,21.657157879934555],[71.774857833634584,21.655455787868025],[71.774011056459997,21.654948880791373],[71.772841770369425,21.654282477048138],[71.77147082478777,21.653462647630885],[71.770619191413104,21.65303887977311],[71.769848774582769,21.652969535060816],[71.769070204686443,21.652575448556895],[71.768368070346853,21.652675421853193],[71.767718446116845,21.652584692582685],[71.767394043928007,21.65276171048],[71.767409849820794,21.653142914988958],[71.76724376162187,21.653171421552766],[71.766535043447035,21.653800883760148],[71.766165054011211,21.653829716328318],[71.765644156319354,21.653929387636023],[71.764957181093891,21.654064621398884],[71.764818042662796,21.654114912919265],[71.764756535252928,21.653987228429987],[71.764315585967509,21.653056495324606],[71.764496929497824,21.652625542943785],[71.764988740055543,21.652073910124876],[71.765395462923166,21.651862936635158],[71.765480601829282,21.651552322071712],[71.765340431781866,21.651061789650189],[71.765125087111684,21.65047122269609],[71.764589480165384,21.650502122987358],[71.764513155446082,21.649771117540695],[71.764469810128446,21.649500769701451],[71.764275970534285,21.648950229008168],[71.764017489710056,21.648199481965456],[71.76389946393823,21.648099515081725],[71.763450078754303,21.648410707003144],[71.763257225094947,21.648400997281023],[71.761993496920851,21.64863335021159],[71.761286720612546,21.648794710410854],[71.760033519451639,21.648926877495025],[71.758833810159345,21.649018890034942],[71.757719768811725,21.649090730155084],[71.756980633150249,21.649131936955289],[71.75654148280303,21.649182692924963],[71.755587959866872,21.649154116357543],[71.755181142002257,21.649314988880572],[71.754292160435043,21.649436537404654],[71.753371107711089,21.649598191882131],[71.752460678995277,21.64970974789205],[71.751421603736688,21.64977141644599],[71.750811038182604,21.649822416641786],[71.750114749302057,21.649863528239166],[71.749172004704405,21.649874960433927],[71.748186595410331,21.649996620954344],[71.748131677109285,21.649205482572977],[71.746931939986155,21.649287393828129],[71.744939443795985,21.649380482651392],[71.744706438123998,21.650973282524305],[71.74466517162233,21.651914795428688],[71.744559438483719,21.652746233239089],[71.744432209763417,21.653537640760824],[71.744347918144385,21.654379062183036],[71.744359811955562,21.65508012578487],[71.744104319637785,21.656051999497471],[71.743880763210484,21.656903640533869],[71.743700042549037,21.657745202908558],[71.743668035710755,21.657825373401455],[71.743131339248649,21.65722523350734],[71.742820925345526,21.657395950173424],[71.741600790060644,21.658138872401594],[71.740841139389786,21.658760933205535],[71.739920790069718,21.659393238230159],[71.739364327384564,21.659794658903987],[71.738872095992207,21.660165939011364],[71.738733209825824,21.660406509315827],[71.738443899203972,21.660386894116506],[71.738498292219305,21.660887588020099],[71.738391777244757,21.661268327686543],[71.737802553562759,21.661299218887191],[71.737879900004245,21.662731315878737],[71.737988142315757,21.663402195094491],[71.737989144481489,21.664013135309936],[71.738076534963454,21.66503458448349],[71.738282690050752,21.666606711908837],[71.738316927814708,21.667519179966167],[71.738802938265991,21.667692082383677],[71.739260774246347,21.668105394320651],[71.739761559479689,21.668572058555746],[71.740090670777818,21.668892076645584],[71.740906068278917,21.669545236676292],[71.741292351515327,21.66987852323161],[71.741836075086141,21.670385180296073],[71.742680285000262,21.671171828393692],[71.74305224547463,21.67147842386278],[71.743510486696977,21.67211873938561],[71.744111439924424,21.672665366453113],[71.744583886088833,21.673252242378808],[71.74524242369489,21.674052504330518],[71.74532141967957,21.674134472174931],[71.745245240960131,21.674503087148214],[71.745071855779514,21.675320117492404],[71.744816892081474,21.67612637763099],[71.743979986728448,21.677303764802051],[71.74318925313159,21.678230602682682],[71.742975852952725,21.677684401992742],[71.742474362579443,21.676828240781234],[71.741750026981094,21.675608871513873],[71.741248983141773,21.67501237077866],[71.740678341744271,21.674325086583355],[71.739954936211547,21.673651004514728],[71.738966984946572,21.672587802396308],[71.737631268982454,21.671200510736938],[71.736044971783627,21.669450032862343],[71.735820921249754,21.668333790003977],[71.735667123225682,21.667710811336999],[71.73488617700319,21.665777410165663],[71.73337115199547,21.665104416235604],[71.73173095129998,21.664314733549553],[71.73067452490389,21.663783890089409],[71.729715576643287,21.663408704386541],[71.729172137091481,21.662292892863626],[71.728949195747745,21.66183878539923],[71.72786579440502,21.661801325823646],[71.726185349939001,21.661881523121384],[71.725060523532548,21.66199990112997],[71.723907977308045,21.662157258780312],[71.72311650328642,21.6622881570785],[71.721964270328087,21.662653233482153],[71.721506149352578,21.662796661455715],[71.720340019096739,21.66316174516276],[71.718979748381642,21.663734809507631],[71.718161009861078,21.66421626904091],[71.717855759092487,21.664424402487732],[71.716717908565727,21.665139972549241],[71.715718573683205,21.665608672418308],[71.715024491079518,21.66586923859423],[71.713844544878071,21.666312194462186],[71.711899874430529,21.666210821620986],[71.710677361126599,21.666043594687991],[71.709950019394668,21.665852319518237],[71.709142419858949,21.665692223539953],[71.707907573345906,21.664913637191848],[71.705802182837402,21.664348116726284],[71.703795831776958,21.663239743441988],[71.703622202139954,21.662332622395439],[71.702470143752919,21.662334031186901],[71.701952346381859,21.661808916710694],[71.701616201852417,21.661444695538417],[71.701597811898566,21.661266642908629],[71.701605693208634,21.66041017753793],[71.701731287270789,21.659400933411533],[71.701874939236319,21.658332308788744],[71.702145642343467,21.657305928139959],[71.702280419284705,21.656381469734011],[71.702352549484928,21.656067630567303],[71.702632635628433,21.655270191140076],[71.702831330056412,21.654650925692952],[71.70143425498361,21.654533909198875],[71.701207460490764,21.654517224564135],[71.701261709154778,21.654389962331312],[71.700354450518702,21.654263862706294],[71.700218306296534,21.654204668504327],[71.700426092121106,21.653593874606603],[71.700506932668517,21.653017152779661],[71.700044149379863,21.652890514243044],[71.699180567725108,21.651534788830091],[71.698428329388719,21.651993596753581],[71.698391803299842,21.651815565197374],[71.697439428934587,21.651850619021978],[71.695752352113871,21.651903494378239],[71.694428123917007,21.651972887834674],[71.693620821789793,21.651965351044737],[71.693675992564437,21.652524951687798],[71.693803503382171,21.652914872456257],[71.693986232745075,21.653898312569126],[71.693287667932537,21.653814329261071],[71.693325532291084,21.655001453002615],[71.693308181093386,21.655595057039747],[71.692556071786839,21.656181034774029],[71.692274726387353,21.656071123736353],[71.691902705709651,21.655986756321621],[71.691149728720163,21.655919786498472],[71.690850098071209,21.655699657073466],[71.690505225107231,21.655564376696329],[71.689979079042473,21.655539540058921],[71.689870272513389,21.655573583563591],[71.689725869525986,21.65613341339677],[71.689345299122209,21.656447599185132],[71.688873939968943,21.656702528989751],[71.688438786073561,21.656898057997779],[71.688067062113589,21.657042635435726],[71.687822408401175,21.657246426766896],[71.687350781233519,21.657297838099179],[71.686806629195587,21.657383248765864],[71.686289265094999,21.657137916589992],[71.68602602102294,21.656994055576025],[71.685518012422804,21.656969184519696],[71.685417873918354,21.656689463926217],[71.685018523669385,21.656511834112635],[71.684555634535073,21.656300354863284],[71.684092671452603,21.656029515990557],[71.683784055408012,21.65586874212033],[71.683266787416699,21.655691238493848],[71.682486453611915,21.655505542723738],[71.682242678311383,21.656413146041615],[71.682061875932035,21.656905171103475],[71.681772071304664,21.657278598491352],[71.681273684117627,21.657694652026265],[71.681037942660353,21.657779706889048],[71.680829456363313,21.657898650826759],[71.680693591057718,21.658059914357519],[71.680421859542307,21.658382441082452],[71.680123145040398,21.658891551572115],[71.679687636636842,21.658815705444002],[71.679306356293409,21.658578683984732],[71.678743362969612,21.6581044237209],[71.678472033725228,21.658757657916333],[71.678019289332468,21.659419565978812],[71.677684300271991,21.659945670502353],[71.677603074704294,21.660284948185218],[71.677476502971444,21.660632754057502],[71.677114875009309,21.661633752895504],[71.677070201522284,21.662193465235621],[71.676943492443016,21.662431033806733],[71.67690800318816,21.663084013704314],[71.676908303036441,21.663329926623359],[71.676917922476107,21.663779343997717],[71.67691847052798,21.664228771013292],[71.676900668823677,21.664508622248125],[71.676819325261505,21.664754622094598],[71.676610918395525,21.664949878516197],[71.675795181807302,21.665527368275633],[71.676032142854012,21.666434451981061],[71.676041451136044,21.666629476677205],[71.675923592209116,21.666688959955966],[71.676124320814978,21.66763848059253],[71.675971552923244,21.668834289042355],[71.676154306092357,21.669919504598528],[71.676182767950124,21.670945525318736],[71.676183262416004,21.671352553225375],[71.676201766816575,21.671649325135228],[71.676311423702941,21.672302150067619],[71.676701662777177,21.672420451692595],[71.677200745492016,21.672521676715164],[71.677600016311487,21.672606047546747],[71.67775492601676,21.673165545662318],[71.677456057933995,21.673581373526641],[71.67713011695102,21.674115946316821],[71.677012707885126,21.674548539106489],[71.677103801775274,21.674853713108241],[71.677376224780716,21.675065416049367],[71.6779754332875,21.675429403993924],[71.678171284205007,21.675601608470171],[71.678028121711122,21.67592061339224],[71.677641698693719,21.676826591722847],[71.677469892010308,21.677178939393702],[71.677330440767491,21.677581561424553],[71.677126435963132,21.678014437707731],[71.677008390083628,21.678316418359085],[71.676868997864744,21.678769349010469],[71.676751134860581,21.67922225659466],[71.676676392730528,21.679725427276118],[71.676666044571832,21.680067540215479],[71.676623302915601,21.680329193058562],[71.676570065603158,21.680812217098591],[71.676549000974035,21.681194588670124],[71.676474489930527,21.681888933466336],[71.676292643512269,21.68284499952259],[71.676174971174163,21.683458895377335],[71.675992974268141,21.684294219313614],[71.675864643957212,21.684998682499554],[71.675757709233153,21.685592442907307],[71.675554151808555,21.686407665389744],[71.675491044953375,21.687635273352548],[71.675405857489551,21.688410122964367],[71.67538483755348,21.688832741258675],[71.675374778143663,21.689416336906881],[71.675289418661208,21.690050321152587],[71.675182587502306,21.690734637032367],[71.675075767517555,21.691429014588749],[71.675011524328085,21.691720874811214],[71.675034138194079,21.692616351772759],[71.675024320357466,21.693401183001381],[71.675035840221781,21.694025002762899],[71.67506935468036,21.695031147802869],[71.67503742079991,21.69533303561094],[71.675027432690911,21.695977001531219],[71.675071312658005,21.696651095946422],[71.675104353686095,21.697264830933822],[71.675169815984233,21.697979149622675],[71.675138356250443,21.69867344701845],[71.675142974265214,21.699105604166171],[71.675143890441717,21.699191340203939],[71.675002111533033,21.700386564740782],[71.67415750203385,21.699880742286581],[71.673749214682545,21.700650798808621],[71.673116694799774,21.702123792443409],[71.672923150157672,21.702821917955664],[71.671930481639023,21.702560033918175],[71.671869161297579,21.70261268077714],[71.671557749531544,21.703134055808814],[71.67110367292959,21.704133607306456],[71.671067885315807,21.704744941976546],[71.67104350369307,21.705161433316103],[71.671437564608084,21.705313995781076],[71.672338863680181,21.706154393454405],[71.673377836353623,21.706616998794367],[71.673633771255382,21.706755359495222],[71.673833523542299,21.706965483152725],[71.67383362112605,21.707046748072887],[71.673753243782741,21.708270587881195],[71.674131825922544,21.708303652680456],[71.674137458916505,21.708733873269317],[71.67364723617456,21.709451431683693],[71.673611857889682,21.70980999079045],[71.673678651733283,21.710053715799596],[71.673590790714812,21.71037169736611],[71.673649723783839,21.711524881370831],[71.67374721128111,21.712833384270379],[71.673972749631915,21.714273210533914],[71.674140568434908,21.715569688166486],[71.674264124227477,21.717278511938474],[71.674253357095566,21.717878658363006],[71.673502093886299,21.717713069182505],[71.67259098592973,21.717293355167751],[71.671961362312047,21.716968950030989],[71.672006770029469,21.71751146580597],[71.671906204241878,21.718983899276221],[71.671753490394281,21.719624616333206],[71.67152945930718,21.720523542613996],[71.671397534269147,21.721441494402811],[71.671214221978161,21.722168287621439],[71.670959420185795,21.723009881252349],[71.670654211413321,21.724492084696664],[71.670583590904045,21.725343048287769],[71.670462192085623,21.726519123400298],[71.67004324707051,21.727007143026594],[71.670075011802297,21.727915364442303],[71.670300256478271,21.728029859834397],[71.670046434290327,21.729717560688684],[71.670054395294343,21.729961346947356],[71.669986430906675,21.730900742254246],[71.669880270618194,21.731990755491861],[71.669881256389033,21.732829693889439],[71.669858413373845,21.732934708367473],[71.669691309382358,21.733795957394836],[71.670193293243884,21.733759361351254],[71.670916471714904,21.734165815503712],[71.672009703162075,21.734927537216247],[71.673058601543246,21.735514047789472],[71.673081063879764,21.735843906898939],[71.672998909505381,21.736343971017128],[71.672900795814115,21.737338875529673],[71.672846378736637,21.737967770876324],[71.67274310332715,21.739261636474104],[71.672584028003726,21.740029809902207],[71.672589791235154,21.740235980403764],[71.67270602435778,21.74055027836566],[71.672861635646129,21.741498527800765],[71.674588539522333,21.741548259850429],[71.676105852362937,21.741644586654306],[71.677192822704683,21.741731051859784],[71.67822466802464,21.7418536501457],[71.679841402752388,21.74203746059117],[71.680652659032091,21.742232444927065],[71.681739837245928,21.742478666697803],[71.681772985237984,21.742514711171548],[71.681459895593107,21.743618098185063],[71.68134461776809,21.744082121280663],[71.681323694036607,21.744994474454241],[71.682118397788983,21.745174006336601],[71.682592844728063,21.745147711651601],[71.683337765159337,21.745224204420882],[71.68338234112818,21.745569500331648],[71.683223243857029,21.74628098466485],[71.683020392125002,21.747296627145872],[71.682877777919103,21.747956548736489],[71.68289039827863,21.749209055298206],[71.682847198943293,21.749951337313121],[71.683559007208657,21.750002093451815],[71.684044602985324,21.750053098227557],[71.6845743777411,21.750134978738252],[71.684817063864358,21.750072855068701],[71.685280881634867,21.750350674299028],[71.686578416110279,21.75108114191729],[71.687596074684663,21.751691983757919],[71.687607426425501,21.751698797489333],[71.687726938765692,21.751770533094568],[71.68808028401682,21.751945381588484],[71.68860535814737,21.752645782682567],[71.688666643031539,21.753099300157235],[71.689201790025905,21.75312669534383],[71.689203333903123,21.753123059950248],[71.689214899561989,21.753127366423904],[71.689392181064804,21.753120913731532],[71.69215562530303,21.753020305263263],[71.694560521868937,21.75332851350845],[71.694820095472139,21.753794735272486],[71.696337079258768,21.754017566586771],[71.69776163426819,21.754275052001429],[71.698020911883802,21.754516644850408],[71.69855753831618,21.75468878961399],[71.699205071775566,21.75480896282097],[71.700333579881914,21.754980388229935],[71.701943307093288,21.755375843419841],[71.703127384519078,21.755599018206251],[71.703608458871358,21.755719378370696],[71.704274448433807,21.75580495141552],[71.704718360248918,21.755804402817745],[71.705661672809356,21.755803233093452],[71.705738366154264,21.757703802231187],[71.706829614090154,21.757667884224823],[71.707680555306069,21.757735933407897],[71.709123337685824,21.75776867372436],[71.709604323791936,21.75781990140505],[71.709544525114808,21.758129523642317],[71.709494171630666,21.758390240058596],[71.708977440811722,21.7592029952825],[71.709200528525429,21.759980257525708],[71.709755760513318,21.760204178383223],[71.710441253368558,21.760963573158612],[71.710996743576032,21.761360277001028],[71.711496416506535,21.761532426514439],[71.711755375220193,21.761532095259483],[71.712458390277789,21.761617587694907],[71.713161967442332,21.762083208939945],[71.713507646581775,21.76222107125125],[71.713680193697996,21.762289885400943],[71.714012018415502,21.76233138997069],[71.714645496135134,21.762255242215172],[71.715739443529785,21.761963272055187],[71.716764267884813,21.761671385264361],[71.717501046034926,21.761347588064261],[71.718375796884729,21.760851429422534],[71.719078073506083,21.760570714785882],[71.719573255602143,21.760462448266782],[71.720195120277339,21.760332489700033],[71.721783906041921,21.75972775117361],[71.722325360358397,21.759748546484762],[71.722486551855923,21.759694524770929],[71.723073652226631,21.759435470084167],[71.724409120062631,21.758917135830455],[71.725836481675046,21.758237250336833],[71.727367979014502,21.757858517683669],[71.728001633498437,21.757911450762617],[71.728358940668116,21.758040090078762],[71.728750670489831,21.758082592990075],[71.729131786150319,21.758695442905342],[71.729466946543141,21.759383682636905],[71.730090649477219,21.760415872627501],[71.731232249363998,21.76113526803816],[71.731900616921166,21.761274225519369],[71.732328549497808,21.761446028952996],[71.732671405349933,21.761734434158416],[71.732496631613159,21.762941814895225],[71.732486251322598,21.763354525179015],[71.733161262441499,21.764137696901265],[71.73381342188064,21.764446298112571],[71.734332892156687,21.764662228236233],[71.735128609308006,21.764949986000651],[71.73565938113903,21.765320656673403],[71.736068726332846,21.765732768492917],[71.736732824303047,21.766577845075691],[71.736986830847215,21.766556846573376],[71.738003264582161,21.766720465324934],[71.738997695470474,21.766935696524101],[71.739881642194561,21.767130447218602],[71.74066602880167,21.767232481613277],[71.741361933374307,21.767262419741144],[71.741792941469342,21.767406233589416],[71.742533323010491,21.76761149724037],[71.743163009993978,21.767672476998268],[71.744102088563764,21.767805219698907],[71.745019078138654,21.767937989775515],[71.745770441916207,21.768101953080443],[71.746963833522827,21.768389062066561],[71.74747216805946,21.768532745546107],[71.748005366173032,21.768694134524541],[71.749175455084114,21.769080189498702],[71.749362352888639,21.769118689180218],[71.749902411015555,21.769305317291774],[71.750968579624328,21.769613953750728],[71.751418877077811,21.769910593552936],[71.751889709854765,21.770077929657425],[71.752648054780209,21.770448930175075],[71.753080088609096,21.770194933656118],[71.753688703392214,21.769959756859741],[71.75401030403961,21.769490774531437],[71.754233354928346,21.769005211342268],[71.75466182046047,21.768193062719838],[71.756104710441676,21.76872625050672],[71.756669262269298,21.768901058624149],[71.75706349859172,21.768992470911691],[71.757269535849247,21.769017248155254],[71.757520443744767,21.769092150495752],[71.757887932088195,21.769250529400434],[71.758192682776482,21.769383907826594],[71.759295109509978,21.769833939985574],[71.759662737141028,21.770067607483508],[71.760836914637295,21.770567711771875],[71.761383490869022,21.770700702673931],[71.762306537142621,21.771000412373738],[71.762647120837684,21.771133725660494],[71.763677587401943,21.771399793557311],[71.764582791426662,21.771732982346599],[71.765210213371532,21.771991319084741],[71.765980939815535,21.772249422990992],[71.766438024775439,21.772416004422144],[71.766563460772119,21.772440899862474],[71.767289425377555,21.772707435621832],[71.767979504737383,21.772940562879278],[71.768454211270722,21.772948158798329],[71.768705614638293,21.773282384858],[71.769237010093804,21.773270366058419],[71.769503580049502,21.773346754274296],[71.769743126817616,21.773270327774835],[71.77034941679365,21.773195910373182],[71.771584731469588,21.773193886216518],[71.77192048881092,21.772584936671823],[71.772504809829911,21.772772787941935],[71.773325004466798,21.77298122667321],[71.773819328574092,21.773085305060828],[71.774785358777166,21.773209578047826],[71.775616428513644,21.773229174227062],[71.776739723309362,21.773374152811236],[71.778009072887571,21.773550347099242],[71.778896376714656,21.773611790669115],[71.779671481285661,21.773725867319836],[71.78034539316873,21.773777174248117],[71.781794556211423,21.774015972111275],[71.781805458569565,21.773848119783395],[71.781883762364572,21.773690642181002],[71.782692765596579,21.773909542943457],[71.783568925609075,21.77401293888277],[71.784040614023326,21.774022618950646],[71.784106962310986,21.773498024571964],[71.784206793821767,21.77286847650624],[71.783948336473301,21.772785003619724],[71.78419368353984,21.771913944557372],[71.784372020099525,21.771231813305381],[71.784517058243878,21.770749041730067],[71.784785023895338,21.769961859626321],[71.786046913633498,21.769083909231448],[71.786342083433937,21.768240906391835],[71.78660420649355,21.768005834328392],[71.786797424775457,21.767568256647902],[71.787197524201943,21.767823509388627],[71.787379599660625,21.767524588332652],[71.787427473497175,21.767199239189242],[71.787477941107767,21.766743245899139],[71.787776547466009,21.76619883926401],[71.787793162232333,21.765942863340481],[71.787484528158927,21.765751439762589],[71.787406668985284,21.765351657813973],[71.787491306376751,21.764855613323501],[71.787559025446797,21.764463576674107],[71.787575242061493,21.76400764275246],[71.787591777303348,21.763711675185696],[71.787658953677663,21.763047695590107],[71.787700872861279,21.762599715235726],[71.787700107711473,21.762215795869629],[71.787741851192081,21.761679833935563],[71.787817747762958,21.761095822452244],[71.787936279402516,21.760423754857189],[71.787926457028277,21.759791902305459],[71.787959158359726,21.759016005383497],[71.788009781299763,21.758639994766689],[71.788051123850479,21.757904074443925],[71.788067402262101,21.757480133436964],[71.787843975910477,21.757072606278633],[71.787345500526584,21.756129666950596],[71.78726691535087,21.755361961366539],[71.787215066588971,21.755122100718275],[71.787154672016271,21.754890253230361],[71.786922181942614,21.754226792974979],[71.786612907556531,21.753699437390726],[71.786176048565608,21.753596214790729],[71.786038109022286,21.753116551827528],[71.785815518353189,21.753124934770423],[71.785523721776727,21.752773510718693],[71.785368598519781,21.752261883333453],[71.785153970786169,21.751966314000256],[71.784906921153507,21.749902965285862],[71.785520037745755,21.749443005346812],[71.78579579896325,21.749165275272805],[71.786090133041739,21.747931463812328],[71.786180417186188,21.747013500767331],[71.786239829410974,21.746009546551281],[71.786802840012044,21.746094616445838],[71.786728549553217,21.744756276363599],[71.786756896868241,21.743570726161742],[71.786795799605741,21.742547685914165],[71.787060875346157,21.742050080774352],[71.787080221098847,21.741485978006661],[71.787171255352234,21.740950432359391],[71.787322622859975,21.739879394109881],[71.787505371703944,21.739152479054081],[71.787555030175426,21.738702228563451],[71.787759480801327,21.738943257727509],[71.788140301462036,21.738980708764814],[71.788752745708138,21.7392464350424],[71.788549053942006,21.739386538969757],[71.788862571213116,21.739767125429399],[71.789035104110695,21.739982799761897],[71.789655671075352,21.740481952442959],[71.789984963899755,21.740674324633144],[71.790643135363609,21.74085182665431],[71.791278750329965,21.741222314308907],[71.792158602804122,21.741327957660012],[71.792900817653262,21.741455278609052],[71.793971970887952,21.741596304954051],[71.794446152176917,21.74156687733549],[71.795234162115193,21.741644082645809],[71.795448685510877,21.741815209748356],[71.795243446414062,21.742444445101043],[71.795091661714764,21.743030707452871],[71.795406136778439,21.74345177476981],[71.795705183770906,21.743808552855022],[71.796439882452972,21.743993041086142],[71.79734295271237,21.744220101127063],[71.797565484820197,21.744562720699665],[71.797430271053059,21.745763531589571],[71.797493142504905,21.74657808957895],[71.797631227155165,21.746770789725318],[71.798304453739902,21.746812455256954],[71.799230003956637,21.746803638456694],[71.800698743223919,21.74683670801728],[71.801264940253802,21.74690714082945],[71.802221297170647,21.746998298497363],[71.802756913250604,21.74707592825721],[71.803888605030096,21.746880906166151],[71.804714292040913,21.746672147493136],[71.80558626526701,21.746649101317345],[71.806649803914809,21.746782912874167],[71.807178547020314,21.747224998833978],[71.807401426331666,21.747717674984433],[71.807372136608421,21.748332305176643],[71.807609449745087,21.748417619066025],[71.808512457666552,21.74859459411925],[71.808582263861766,21.749044676413451],[71.809431776833719,21.749243184798939],[71.810059351275754,21.749392081118092],[71.810303933347825,21.749298721792524],[71.811068767707368,21.74924726251351],[71.811268099135702,21.749454128351857],[71.811750306162708,21.749588999096471],[71.812324384636256,21.749759426216023],[71.81224172371742,21.750445619880029],[71.813818153121218,21.750735633499627],[71.813826470259912,21.751042905385333],[71.81437846381553,21.75160640945515],[71.815319482040721,21.751661789015554],[71.815326429523338,21.751340195730382],[71.815548156477135,21.751289749561991],[71.816519473550727,21.751209286310896],[71.81781968705819,21.751113893654665],[71.817733357383204,21.750120734440511],[71.818100499942574,21.750105736762166],[71.818153794308586,21.749991294753237],[71.819576608085328,21.749995699800028],[71.819913152278048,21.749980757184648],[71.820547787026584,21.749858043496083],[71.821190101880347,21.749749604923021],[71.821618247583771,21.749648726398799],[71.82209966776206,21.749426257336015],[71.822013899264647,21.748697509582893],[71.821859717492529,21.748161842778071],[71.82175151241492,21.747661817534173],[71.821758174931347,21.747218738724371],[71.82183426996167,21.747039935194127],[71.821932229808894,21.746375145861805],[71.821970062026239,21.746189270444283],[71.821922351307109,21.745374693603296],[71.821883691344055,21.745188966923699],[71.822036691170211,21.745195815572703],[71.822203905729268,21.744716693083546],[71.82226419056677,21.744309240865324],[71.822285289027363,21.743480237539611],[71.822254198547412,21.743258765033257],[71.82225998296272,21.742422645187862],[71.822236478065761,21.74217257297018],[71.822326847833381,21.741536382754344],[71.82245582842917,21.741064480514165],[71.822454760087666,21.740585685261344],[71.822438266372927,21.740049750185943],[71.822338145008445,21.739742657260745],[71.822215491651818,21.739621410092251],[71.82202367999912,21.739357372745364],[71.821807363085796,21.738393052154347],[71.821660921935276,21.73789310049337],[71.821513861877179,21.73711444679995],[71.821374960617504,21.736564456513964],[71.821821405893957,21.736478626416954],[71.822100039304686,21.736445535197923],[71.824460311106535,21.736432789892675],[71.825705392446778,21.736259460928558],[71.826889743169957,21.73619202825504],[71.827978786309444,21.73634448471881],[71.828518741244338,21.73632713964593],[71.828711849012379,21.736255817399513],[71.828715939771797,21.736254306518973],[71.829006068328596,21.736147150139537],[71.829955481850547,21.736177810522754],[71.830425461939839,21.736030400871055],[71.830704185395263,21.736037981829501],[71.831374837568703,21.73604477847493],[71.832062759271508,21.735986438887974],[71.832489488416542,21.735969307898085],[71.832716029605749,21.736009539678733],[71.832951430389357,21.736114852215398],[71.833900693832206,21.736080391396953],[71.834153232468424,21.736063607265613],[71.836365224317476,21.735961480553719],[71.838446627131603,21.735884003350776],[71.838585197826717,21.735550088437229],[71.839429961004086,21.735523946963568],[71.839726045335226,21.735507065085738],[71.840823191145944,21.73539902498473],[71.841075670032694,21.735357818371575],[71.841676527705602,21.735315892929471],[71.84206845399099,21.735315083802139],[71.842251198788659,21.735249607368811],[71.842460283868434,21.735273587171267],[71.843052102958538,21.73509334040531],[71.843922700287976,21.734945062211807],[71.844044593836983,21.734928534304522],[71.844810966970542,21.734902528270705],[71.845072017235196,21.734804336258996],[71.846700545608726,21.734743973300585],[71.848041661217394,21.734684198644334],[71.849173710051872,21.734608579390191],[71.850549700217115,21.734564985610149],[71.8520387928845,21.734472315909585],[71.852230459445266,21.734496320399927],[71.852223316363947,21.7351391861949],[71.852208554277141,21.736229622299128],[71.85214014686494,21.736750558045863],[71.852038228557063,21.73781676722437],[71.85194448353036,21.738663250513699],[71.851852322373247,21.740160717887964],[71.851959039230934,21.741063736237859],[71.851995682166049,21.741804156555244],[71.852172596199054,21.742918596178693],[71.852225490462317,21.743178878571925],[71.85234945356045,21.744008623532537],[71.852367230734913,21.744155057818212],[71.852472961579238,21.744651210461434],[71.852648810571978,21.745326235095376],[71.852711688119356,21.746107285620184],[71.852905357959784,21.746945018599579],[71.853160936589404,21.748165073951512],[71.85333587774852,21.748465782005677],[71.853441535654042,21.748929384515996],[71.853459712838045,21.749238564415428],[71.853452077727738,21.749677996771574],[71.852729219826344,21.749720225559596],[71.852032789927833,21.749884455007816],[71.851710685596501,21.749958375819372],[71.851545387052099,21.750040100353015],[71.851685763100789,21.750454806194071],[71.852262156164429,21.751072017760794],[71.852515155339844,21.751234225732684],[71.85263733965968,21.751331613430718],[71.852637816469581,21.751526908403658],[71.852691609138844,21.752153368372717],[71.852771295352298,21.752682125099106],[71.852815643041637,21.753007523813647],[71.852833799654945,21.753308566352491],[71.852956343930174,21.753552424952822],[71.853114228341028,21.753999641298446],[71.853437874344607,21.754552288784193],[71.853700309095757,21.755007418476747],[71.853875625458883,21.755457309154462],[71.854226101826711,21.756291991560488],[71.854355030655,21.756769105344961],[71.854518723576234,21.757213595206604],[71.854648107271387,21.757875153756387],[71.854789026697162,21.758504138104694],[71.854863870360674,21.758792533198374],[71.854866353183468,21.75880210023859],[71.855000088082221,21.759317417791355],[71.855106486996718,21.76007667296],[71.855178523570373,21.7610312974791],[71.855377522253846,21.761660156324268],[71.855553560377857,21.762397561816094],[71.855811947321996,21.763557930530808],[71.856012103108284,21.764653325425847],[71.855257503756221,21.764806844353835],[71.854363655951133,21.765014907008492],[71.853225969711232,21.765256035003745],[71.853401337392867,21.765722200031906],[71.853926356464939,21.766675856095649],[71.854346579229912,21.767521237302734],[71.85434703210413,21.767705682160276],[71.85433696197029,21.768334989468858],[71.854224298090898,21.769756548414271],[71.854181138780092,21.771102009975309],[71.854124738881751,21.771785664988318],[71.853894343954934,21.772567340110353],[71.853514405001349,21.773946070732304],[71.853084570130008,21.773925289588945],[71.852340819428179,21.773785829262206],[71.850958153730303,21.773626023300839],[71.850086660218452,21.773497673602559],[71.84983090454331,21.773411416847939],[71.848936260613385,21.773315659285647],[71.848541013022739,21.773186295794172],[71.847366916188022,21.772809024882942],[71.847169711389768,21.772917936543127],[71.845391841720584,21.772639565757196],[71.843802801551348,21.773608505298544],[71.843039724956,21.775107356251258],[71.842508230390678,21.776301930951469],[71.842451052249885,21.776681790736724],[71.842535507189993,21.778005285516951],[71.842619886541129,21.779296230935241],[71.842540583257204,21.78014267565699],[71.84126236081255,21.779960873361663],[71.840727835135695,21.779886027606459],[71.840181975273623,21.779930550692885],[71.839798972263878,21.780072385090694],[71.839846766629023,21.780636473853708],[71.839976412786186,21.781428238975675],[71.840128960576749,21.782078910069089],[71.840279948103344,21.782067749597999],[71.840490221562732,21.782566404998583],[71.840721495249909,21.782889120847088],[71.841431499168834,21.782806981805436],[71.842247539643807,21.782921823580914],[71.842432164602641,21.783880566577135],[71.842893133087671,21.784005104035401],[71.844812207296158,21.783839763908926],[71.845139780939064,21.784367943633271],[71.845178599388575,21.784547138281006],[71.845543169227611,21.784492593867149],[71.847174434775113,21.784372646593457],[71.847769620010951,21.784434141949305],[71.848873832799484,21.784646945902999],[71.848941231084623,21.784736441463032],[71.84902810622232,21.784942425035915],[71.849116327239855,21.785704160161785],[71.849692541278969,21.785855326387743],[71.850249779392755,21.786096168599673],[71.850202075263994,21.786212798817463],[71.850384600903993,21.786284122229375],[71.851037270807453,21.786300664935858],[71.851334747934843,21.786282105327885],[71.851929811333108,21.786289803168543],[71.852553732849088,21.786324328649133],[71.853321770101005,21.786421290210146],[71.854003277156949,21.786455687101085],[71.854349159971349,21.786607330143493],[71.856806442802721,21.786736500419273],[71.857565465330936,21.787066519777834],[71.858257264165118,21.78737875377772],[71.859333123543593,21.787752896696645],[71.859476237240159,21.787411962161549],[71.861731719455364,21.787433932527115],[71.863353743658521,21.787448302150246],[71.863431517962496,21.787842536982886],[71.864017239192918,21.787948813212825],[71.865524462195836,21.788106834537661],[71.866986960522354,21.788288844765393],[71.866989637913079,21.789340587250827],[71.86805153159267,21.789242612356301],[71.868870620509625,21.789276641283248],[71.869420884323063,21.789275412210994],[71.869971700213085,21.789489310364324],[71.870522149083442,21.789559787294802],[71.871559433680389,21.789844298834801],[71.872008465651334,21.790285500844931],[71.872560154036108,21.790834035289212],[71.872957200131438,21.790964608170093],[71.873853546441438,21.791177713038845],[71.874301348143135,21.79114084436462],[71.874825341034494,21.790876719844647],[71.875055499850149,21.790804487604884],[71.876079381303839,21.790849967441954],[71.877077450517803,21.790811838109057],[71.877052294277576,21.790979218939707],[71.876939246784985,21.791792190605342],[71.876929170293451,21.793783462227498],[71.877204962427072,21.7939305909869],[71.877556802212581,21.794028292837524],[71.877840234204044,21.79485399569576],[71.878227048372764,21.794880473326209],[71.878385189338729,21.79485274865814],[71.878901493229023,21.795097828946115],[71.879669436574744,21.795216461610778],[71.880442417423225,21.795023145473145],[71.880817643092655,21.795098896383781],[71.880852584606487,21.795016728057245],[71.88096982275313,21.795032875348689],[71.881344817013385,21.795021065283706],[71.881415944936322,21.795327362184395],[71.882336404690761,21.795505827978513],[71.882735493066789,21.795740222311156],[71.882970494492227,21.795969523545811],[71.882959472997285,21.796232229946959],[71.883182363109697,21.796313800950252],[71.883505743761447,21.796723489466913],[71.884277391470093,21.798226638555128],[71.884570735278132,21.798357296373403],[71.885298515250796,21.79878792939995],[71.885914096575064,21.798895942914186],[71.886623407746342,21.798992789773855],[71.886881478229839,21.799079745862333],[71.88690068905774,21.799687149907832],[71.887452242907443,21.799954010436256],[71.887611064732098,21.800178010910603],[71.888156953463664,21.800516024985221],[71.888903324562392,21.801313256352838],[71.889612486660738,21.801349892904575],[71.889353330889222,21.800863450391812],[71.890449011589496,21.800811611770776],[71.890977596626712,21.801248162475027],[71.890954676453788,21.801439754590959],[71.891377012100918,21.801591984830246],[71.891489229439387,21.801914597022751],[71.892591835952743,21.802251275855351],[71.893125710346595,21.802474379049695],[71.894121990605953,21.802499367584176],[71.894088342426272,21.803052171186831],[71.89408516215984,21.804031757646559],[71.894037057500938,21.804319404561394],[71.89396203791496,21.804615614756578],[71.894328605540991,21.804663481816341],[71.89522309431382,21.804777040464469],[71.895422886214902,21.804295770779927],[71.896703648834858,21.804908713818318],[71.898322956328556,21.805761226319824],[71.899184698527606,21.80611222697592],[71.899829408618089,21.806523847500738],[71.900191810480337,21.806665704686047],[71.900205729179902,21.806675626249962],[71.900885023442839,21.807159839437816],[71.901956862581414,21.807840859133716],[71.902456469533846,21.808140136818952],[71.904469741451351,21.808886454284064],[71.90667578914703,21.809519586934901],[71.906720264483752,21.809556038333184],[71.906812867749395,21.809631934646845],[71.908720406293497,21.809957768237641],[71.910000226421047,21.810202503433647],[71.910716552591438,21.810320921078141],[71.911320102916264,21.810387030071006],[71.911714081668507,21.810310924798006],[71.912084398657896,21.810400149355463],[71.912494617163375,21.81037658815475],[71.91320268573088,21.810419892099457],[71.913621013556622,21.810418844860809],[71.913797804117451,21.810350790819186],[71.914320454237924,21.810259332183097],[71.915196466210034,21.809956638092984],[71.916167230910389,21.809037688028155],[71.916522392098642,21.809449971842103],[71.917761843711475,21.809642162160852],[71.918774910123261,21.809444275316288],[71.919169363093417,21.809533422760641],[71.920280453864379,21.80984611740239],[71.920845516681339,21.810505764744043],[71.920910928776166,21.810866190566919],[71.921362909423209,21.811368364949523],[71.921694308658076,21.811900895364051],[71.922466943877808,21.812011605621493],[71.922943928751025,21.812806692819859],[71.923092732335093,21.814166045223679],[71.923067753775456,21.814385928620744],[71.923565498116588,21.814723144974373],[71.924909359647373,21.815158478544497],[71.925433814186675,21.815445473384539],[71.927099757542749,21.815829811690438],[71.929824962413747,21.815747519171815],[71.931570046755411,21.815655209765282],[71.933705192189009,21.815800055923983],[71.936136733550967,21.81628258370435],[71.937319231206033,21.816617947736805],[71.938850424083995,21.816827009366456],[71.939911103324874,21.816836723341865],[71.941132354748504,21.816670487290573],[71.942835929268909,21.816176994261539],[71.944377957510227,21.81554601462469],[71.945893741962536,21.815115679274129],[71.948617510310896,21.814581758615578],[71.951235974929602,21.814725064164787],[71.953404077631149,21.815294397686859],[71.953480389880042,21.817240557479995],[71.953481407487132,21.817563584213467],[71.953554547339891,21.81779626504348],[71.953611028994132,21.817848696065042],[71.953677568330448,21.818539646095374],[71.955998622639797,21.818813968300628],[71.957446128959148,21.818552364843651],[71.958547971254276,21.818034110318465],[71.962615187689323,21.817443166240643]]]]}},
{"type":"Feature","properties":{"Taluka":"Talaja","District":"Bhavnagar","Dist_Id":"14","Taluka_Id":"14010"},"geometry":{"type":"MultiPolygon","coordinates":[[[[72.184186929547465,21.495619557831066],[72.183158112724541,21.495381598484837],[72.18245552168581,21.495402243683927],[72.182362886410573,21.495900286606229],[72.182552964779987,21.495935057609902],[72.182538118807713,21.496823804851029],[72.183165000116389,21.496856789961519],[72.184398857514338,21.496727323668832],[72.184186929547465,21.495619557831066]]],[[[72.184186929547465,21.495619557831066],[72.185416441188195,21.495824476127254],[72.186025833326809,21.495921954876419],[72.186181669440913,21.494981503000787],[72.186242249900531,21.494231404199166],[72.186701701932108,21.494249512434592],[72.18673285875397,21.494059422383089],[72.187876851234037,21.494254676311073],[72.190184559818007,21.494295149181788],[72.190749801441783,21.494092853369185],[72.190517895029899,21.494753679543141],[72.190557728337993,21.49640318357433],[72.190532096611307,21.497763016187992],[72.189313999195235,21.497718056890093],[72.188469618942065,21.497631556969502],[72.186941434375981,21.497527870001807],[72.186893088667873,21.49860785221723],[72.186899988969756,21.500077528835334],[72.186744857081365,21.501167947808796],[72.185420648570698,21.50128336487159],[72.185036991633751,21.502533612882004],[72.185035335984935,21.502539008207187],[72.184926071843194,21.50289507050606],[72.185150296645332,21.503718358250786],[72.185508259095016,21.504654392780655],[72.185560726341436,21.505071720899608],[72.185724036766658,21.505787964655482],[72.185826941908161,21.506189329147308],[72.185921724776307,21.506653752319689],[72.186025887648057,21.507322969446118],[72.186070049902582,21.507763965863504],[72.186139800817955,21.508275760676955],[72.186235029873856,21.508834719764383],[72.186279267300264,21.509291472062234],[72.186477925589202,21.510362087033918],[72.186580873379498,21.510771328722335],[72.186610921847901,21.510881738952442],[72.187805158291212,21.510686503719363],[72.188833706020887,21.510541581898657],[72.189134067897555,21.510475412454454],[72.189815892871863,21.510375201964685],[72.190089628071519,21.510346475170067],[72.190117536496757,21.510193258036779],[72.191111904038991,21.5095669594809],[72.191375463622109,21.509474370512631],[72.192262528820265,21.508903408265944],[72.192671664453783,21.50858146893918],[72.192827019426346,21.508352079665944],[72.194734090972432,21.508444804093422],[72.194767071360346,21.507154546613172],[72.19486723148519,21.505598665491348],[72.195639152760805,21.505494804244499],[72.195970010380279,21.50516403333522],[72.196681957884039,21.504785923563727],[72.197452302649069,21.504352668230819],[72.197378366114819,21.503200103470324],[72.197293040316922,21.501709043741045],[72.198025525694163,21.501541288011534],[72.198591714173702,21.501355925124678],[72.19905925759258,21.500987977416891],[72.199263741492032,21.500813275487513],[72.200416537841065,21.500625449753041],[72.200621764507048,21.500606289493444],[72.201071807448429,21.500668449730032],[72.202315886134627,21.501166461751328],[72.203011321417776,21.501428879981471],[72.203471540639882,21.501573338882775],[72.204196354684399,21.501844778118354],[72.204705284754027,21.501952429056512],[72.205750712146752,21.501801618559551],[72.206561269960929,21.501606046370437],[72.207430752435471,21.501465119404866],[72.208553723464362,21.501176716413603],[72.208770366658513,21.501496039428208],[72.209337234289578,21.503469984199295],[72.209416160657085,21.503616045337004],[72.21004291355726,21.503823826735925],[72.210728241721526,21.504013056939698],[72.211129413233991,21.504075397668156],[72.212371948879479,21.504243948050288],[72.213448588863827,21.504477246236942],[72.213194333581484,21.50647298095258],[72.213148882933751,21.507177706848022],[72.213130309947019,21.507379080951932],[72.212601444218947,21.50719834330377],[72.212543627535993,21.50737243552539],[72.212805106830061,21.508862730943093],[72.212601342085193,21.509183842298441],[72.212710722109563,21.509558515703336],[72.212628745082512,21.510794083283361],[72.212522485334588,21.511059879802847],[72.212403045356311,21.512634148049969],[72.212001028811954,21.514410915988492],[72.211445407014821,21.51677392187079],[72.21109905472332,21.517937416513959],[72.210478065701253,21.518928234257501],[72.211713754321522,21.51901913844565],[72.212444832158226,21.519152714954355],[72.213839364982618,21.519153049719286],[72.216774358069188,21.519140472347861],[72.218873624295611,21.519709632269766],[72.220703917963405,21.519433295412462],[72.225594444741361,21.518477604596153],[72.226117989272353,21.517895664746234],[72.22665142187887,21.517189939334962],[72.227363223322257,21.515335020116996],[72.227695713796479,21.514328707873446],[72.227938016146865,21.513696023180174],[72.228434736609202,21.511784616225349],[72.22814010441023,21.510355935732083],[72.22894535790941,21.509974763739372],[72.229676266029472,21.509593912840479],[72.230196802495755,21.509621452503964],[72.230941256626565,21.509826901333142],[72.232534231914428,21.509809982161492],[72.234327741622081,21.509543706670875],[72.235580268098317,21.509408994895544],[72.237318711446264,21.50875533365215],[72.238598871414951,21.507785654463117],[72.239497953167557,21.507066112907399],[72.239760737207646,21.506528277132116],[72.240014860690735,21.50637807571108],[72.239971023425497,21.506109934004652],[72.240520590036738,21.505580764489654],[72.241368262660032,21.505199345680005],[72.241812328740181,21.504809777496419],[72.242278085876805,21.504509557070151],[72.242521280748434,21.50429977031796],[72.24308281418925,21.504038875333201],[72.243739468070586,21.503688109657119],[72.244332906481873,21.503437006846926],[72.245148798609463,21.503075587649345],[72.245592594741339,21.502636319104322],[72.246407617062175,21.502105945623331],[72.246523012231506,21.501827155744898],[72.247169231181459,21.501516177021319],[72.24802707509555,21.501055172834789],[72.248620240820145,21.500754364569552],[72.249202428336275,21.500384034966199],[72.249430201300029,21.499240101733378],[72.250519406473046,21.498340759149052],[72.251031325948532,21.498765807860796],[72.251249336650332,21.49882611410063],[72.252351565439071,21.498397116895593],[72.251710625545073,21.497051330178685],[72.251157281352889,21.494072310384947],[72.250336107850671,21.491319759756486],[72.249236348923617,21.489456280731808],[72.248378998445531,21.487922987206325],[72.247891938063987,21.486812069381028],[72.247361397134668,21.485502576639504],[72.246932876731691,21.484762426484522],[72.245322393132199,21.482675929396727],[72.244669073152608,21.482279678003589],[72.244646834069528,21.48192805592792],[72.24450321011085,21.480830464227282],[72.244638183580022,21.480226912360656],[72.244276494430622,21.479227194214499],[72.24337055897665,21.477519275220132],[72.243229627012042,21.476949251735309],[72.241980869180779,21.475684294188213],[72.242824711526254,21.474227003994692],[72.242347969341935,21.473217024406836],[72.241235921053431,21.47168227797038],[72.240529692853997,21.470780979454283],[72.239893140463778,21.470008573358886],[72.238910220213853,21.468979287369031],[72.237141042013263,21.467135170126362],[72.235786307845444,21.465353812061139],[72.235204314014112,21.463659310320935],[72.235177746037834,21.463522147662363],[72.234138982890471,21.461087980490035],[72.234323624600776,21.460061611438181],[72.234660136375908,21.45835625291441],[72.234634872569842,21.456757460939251],[72.23413906288333,21.455935959795962],[72.23363552172961,21.455292146826874],[72.232959425842367,21.45464101288017],[72.23192838409949,21.45373302022028],[72.230593962254645,21.452527560396515],[72.230377230851587,21.452310474009895],[72.229586899060678,21.45123183425201],[72.228344674990325,21.449476833909227],[72.22694622075096,21.447520619745514],[72.225964621731563,21.446127855366285],[72.224722525221623,21.44438089974571],[72.22447123357459,21.444147804045024],[72.224313944288511,21.443736644745051],[72.224181814370027,21.443180021110013],[72.224189363514981,21.442961955491104],[72.224359357405675,21.442452476398408],[72.224565406161631,21.442257777593483],[72.224909816902183,21.442135157098122],[72.225098494340145,21.441916306996241],[72.225166897381769,21.441794881277662],[72.225070583674324,21.441504587845738],[72.224165315258887,21.439836919810674],[72.223464055614301,21.439306981929118],[72.222493238617275,21.438334062842582],[72.22051595452055,21.436146100755007],[72.218986779671241,21.435627778982301],[72.21864993604585,21.435532321315058],[72.218539239985233,21.434770486937786],[72.216723774140817,21.432034858644919],[72.215733785589862,21.429308562421937],[72.215345549475515,21.42867910779724],[72.215189908123833,21.427791061819175],[72.214679821670771,21.427561401509728],[72.213682219513871,21.426084470179518],[72.213197462937728,21.425403901644525],[72.212312119273193,21.424377278792861],[72.211702953432123,21.423568435686683],[72.210570163440352,21.422568613716894],[72.209711805453765,21.421425942509529],[72.208727695859125,21.420588085835824],[72.207805874584054,21.419828849243984],[72.205869230209927,21.418272112101032],[72.205367820071501,21.418183194357834],[72.204155502488248,21.416914331372826],[72.202929934416773,21.415803118163776],[72.201380108202656,21.414338644571959],[72.200421876268294,21.413397030007417],[72.199802512614639,21.41292680622665],[72.199027813811142,21.412233955976092],[72.198012761824202,21.411134959869674],[72.19727996898331,21.410402525477867],[72.195731934604126,21.409292597509133],[72.195168951000312,21.408874656248177],[72.194267017623844,21.407959037975587],[72.19388599281865,21.407461536362028],[72.193167077734458,21.406689624314627],[72.192743986172786,21.406192293816083],[72.191872358718655,21.405749348712259],[72.190944391391739,21.405254096449532],[72.189889778469222,21.404667424353413],[72.189117385905377,21.404447328637012],[72.18846900137649,21.403753907427593],[72.187537679872804,21.402536296564328],[72.18663650751536,21.40176510206101],[72.184836270750523,21.400669234768149],[72.183217396249759,21.39936246924805],[72.181992010384178,21.39822482548805],[72.180302097086837,21.396708179769846],[72.176796163775791,21.393675343028629],[72.175866572190031,21.392799132198473],[72.174387193042406,21.391294708299451],[72.173724431786738,21.390496214043917],[72.173145335624071,21.389592311289974],[72.172792116035438,21.389015843944655],[72.172312692480148,21.388439881632372],[72.171791623678729,21.387956020815196],[72.171242812094164,21.387537938013946],[72.170876899507519,21.387250459421043],[72.170397249906529,21.386621957132512],[72.170227839643573,21.386373092853052],[72.169939933211836,21.385899817709909],[72.168769574817233,21.384356974604763],[72.168766919847428,21.383772720055614],[72.168914923822655,21.382951000592204],[72.169262079413429,21.381433684763554],[72.168174841951299,21.379622057898622],[72.167762925421769,21.378962071995844],[72.16685276805444,21.377461486089015],[72.16656781468069,21.376597699943581],[72.166202484238582,21.375715429670556],[72.165255019612843,21.374835466961187],[72.164226847692859,21.37386180507114],[72.161463585298705,21.370939513465206],[72.160233807488154,21.369759791194415],[72.158479295395196,21.367942829631776],[72.156523514141796,21.3659950172378],[72.15571717939126,21.365227260860095],[72.15530811880987,21.363517818652468],[72.154553249972423,21.36077557813605],[72.152577878651982,21.358903001890688],[72.149854361558667,21.35577351913583],[72.149653815166431,21.355811900334707],[72.149079453351334,21.356270816997331],[72.147695205106032,21.354626585253001],[72.146393480426212,21.353081535205309],[72.144877809040054,21.351958509192404],[72.141716610142751,21.348786239940363],[72.138160773806419,21.345817589330377],[72.135182590578808,21.343318436994917],[72.131099947293791,21.339054277904609],[72.132182168772644,21.33830598708435],[72.129859497756314,21.335589501898696],[72.127556348564511,21.332758580976211],[72.126188237252251,21.330775773517146],[72.124805103514888,21.328765010783346],[72.124022839629887,21.327507972603069],[72.122095881538769,21.324071265969248],[72.121043618433021,21.322549222504751],[72.119390769216224,21.320315415726135],[72.119115251897483,21.31936493162571],[72.116876598217431,21.315189293851834],[72.1147754705068,21.31135292567534],[72.113608940224424,21.30878739674294],[72.112261498827692,21.306307468213785],[72.109777900461424,21.303088320050552],[72.108302732703621,21.302583948081327],[72.10611295774595,21.302021674327406],[72.106682752956374,21.300755202323291],[72.107092881004817,21.299220402567332],[72.110419833032068,21.294642020663183],[72.109857082668356,21.292086903840964],[72.107569084873177,21.288624747487244],[72.105272182201077,21.284448143645662],[72.100794713286476,21.279652372383985],[72.098273644325943,21.27969559378521],[72.097109594132419,21.279731541766747],[72.096409295296638,21.278384935178138],[72.096745748776002,21.275662307389648],[72.097521825233841,21.271193608517589],[72.097493442702913,21.270309823361448],[72.096672463929622,21.263637065057313],[72.094306380559743,21.261458967733837],[72.09288382183162,21.259417080461066],[72.090762186112826,21.256284401262487],[72.089139749326634,21.253871015860078],[72.086369673508543,21.24985665130599],[72.083875692455365,21.246608869422971],[72.082600162125516,21.245936924090334],[72.08264547455677,21.244524802149183],[72.083631896983178,21.242583949956185],[72.083557317411575,21.240251306940088],[72.083610165029086,21.238724468417779],[72.083955767512634,21.236810354166266],[72.085594415251222,21.234450313273918],[72.086296238987273,21.234668802101503],[72.086440998414702,21.234668299011759],[72.087078775682784,21.233832354684075],[72.087776126222991,21.232375752922003],[72.088964149244703,21.22950204023936],[72.089971029757578,21.227889237002262],[72.09048545723887,21.227247601171168],[72.092176558511539,21.226097725589877],[72.093848739526223,21.22539384672061],[72.094632350613708,21.224848196200373],[72.095373276567116,21.223973079924466],[72.096029767575686,21.222671700922859],[72.096604860204394,21.221700219913465],[72.097264451737544,21.221174384782042],[72.097946044429406,21.220978081987067],[72.098442081067105,21.220918157276984],[72.098930529301185,21.22089945963199],[72.099194114474159,21.220883982501785],[72.099364296478953,21.220781586190952],[72.09945664238542,21.220606757440471],[72.099699078100414,21.219195347741888],[72.100021225097663,21.21832169869587],[72.100607476794366,21.217563443624446],[72.101040349677589,21.217227443132725],[72.101489317836354,21.217036801616622],[72.102000375913946,21.216860479289203],[72.102525347192909,21.216291478840574],[72.102755959342261,21.215796236591672],[72.103123777797208,21.214718834381539],[72.1032778513502,21.214471074381724],[72.104065849005593,21.213755711920296],[72.104729304243534,21.212924458014175],[72.105409919763218,21.212500308771759],[72.105952506582298,21.21245473740899],[72.106634958072135,21.212481370599971],[72.106991275323324,21.212392839755999],[72.107870205200555,21.211168172296428],[72.108487939770399,21.210540652921384],[72.108718523398593,21.210045402884276],[72.108747928536786,21.209652669978706],[72.108417152583797,21.208403272351646],[72.108477215030064,21.207923178518264],[72.10894040029676,21.207427089965307],[72.10955841350679,21.206872274511255],[72.110052605729692,21.20637607108366],[72.110220134941315,21.205633837114203],[72.110169433009105,21.204616098287641],[72.1098240463823,21.203584881663623],[72.109573076209728,21.202887783642151],[72.109586374984474,21.202349690970621],[72.109769647705434,21.201665567331744],[72.110309266234452,21.200907447761665],[72.110850971838488,21.200658280196066],[72.111314964650731,21.200365766898653],[72.111685139832915,21.199884549330029],[72.111823258816969,21.199535047232047],[72.111665802343978,21.198953947379184],[72.111354363339231,21.198635156090695],[72.110733222622841,21.198419276240781],[72.110283008681392,21.198290027275359],[72.109337138284559,21.198293441195716],[72.108251236803326,21.198181019933351],[72.107630518447024,21.19806691933092],[72.106931914387744,21.197865845657272],[72.105892120469264,21.197651451143063],[72.105022125664675,21.197247399263961],[72.104166813740704,21.196639705522362],[72.103436500365348,21.196264229252808],[72.102908887479558,21.196164320279546],[72.102598770070259,21.196165426540677],[72.10199321637495,21.195964000208715],[72.100967477858234,21.195385980411981],[72.100579656687302,21.195343733938799],[72.099448379020401,21.195507710586142],[72.098750500285362,21.195481101362233],[72.097740692395661,21.195004797664463],[72.096995072166067,21.194672972493031],[72.095692007715257,21.194532153233954],[72.094620774764678,21.194201464953988],[72.092325426411236,21.193371375107578],[72.091991836875238,21.19292134953325],[72.091311788126021,21.192954847312986],[72.090846414034075,21.192738656968555],[72.089833771860015,21.192571051626498],[72.08828989752439,21.192311939642742],[72.087061044199089,21.192005044077014],[72.085329120799514,21.190330739044612],[72.085508845553363,21.1896299862068],[72.086168427020596,21.188616400601099],[72.086348268656607,21.187946763349625],[72.085965984993905,21.187761387629642],[72.084273721719896,21.187720570455408],[72.0827633282574,21.187523524754511],[72.082099707369807,21.187510253007503],[72.079124821559333,21.186120209602763],[72.078789410725662,21.185187850049154],[72.07845539628299,21.184613329806417],[72.07843632620893,21.183975497550311],[72.077672101491316,21.183682499693944],[72.075846392869749,21.183439792844624],[72.074699797695743,21.182930264608132],[72.074342523915035,21.182047092678889],[72.073669627494397,21.180816946653319],[72.073045308531775,21.180631065949466],[72.072688567005855,21.180527831406973],[72.071796755434164,21.180280185898713],[72.071463570855485,21.180511087691993],[72.070795434884204,21.180513344682719],[72.070460245200678,21.180222034636053],[72.069725616987853,21.180308066385166],[72.068767716776023,21.1802486255032],[72.068185394665036,21.17939414780448],[72.06807340121405,21.179227414712155],[72.065288094168764,21.178860753530135],[72.063949934791381,21.178363893545356],[72.062810403878757,21.177385921787526],[72.06263065764476,21.176968746051713],[72.061467219960775,21.175552181507623],[72.062086847681897,21.174505687927759],[72.06203938730998,21.173732963593586],[72.061038723963762,21.174133171698614],[72.057875402904216,21.173892971980088],[72.055287530543083,21.172689943045171],[72.053166513360907,21.171255571188137],[72.051984272307521,21.170737215258995],[72.050920851892897,21.170070328964933],[72.050705241800728,21.169837796063145],[72.050512590227953,21.169700602490007],[72.050229989918606,21.169690920451977],[72.049459466503748,21.169163345490663],[72.048902311558791,21.168771128449162],[72.047964806846252,21.167911904784816],[72.047193183218155,21.167080410064891],[72.04660261091837,21.166304868551872],[72.045892058966828,21.165685202205225],[72.045280785540001,21.163368955552855],[72.044375387003882,21.163032619741113],[72.043426281173552,21.163106348367624],[72.042071127115378,21.163407540906505],[72.041347183351903,21.163240233100229],[72.040788078909401,21.162817956585993],[72.039974749360724,21.162933638268704],[72.03943143618686,21.162709203616547],[72.038738762400754,21.162852765606502],[72.037169212687061,21.162207523539816],[72.036533860941887,21.161531035758887],[72.036513545091708,21.160075143939416],[72.036119817281985,21.159539242923671],[72.035305739100366,21.159442871791821],[72.035109944673863,21.159471762096686],[72.034582176886488,21.159374481785758],[72.033572001940726,21.159222179669456],[72.033298888340767,21.158700026939567],[72.032837847552884,21.15895435148785],[72.032729132489195,21.159114163763789],[72.030054296460548,21.158165743687935],[72.026540760075093,21.156969296411532],[72.024278769036741,21.155996716924037],[72.020147848911165,21.155314629379735],[72.019807538734582,21.155224549108752],[72.017326022725484,21.153956390106412],[72.016093949477394,21.152319884730719],[72.013247146650841,21.150733836493675],[72.011179021862574,21.1495896287752],[72.010022244040911,21.148636294613137],[72.009180082281702,21.14736306490104],[72.008728263182022,21.146612633071218],[72.00777591647693,21.14506634839859],[72.007780799678628,21.142936260524824],[72.008324606807832,21.142182838132467],[72.007757597580621,21.139689960787944],[72.008325326263375,21.138833949631472],[72.008455266474954,21.137774217676551],[72.010368331253076,21.136384085856321],[72.009585502365553,21.13468921768726],[72.008675477810755,21.134851424137871],[72.008144266463802,21.135730108564722],[72.008317270064339,21.13661806990843],[72.007544701407539,21.137930326129979],[72.004740974714551,21.138200693720609],[72.005915075365692,21.140714551364134],[72.004970901152632,21.141560286917219],[72.004123733042263,21.142371556191364],[72.002738789139158,21.142136467725429],[71.998037919864487,21.141523867067644],[71.997395143025997,21.141742181325554],[71.996596839744726,21.142655787121448],[71.994931553229193,21.145747565106557],[71.993431811693497,21.147517513921112],[71.992827274415177,21.14829384797795],[71.991946922816084,21.150118933361025],[71.990709543507151,21.150464248417006],[71.990550022648392,21.150667749905359],[71.990060021684613,21.150659788733304],[71.986691636254704,21.151101012256756],[71.985432258917882,21.151273478475378],[71.983693118013178,21.15151297085708],[71.980544589722641,21.151925302547482],[71.97770557662399,21.152195994412679],[71.976826280239138,21.152404845916955],[71.976376331536841,21.152415493468396],[71.975656844797911,21.152567605771566],[71.974297295662737,21.152693368242051],[71.973207791715566,21.152837126132521],[71.971898443535252,21.153028392908713],[71.970848665955046,21.153087599926689],[71.969839181658472,21.153240494146061],[71.969480319928024,21.153597951065723],[71.969751522628087,21.153981801281969],[71.970173699021416,21.154674789925451],[71.969934890479678,21.155050675324471],[71.969926045151652,21.155416541439834],[71.969656170535842,21.155454812812675],[71.9686859888767,21.155391838574676],[71.968377737632167,21.155946144644645],[71.968119394731033,21.156472170444967],[71.967638785128585,21.156276507595425],[71.967098001505704,21.156024726126955],[71.966657070383903,21.155725764805307],[71.966496986003975,21.155698064491727],[71.965947233845938,21.155774623454164],[71.965698413011282,21.15615053058935],[71.965608737486548,21.156253963454567],[71.965551905929928,21.157267219784867],[71.965545513357469,21.15842104553273],[71.965396686935577,21.158796677055737],[71.966878329778169,21.159317906414994],[71.967058565267223,21.159392453427923],[71.967689508737081,21.15969088830402],[71.968180395032178,21.159970947264732],[71.968232929113711,21.160260427986348],[71.968643358857079,21.160738775842979],[71.96925231869271,21.161828836378891],[71.969932994972282,21.163213762281512],[71.971352136986411,21.164353198925767],[71.972369270364936,21.165191302622659],[71.972558992647336,21.165500592970808],[71.972860360451705,21.166296431312503],[71.973137623025153,21.166930049682986],[71.973355141486223,21.168559684964759],[71.97342843101741,21.169348783301185],[71.972815247616467,21.169424265136595],[71.971408419507398,21.169708505250245],[71.970119504696399,21.169977652705356],[71.969278622194579,21.170171781227968],[71.967983226731448,21.170883530725643],[71.966670251484231,21.171543151480268],[71.966058708831525,21.171350004116572],[71.965253801977028,21.171839304325573],[71.964467199968368,21.172322820087729],[71.963910748132562,21.172163896089224],[71.962932574301206,21.171948821061925],[71.962828376796992,21.171840228581662],[71.962474996877944,21.172150637010816],[71.962285891806744,21.172242840456509],[71.962200645622687,21.172334759891744],[71.962251033721131,21.17282170641127],[71.962251532201961,21.172982156319001],[71.961409396387339,21.173293897740496],[71.960927375077503,21.173495776255507],[71.960127627264441,21.173687057362013],[71.959651393637884,21.17378576926847],[71.958759506308084,21.173816843045572],[71.958448331792212,21.173949486171999],[71.95753267501685,21.174198373302865],[71.95676320210309,21.174303600624537],[71.956494544726922,21.174355899680421],[71.956017638909643,21.174236847830606],[71.95505973567866,21.174657747736127],[71.953831681309737,21.174643856619767],[71.953257496584442,21.174679778983382],[71.952817615148618,21.174680957397609],[71.951457256306355,21.175360782554499],[71.95128704224598,21.175642026838428],[71.950321115877685,21.175438307149577],[71.950145448943346,21.175937320329577],[71.950524360553871,21.175976424108828],[71.950428048328163,21.176452304481746],[71.950183770797196,21.17648733742725],[71.949781736573996,21.176883805369396],[71.949410178831883,21.177257269744882],[71.948983996146325,21.177751216918082],[71.948740373012257,21.178004001544078],[71.948422846319104,21.178062147990158],[71.948178772808305,21.17816594242613],[71.947618016316838,21.178608669187643],[71.947251507410712,21.178632560673957],[71.946808000256169,21.179464642307408],[71.946796607178726,21.179739731955966],[71.946650336290759,21.179860456968068],[71.945857005117475,21.180171992839078],[71.945460509889841,21.180385063018107],[71.944533221969465,21.180851666631241],[71.944111770710776,21.180892887067909],[71.943959763074062,21.181139693825532],[71.943312984933911,21.181427911364782],[71.942879824077224,21.181641071702419],[71.942496307358994,21.182111969376283],[71.941855597819327,21.18238870471211],[71.941702989217816,21.182434946763518],[71.941183877844082,21.18251079754943],[71.941385960317817,21.182664991092512],[71.941661837432179,21.182979443034476],[71.941008953899669,21.183273398240253],[71.940923110485329,21.183170474809568],[71.940599001219667,21.183073902880686],[71.940152628203307,21.182954727054241],[71.939356930100928,21.182475442450706],[71.938634114975031,21.181846974254174],[71.937972859034687,21.181373064471003],[71.937881432089625,21.181447796632288],[71.937869810647584,21.18144803274328],[71.937556051810603,21.18189209688488],[71.936905978866946,21.182516962587421],[71.936875330359101,21.182546422478008],[71.936103719479618,21.183545731254295],[71.935580266059674,21.184113458080869],[71.935044004944174,21.184792029212421],[71.93435067073375,21.185631065467813],[71.933657723757278,21.186605535949944],[71.933291787929136,21.187172851586009],[71.932964875333681,21.187616941002808],[71.932336692144801,21.18829573906434],[71.931983947025543,21.188887643243163],[71.931630841642743,21.189356422138722],[71.931539872597853,21.189676780641733],[71.930937074495347,21.190060007626503],[71.93064896319153,21.190306992925354],[71.930505941249905,21.190787546602838],[71.930269949728014,21.190898960486507],[71.92995557871123,21.191146011471066],[71.929681197234004,21.19160227349467],[71.929432146388734,21.191738344519781],[71.929169717680836,21.191788261332366],[71.929040991082616,21.191747325523373],[71.929035265211539,21.191745504660179],[71.928916214801049,21.192043177433096],[71.928863540057762,21.192454202646854],[71.928702275813293,21.193035293211263],[71.928679355375294,21.193562548908346],[71.928786633191464,21.194035990451557],[71.928845227744461,21.194578320332809],[71.928962131548772,21.19556365359071],[71.929028631969814,21.196021917265977],[71.929029271643543,21.196243491343953],[71.929209502196102,21.196586857980943],[71.929349019680274,21.196937968397563],[71.929448000477265,21.197357946569841],[71.929505803955394,21.197625218540125],[71.929678022641895,21.198014448183521],[71.929825910919831,21.198441942212259],[71.929923943555906,21.19853337925473],[71.930332060126105,21.198792118579835],[71.930691382818935,21.199081543431483],[71.931287556081102,21.199569016997035],[71.932038733156332,21.200124856884742],[71.932610361576693,21.200574185689902],[71.933231145304191,21.201115072847166],[71.933892670805065,21.201655852987937],[71.934415515202204,21.202135862854703],[71.934619313899347,21.202173541321027],[71.935395115786008,21.202782786098989],[71.935932291050761,21.202590387484921],[71.935989659903512,21.202704847388869],[71.936552152199312,21.202810362143726],[71.936612530718733,21.203948644961457],[71.936694949829885,21.20426933411213],[71.937477006120162,21.204229107880941],[71.937615830254103,21.204335715679516],[71.937755577750863,21.204755582586209],[71.938042141308074,21.205228552359674],[71.938564921426746,21.205677986863243],[71.93909571687395,21.206081555692176],[71.939732525909989,21.206515408923341],[71.940458895755455,21.206926104577299],[71.940817940267451,21.207108540441045],[71.941175215443209,21.206695019387137],[71.94187040840086,21.207579502666995],[71.942344890442527,21.208220064419702],[71.942933058939218,21.208730437781096],[71.943039527759481,21.208913530991076],[71.943456869956847,21.209516036673328],[71.942784423767336,21.210801408127011],[71.942476054055945,21.211222444851959],[71.942387223099345,21.211490095697002],[71.942151887142856,21.211811613766795],[71.941608016214246,21.212500683474822],[71.941567844064735,21.21269180145536],[71.941195758183468,21.213609636052997],[71.940798515559806,21.214540831959745],[71.9395323652804,21.216733866660061],[71.93878290515724,21.21817246678787],[71.938610845947252,21.218485732964119],[71.937307698538234,21.22072519061788],[71.936520310500342,21.22188581754035],[71.935396534814259,21.222108851714864],[71.934556917037256,21.222319561283577],[71.933963983119995,21.222379016107407],[71.933160923438365,21.222415836396618],[71.93325245755949,21.22414189934042],[71.933291184619776,21.224709508542791],[71.933448296289058,21.227733021761399],[71.933577721640702,21.2297370472089],[71.933592787624065,21.23066387904316],[71.933870978882439,21.232829723462267],[71.934454210384573,21.233662405916043],[71.935669850516874,21.235234950285726],[71.936563504783493,21.236565015458048],[71.937580956460224,21.237964269595825],[71.938425247951585,21.239306037885143],[71.938872492272267,21.240104299471355],[71.939006633123753,21.240368013647043],[71.937621794493481,21.240525008433501],[71.936814887020688,21.24061913773189],[71.935746340681632,21.240765071409722],[71.935081022487367,21.24078724160378],[71.934067401497828,21.241065966650126],[71.933794764744178,21.241087120863419],[71.932716169368931,21.241529627880237],[71.93209528338366,21.241827786109564],[71.930678649546806,21.242312051562596],[71.929545080853302,21.242611508747572],[71.928596884439443,21.242890034564681],[71.927430405877743,21.243128202635045],[71.925904663077802,21.243612704777682],[71.925043424528141,21.243788726776462],[71.924498635620324,21.244004854015138],[71.924095182428331,21.244057001149876],[71.923517988140247,21.244385697569861],[71.92205836678437,21.245115433744527],[71.921742262358237,21.245198036012702],[71.920520980675434,21.245354482140783],[71.918699715697173,21.24550218358446],[71.917576025741724,21.245453837259554],[71.917567119188817,21.244925627570172],[71.91609733747157,21.244729190977637],[71.915670331242652,21.244660989206466],[71.915094742542593,21.244293048432613],[71.913731028293526,21.243865480986951],[71.913352972401768,21.243689423666712],[71.912046680650377,21.243246311753971],[71.911274780216829,21.243117381192747],[71.910127854450906,21.242916257154491],[71.909580325663967,21.242794468049734],[71.908649483470825,21.242571006624853],[71.907871828039262,21.242336909706591],[71.90717078101973,21.242102624255033],[71.906349496071144,21.241919925377967],[71.904848891691032,21.241441315220552],[71.904392503796885,21.242632566168055],[71.904231508673931,21.243792328228142],[71.904442856773585,21.245043537219349],[71.904652500071307,21.245668892107336],[71.905541629367065,21.246641452791813],[71.906102783969615,21.247737918130063],[71.906711412356685,21.250178321095142],[71.906867618673701,21.251265499433206],[71.906851223077354,21.253266229742216],[71.906679236251065,21.254405499204605],[71.906311058156206,21.255842779834946],[71.905864966266506,21.256808289519675],[71.905387241350368,21.258215051786802],[71.90546857388523,21.259938527042351],[71.905724694014083,21.26153846193133],[71.906333547698267,21.26273822891357],[71.906348845320679,21.263010957280386],[71.905627472231828,21.265235731511602],[71.905309586530421,21.266041153614172],[71.905182671252092,21.267514390619631],[71.905435132424017,21.269382224276978],[71.905423757195294,21.270541503077066],[71.905674956463798,21.271945638192811],[71.905648023914125,21.272736721422593],[71.905548788178109,21.273691637591906],[71.905304495565474,21.274810561589245],[71.905059863465695,21.275806741763272],[71.904407550493843,21.276708433017276],[71.903577039839874,21.277799625277144],[71.903129707526716,21.27846976815454],[71.902415105884742,21.281140245780609],[71.902088724859652,21.282050661835491],[71.901336130629943,21.282556139940041],[71.900454504767097,21.282806321223081],[71.899893305974047,21.282905384234695],[71.898746438045904,21.282953209441239],[71.897166439955356,21.283002048832522],[71.896131742122392,21.283004485728739],[71.89610767938035,21.283004542325109],[71.896100644723063,21.28337292422102],[71.896328896373873,21.284740601221106],[71.896441935915547,21.285018488516538],[71.896996516292901,21.285438170888177],[71.897125155746082,21.285550632439243],[71.896695869737854,21.286987516750951],[71.895657526902326,21.288636326442685],[71.895090149001845,21.289434530211103],[71.89508081435946,21.291945448632269],[71.895105983312405,21.292358860478572],[71.896244813358777,21.292973037798941],[71.897671783003688,21.29394733299085],[71.898237600104395,21.295468888374266],[71.898389884929529,21.296145369243462],[71.899175331494064,21.297271576971596],[71.899311801478817,21.299517989178771],[71.898792725305896,21.300459276599049],[71.898806637126739,21.301897530223073],[71.898857731619728,21.302245230038846],[71.897958594592311,21.303610440491692],[71.897929411968292,21.30394892979659],[71.898422694842168,21.304596401464497],[71.899036968043276,21.305469198178354],[71.89985434546719,21.307253364151343],[71.899718456251705,21.308936386811389],[71.898628481674251,21.31022684904698],[71.897928944253465,21.311224964001099],[71.897367517260065,21.311357898792721],[71.895582911609566,21.3117569279271],[71.894380044132248,21.312116973249672],[71.892946787180222,21.312609156149488],[71.890841853182692,21.313281499436272],[71.889038131952873,21.314056526394058],[71.888767836859159,21.314273364166699],[71.888107403097109,21.314914127286048],[71.887115312637405,21.31533003800433],[71.886182647278801,21.315454389127417],[71.88482001996114,21.316124951848963],[71.883698152901189,21.316794954588076],[71.88274567868423,21.317022738152279],[71.881893232053159,21.317137482524924],[71.880940849671319,21.317402857964744],[71.880179851180216,21.317968613571676],[71.879910430585156,21.318533256102175],[71.879862904800063,21.319558024676009],[71.879735384725493,21.320686379923956],[71.879848740645997,21.321851793280906],[71.880111232560594,21.322490438122649],[71.880215165657404,21.323890886133039],[71.880136695405653,21.324586704667293],[71.880320021272965,21.325648552795677],[71.881006760710974,21.326637306958435],[71.880800042385033,21.326781193650046],[71.880396565003053,21.327440144268092],[71.879360792454349,21.327315938845818],[71.879198787585082,21.327341613428871],[71.878767358822415,21.327637859070002],[71.877965925016184,21.327605917124004],[71.877416579134049,21.327564969287319],[71.876993309642998,21.327532173382981],[71.876470803803116,21.327423671239949],[71.875957410030182,21.327357328980149],[71.876045922946787,21.326758148140478],[71.876368340792112,21.326082516393157],[71.876511239798248,21.32562663196434],[71.876259069374584,21.32560188729812],[71.875997852273017,21.325560289721874],[71.875835913122458,21.325611270047251],[71.875565670869022,21.325561255590411],[71.875260078510266,21.325772847397726],[71.874575148026068,21.325521283181132],[71.873415047710367,21.326072228348117],[71.872721115049004,21.32582067655774],[71.871883124172754,21.325569440539105],[71.87182026768096,21.325637070612093],[71.870820169001789,21.325369314879627],[71.870810720210812,21.325192171646702],[71.870819639205749,21.325158406440057],[71.870287338142944,21.324729323857579],[71.869845584497412,21.324502513659894],[71.869190232791311,21.325271664924344],[71.868045281812002,21.324683627869593],[71.867251987799577,21.324297288517894],[71.866954571755528,21.324179828388811],[71.86616178542161,21.323995956029499],[71.865450013270419,21.323803467467908],[71.86463034472483,21.323670264593964],[71.863801757082996,21.323570822564278],[71.863036050930361,21.323412185953206],[71.862629104122234,21.3226875342806],[71.862194943675902,21.321878576190151],[71.860485501350198,21.322388432911758],[71.858848076038598,21.322898118701794],[71.856454942227785,21.323662484143156],[71.854835617408611,21.324222711125568],[71.853422901903755,21.324588451362086],[71.853928770008636,21.325279171857019],[71.854019414804498,21.325532072909368],[71.854200847046727,21.326096929298142],[71.854300962407649,21.326543847286349],[71.85399596412222,21.327016927786364],[71.853656322742083,21.328063755370181],[71.853531358558428,21.328519583416554],[71.853145822344288,21.32920374149391],[71.853120485607306,21.32990401526742],[71.852718407652546,21.331204063616632],[71.853070679478947,21.331667325599742],[71.853305737310507,21.332063342068093],[71.853802222265315,21.332585353985213],[71.854217469875266,21.333023171686733],[71.854254742617158,21.333546149180702],[71.854066543267052,21.333917746746963],[71.853878423912832,21.334323089476719],[71.855633435550146,21.333973493669564],[71.857181707509611,21.333776173984749],[71.858262059481191,21.333706383790091],[71.858112590122104,21.335191505868391],[71.858095543692443,21.335588052188264],[71.858960172151669,21.335670571705503],[71.860203357757626,21.335904130785252],[71.86117637267445,21.336121388632343],[71.86157345698571,21.336483299212752],[71.861376888027579,21.33710801404149],[71.861586782926224,21.338246473685917],[71.861697092373902,21.339165801441826],[71.86156322233299,21.339655399349638],[71.861401799973805,21.339925710608178],[71.861241864593822,21.340803437569203],[71.861108363408619,21.341444889012664],[71.862723037478958,21.342588758259922],[71.863877695621525,21.343413026260432],[71.864355808814196,21.3437578814037],[71.86412241039136,21.344053660307022],[71.863700510697115,21.34459450174672],[71.862802505906018,21.345608807555053],[71.86229951006095,21.34613294784619],[71.861437506759486,21.347147168763758],[71.860826666201476,21.347764336705975],[71.861665448718369,21.348294024318932],[71.8619813963723,21.348605489452797],[71.862621139000623,21.34875596440196],[71.863062830445173,21.348932174125629],[71.863458352981297,21.348644482441323],[71.863511989001523,21.348484075436492],[71.863790941763071,21.34839910795505],[71.86383632158865,21.348542427904704],[71.864728107046218,21.348650166943468],[71.865160670027379,21.348775772756213],[71.864379135118568,21.349553615262298],[71.865406716868819,21.349947892368288],[71.866335015126154,21.350249579655404],[71.866749573517495,21.350375220541373],[71.867804246252291,21.350794732730598],[71.869102386234971,21.351340248809421],[71.870166120121965,21.351776598760551],[71.870229263753231,21.35181864139329],[71.87081690580959,21.352728471777052],[71.871133689302894,21.353360498871513],[71.871288312449138,21.35396757475819],[71.871649362718415,21.354295794104114],[71.872289054169116,21.354412486405096],[71.873398873176441,21.355253658108975],[71.874518139198869,21.356263528188403],[71.874320957543731,21.356635167205525],[71.875105804185679,21.357164906139062],[71.875728402545079,21.357635949932497],[71.876343119396807,21.358545699067029],[71.87677805049951,21.359582394421299],[71.877213938079294,21.360990285444181],[71.878226026747512,21.362204192938343],[71.879155780381353,21.363349329728234],[71.87972011044549,21.363978516075544],[71.879554847869429,21.364071908674958],[71.879778155314099,21.3650946118387],[71.880066014573742,21.365476371525318],[71.880772939203538,21.365774497299174],[71.881391597568509,21.366072820587643],[71.881057244075791,21.366143380195052],[71.880758391726033,21.366348701049574],[71.880516726606487,21.366766113937317],[71.880784429236897,21.367030784656656],[71.881263177521362,21.367552674072829],[71.881506687016156,21.367847715969329],[71.88225303070233,21.368588795548636],[71.882893896077903,21.369216421883252],[71.883203189317882,21.369913017128194],[71.883511459228316,21.370215487442135],[71.884111602124221,21.370737090885235],[71.884534168042805,21.371425844833993],[71.884720236923613,21.371410259756125],[71.88483403528106,21.371607062146577],[71.885012626939542,21.371826453909584],[71.88574300371954,21.37263576795398],[71.886140651605217,21.373074456135143],[71.886481460439384,21.373437480681403],[71.886668148582714,21.373656851931582],[71.887073814119503,21.374065201897928],[71.887519402532163,21.374268816167682],[71.887820636664117,21.374965420679302],[71.888031824097794,21.375268106562945],[71.888210724751104,21.375601184246257],[71.888688827068037,21.375857775527017],[71.889321098505548,21.37627317416716],[71.889411372713738,21.376750463671716],[71.890076098278627,21.377196101425699],[71.890101177545532,21.377499217017185],[71.88998035967299,21.377711719542312],[71.889521741946595,21.37870567912147],[71.888997219496787,21.379260188134406],[71.888277942202691,21.37961050393303],[71.887632368876297,21.38029413767023],[71.887107534666811,21.380734951364889],[71.886356354235346,21.381267236924181],[71.885879708480189,21.381571507622962],[71.885327473322008,21.381595514773938],[71.884962757961404,21.381380340557588],[71.884575103699163,21.381676824041438],[71.883901395327058,21.381666997817412],[71.883494686374547,21.381639505320262],[71.882695225118155,21.382283680379604],[71.882288809919842,21.382369874528269],[71.882191850203398,21.38242694052698],[71.882095037980335,21.382540851243018],[71.882058976825675,21.382677361621298],[71.882035334400925,21.382921849416366],[71.88228868163138,21.383099387017921],[71.881496047093648,21.38326035747124],[71.881132461580421,21.383480984880634],[71.88038910253259,21.383922274062751],[71.880203252278889,21.384028806198671],[71.879936380161752,21.384097624891723],[71.879118679384518,21.383955467023657],[71.877807054306658,21.383700727879997],[71.877345420888219,21.383557759125353],[71.875329827099876,21.383327320367762],[71.874933302627596,21.38332820694497],[71.874617585752588,21.383283436065064],[71.873548647341977,21.382990224630241],[71.872091742352566,21.382879771659951],[71.871120435236591,21.382790970674833],[71.870926315290674,21.38282929671351],[71.870969145710191,21.383769041950035],[71.870696658915875,21.384823174366879],[71.87042247040857,21.385202747632903],[71.869443189534707,21.385167010218069],[71.869017292946438,21.386365485371261],[71.868655446573371,21.387290961938987],[71.8694846369266,21.388782269800533],[71.870330106025932,21.390303854547099],[71.870226140325812,21.39079674168816],[71.870065848611219,21.391418601937382],[71.870392517824271,21.392592679628738],[71.870063265891048,21.393609038791819],[71.869532561332761,21.394974491113011],[71.86926690731957,21.395538474209882],[71.868933916991836,21.39614555464178],[71.868654041925922,21.396419026516952],[71.867694448337417,21.396734412857196],[71.866855263435042,21.397736724246229],[71.866348722871535,21.397990476455981],[71.865884665264332,21.397971278068045],[71.86459086346207,21.398418750996655],[71.862550411269964,21.398029049094379],[71.861211647677848,21.397748975963776],[71.860164266367974,21.397478372293396],[71.85931109886495,21.39719724019935],[71.85856530052925,21.396693546575879],[71.857874813408657,21.396745550559064],[71.857356438225395,21.396574857401337],[71.856589607169653,21.396293527302422],[71.855748979304323,21.396729862203202],[71.85558892551812,21.397478031004173],[71.854833980966319,21.39765142881043],[71.853820248195376,21.397906215896157],[71.85331475217447,21.398604582091984],[71.853367593517248,21.399154181627985],[71.853388182778048,21.399949976358023],[71.853529941720495,21.400649315367218],[71.853615102912357,21.401112645817058],[71.853785384888866,21.402021815634928],[71.853907944339582,21.402502557862238],[71.854068111954405,21.403088166180439],[71.854143411056441,21.403332880286797],[71.853499210541187,21.403404203592533],[71.853154771627899,21.40385969392565],[71.853230279745517,21.404191862684613],[71.853669494680048,21.404313373253498],[71.853784169139459,21.405397569336991],[71.85345916119276,21.406167856039108],[71.853333473471338,21.40638480125855],[71.854227132925914,21.406395964785812],[71.856071405746818,21.406147195068741],[71.857596983544042,21.406266378867304],[71.858788620183958,21.406454281148157],[71.859877908054912,21.406370325399251],[71.862028666315041,21.406705780859756],[71.863801575247621,21.406974011762578],[71.865791610348126,21.406928870668999],[71.866328888875771,21.406846076656588],[71.866402199657813,21.407117985546758],[71.86609781953932,21.407390719695943],[71.865953434215001,21.407744724809401],[71.865781890596949,21.408860582483413],[71.865783143158467,21.409363907510873],[71.865480313305611,21.410262395944169],[71.86517731082813,21.411092866903207],[71.865717854642625,21.412315998686715],[71.866070096299154,21.413757194987831],[71.866114864166775,21.414233217758476],[71.868032530454158,21.414256224211535],[71.868409591200717,21.413996930323222],[71.868889058184877,21.414023082489386],[71.869121767309849,21.414131397617652],[71.869530274841779,21.414824272786763],[71.869690862461354,21.415136797698516],[71.869908601390364,21.415068300014294],[71.871293338881031,21.416901701477688],[71.873397892407652,21.416135232798723],[71.8754443489332,21.415382471492531],[71.875996318924791,21.415354027068332],[71.877593244138581,21.414928730072297],[71.877999833843873,21.414859796294344],[71.878769289938646,21.414667610904715],[71.879785742576388,21.41448846585352],[71.880569897658177,21.41436425606723],[71.88163010415812,21.414253017641954],[71.88244359396063,21.414237559720764],[71.883053560448161,21.414168149478275],[71.884346803657749,21.414287619282977],[71.88481139018873,21.414177725742494],[71.886133510416613,21.414229098321606],[71.887179470655923,21.414226685036265],[71.887862214271536,21.41421150283956],[71.888791632485677,21.414086918417343],[71.889765135762033,21.414152674174666],[71.891029473750564,21.414326573224862],[71.891624509997129,21.414107529105149],[71.893321826119603,21.413219332199063],[71.893669893790999,21.413000860321244],[71.894799462049988,21.411678672013927],[71.896003036992454,21.410873231096598],[71.897394748187992,21.409808870794929],[71.898002330857452,21.408868793525123],[71.89892923219206,21.407832730489371],[71.899943908482541,21.407027711057196],[71.900639252131711,21.406318672967561],[71.902106122661635,21.406206333448822],[71.9033115529828,21.406108213736992],[71.905837943326333,21.405666807317576],[71.908669899479605,21.405415066093937],[71.908768255257343,21.404217726303497],[71.909114688497127,21.403427883457432],[71.909795406555105,21.402705240182812],[71.910737699447637,21.402022763799643],[71.910676518098839,21.40092103730148],[71.9110542667093,21.400947318460435],[71.911124157716472,21.399967701360548],[71.912621495452058,21.400385729058076],[71.912573261899652,21.398726231402403],[71.913139188908232,21.398520786802148],[71.913720137401029,21.398492147617151],[71.914272455911643,21.39861321469111],[71.914534454129637,21.398803014958784],[71.915100570553037,21.398665580360241],[71.91550859516326,21.399127085726928],[71.915727518698048,21.399493835134873],[71.916440126323991,21.399791341786546],[71.917122103213018,21.399531181896517],[71.917803150103254,21.398944539812991],[71.918309342646651,21.398167883582552],[71.918424463621506,21.397786700941886],[71.919470923506452,21.39800174097957],[71.920347054103431,21.398197074908225],[71.921153159103255,21.396688275101436],[71.92176898077058,21.395325047132729],[71.921946689742413,21.394956276728568],[71.922597736708965,21.393414375960436],[71.923106499530675,21.392129541863103],[71.923649848644658,21.390442811330953],[71.923850545758768,21.38978378648131],[71.924063029651421,21.389080086287379],[71.92495730268746,21.389245242904565],[71.925275744515559,21.388094819958287],[71.925294930797918,21.388100637496205],[71.925295606901912,21.388100842499941],[71.925460225131403,21.388150756842535],[71.925545756102736,21.388167886116388],[71.92628004236235,21.388314939540201],[71.926828945434707,21.388436232031495],[71.927206072256553,21.388611636387449],[71.927369840269947,21.38861888724534],[71.928246103140651,21.388693332621731],[71.929024119285003,21.388768024713432],[71.929467755089249,21.389288314450457],[71.929752922782342,21.388812167215697],[71.930391733674753,21.388879541511503],[71.931367393465109,21.389344784127623],[71.932220474379065,21.389887016972796],[71.933098101109493,21.390421513966594],[71.934303253206522,21.390962826509028],[71.934622879338363,21.391069350716769],[71.935548488591891,21.391212641855155],[71.935777963559374,21.391288725884387],[71.936301549533212,21.391149340593486],[71.93716131956505,21.391177773951323],[71.938053885185937,21.391221453259849],[71.93811879084295,21.391021915579085],[71.93860182512374,21.391012985163968],[71.940174220311093,21.391146890157774],[71.941115680907131,21.391113744801363],[71.942106357596103,21.391111136459426],[71.942744767863729,21.391040440473333],[71.944103923309953,21.391052183286103],[71.944382156090683,21.391005438357876],[71.944446265444839,21.390545188407696],[71.945125585618385,21.390466707000613],[71.946124421529063,21.390456385336009],[71.947188919268427,21.390499558675433],[71.947958742157056,21.390566516486547],[71.948418065986573,21.390614066141008],[71.94906805175269,21.391655174860976],[71.949331454799008,21.392114549217634],[71.949768625296002,21.393171560856985],[71.950081322796393,21.393684477637532],[71.951319759245123,21.394371268919642],[71.951683699536233,21.394682120815656],[71.951915025435213,21.395356280903847],[71.952243065234612,21.395529204396116],[71.952582651852325,21.395906575818397],[71.952900217497273,21.396222662064709],[71.953761956412279,21.397100234260812],[71.954273614335932,21.397737208944971],[71.954513995123023,21.398024107085387],[71.955005777943114,21.398189552082915],[71.955590351574671,21.398573281128691],[71.955928918884439,21.398836906393008],[71.955972653874667,21.399078328999021],[71.95602858162448,21.399290963481921],[71.956145936341031,21.399509181831494],[71.956706097421986,21.399938981116048],[71.956996203766948,21.400415522625632],[71.957408755401232,21.400770958861649],[71.957821541799262,21.401201156216882],[71.957754492464005,21.401362366899139],[71.957725237678844,21.401828276630511],[71.957708228956392,21.402282650931426],[71.957699115627889,21.403300600183936],[71.957645654138119,21.403881595577921],[71.957396482152191,21.404721919292456],[71.957329681277386,21.404963642866043],[71.957251223971127,21.405406682633668],[71.957233712762644,21.405700030557711],[71.957204151680401,21.406068174118083],[71.957934646239067,21.405968413472273],[71.958272661265227,21.406048003518716],[71.958758208310797,21.40617319705354],[71.958735635648779,21.406811617830769],[71.958736586823093,21.407116417258003],[71.958829423021712,21.407346202431366],[71.958942568543847,21.408179784939101],[71.958819725471159,21.408174370255328],[71.958847934880936,21.409341742060928],[71.958910335497109,21.409657875118249],[71.959238287102991,21.41044486104942],[71.959950845686393,21.410494665946292],[71.959933249487491,21.410759259244319],[71.960092978931755,21.410776073780216],[71.960256652646322,21.412052341461745],[71.960411827622835,21.412575254157751],[71.960480680905803,21.412989135312266],[71.960556919730962,21.413799813466653],[71.960638688055838,21.414414943131899],[71.960719826008742,21.414828790306739],[71.960937882601911,21.41581735831604],[71.961111164157842,21.416236702695496],[71.96120948376651,21.416253685037105],[71.961488601001378,21.41712706454129],[71.962172655361769,21.417867054642471],[71.962332226862358,21.418091349004339],[71.96231366265603,21.418748236714304],[71.962149402767821,21.418999833211803],[71.962078530107704,21.419425040495948],[71.962606667141714,21.420070760143869],[71.96302142684992,21.42074576944675],[71.963466833064771,21.421324099278504],[71.963859626504714,21.421574155450326],[71.964377677079128,21.422287512514938],[71.964359457798466,21.423050651917951],[71.964465977026421,21.424112885353711],[71.964622642051438,21.424720990020422],[71.964655270986356,21.425252163781266],[71.96459429125747,21.4255421134134],[71.964512312441485,21.425716209056137],[71.964557304702112,21.426894524842456],[71.964569362710691,21.427445074226384],[71.964539208506636,21.427696300890574],[71.964625742313558,21.428961435259545],[71.9647406894791,21.429424764926971],[71.964803963669056,21.429859259856983],[71.965012800170456,21.430650746357315],[71.96524071097204,21.430949553031645],[71.965800865084589,21.431913930195588],[71.966154295776718,21.432753309406039],[71.966486606170164,21.433438197141811],[71.967046255763648,21.434238362257297],[71.967191181455817,21.434392507380444],[71.966053536105207,21.435326739489064],[71.961830391156624,21.43904290564592],[71.959551893795165,21.441914347157493],[71.958093947282464,21.443340775355427],[71.958502801775921,21.443742587478312],[71.958915420827239,21.444537838898942],[71.959644697305762,21.444585611830181],[71.959866066893071,21.444940531481468],[71.959881702712053,21.445082699584805],[71.959814773679696,21.445537958830695],[71.960021445524774,21.446049350729435],[71.959688620961259,21.44648400878528],[71.959735595438218,21.446931844524748],[71.959790900845931,21.447614305519433],[71.960703526406192,21.447995765653619],[71.960476742303484,21.448337696141081],[71.960638005525098,21.448898985786137],[71.960874664073316,21.449282303900215],[71.961141280210214,21.449530438685343],[71.961628876329456,21.450005501161943],[71.962009222961896,21.450189325831694],[71.962320764540536,21.45023112877232],[71.962337098225618,21.450593721528339],[71.962231660153222,21.450878434639169],[71.962376845668118,21.451155344867544],[71.962977932841895,21.451487878663244],[71.963327836112697,21.451650452805541],[71.96361744914995,21.451962514673944],[71.963915401071745,21.452509200838954],[71.96399978299813,21.452772056999656],[71.964214683209107,21.453475404741482],[71.964383337038782,21.453965564206772],[71.96437711507393,21.454399324532734],[71.964341118894993,21.455025152080392],[71.964426471508062,21.455593758476383],[71.964458317768404,21.45605585521243],[71.96521830601796,21.456188844109906],[71.966745248304235,21.456255696972804],[71.968340597573643,21.456336565487696],[71.969002120394691,21.456555139141841],[71.969503613276217,21.456610616953089],[71.969830270489254,21.456623921077615],[71.96972550357323,21.457114842197196],[71.96940812548344,21.457627691480461],[71.969029137967638,21.457877623088361],[71.968656040204351,21.457594247177894],[71.968277551082309,21.458000607496043],[71.96801986495754,21.458179091934699],[71.967922051254433,21.458470897496696],[71.967150006775796,21.459326319299542],[71.967044164439329,21.459483046592187],[71.96668714054114,21.459476932374216],[71.966626713850758,21.459583758963117],[71.966293539996542,21.459911772568443],[71.966293992325859,21.460053982020295],[71.966089809947576,21.460338972429405],[71.966000943052876,21.461057384054964],[71.965995630163363,21.461775562853301],[71.965966693184185,21.462230717646097],[71.965952405460584,21.462515178799077],[71.966060218014135,21.46297706313068],[71.966059118580617,21.463119459654013],[71.966058958225503,21.463140228546553],[71.966054837712619,21.463673910353698],[71.966086600936279,21.464107564333361],[71.965440307649075,21.46391026902517],[71.965119233570405,21.46384476750141],[71.965102977780163,21.463841451180059],[71.964718213936308,21.463762955531458],[71.963752060090684,21.463303452193117],[71.962749032419353,21.463192461415812],[71.962171380087725,21.46308028985711],[71.961715308720471,21.462982001818752],[71.961023964646841,21.462948355948999],[71.960525200594077,21.463767441588587],[71.959888742878249,21.464281151308615],[71.958862344104872,21.463985327568658],[71.958626444951179,21.463850874309092],[71.957797636234332,21.463582944225234],[71.957295768211125,21.463413664058866],[71.957044036449872,21.46307304615247],[71.956694134512887,21.462917569931914],[71.956504479094988,21.462996303559354],[71.955736954996667,21.462891738291503],[71.955296300950423,21.462864496083299],[71.955199457990886,21.462866537278423],[71.955050073958418,21.462918939554093],[71.954374387656472,21.462728791652356],[71.954207503558408,21.462649251273213],[71.953766038887608,21.462206484874841],[71.95332110817877,21.462023705889116],[71.952962126902847,21.46200068022701],[71.95272715292667,21.462009315678117],[71.952265244328771,21.4618625769291],[71.951884764444557,21.461795610573017],[71.95160654618914,21.461636374632565],[71.951486713671315,21.461572703186338],[71.95132752810143,21.461217161057441],[71.951129655414888,21.460785729121735],[71.951136588325568,21.460261752046858],[71.951096608351136,21.459765899220233],[71.950826042231441,21.459314664387595],[71.950400520994819,21.458491875738929],[71.950347615775669,21.457960060225577],[71.949995692340849,21.457449047575018],[71.949878639326286,21.456897405912041],[71.949835386120412,21.456725535769895],[71.94950951961016,21.456350441183989],[71.949431179540099,21.455882688478169],[71.949318496481226,21.45536169878838],[71.949215515090643,21.45521798661456],[71.948656163817589,21.454867515003542],[71.948798123072976,21.454570142027517],[71.948938572054203,21.454171900991554],[71.948709438526791,21.453768885129879],[71.948506160623538,21.453763663949449],[71.94826661372349,21.453983419521943],[71.947645076395446,21.454169600193353],[71.947232553531265,21.454222598613615],[71.946705943068309,21.454471420880147],[71.945654742025241,21.454588207683798],[71.944804100234904,21.455139665803941],[71.944165709375497,21.456333010530894],[71.9435827794414,21.457567654424306],[71.943142706558646,21.458459966576314],[71.942503506211622,21.459394253007247],[71.941545439609385,21.46104436802208],[71.940422367029598,21.463047225481496],[71.939662637990068,21.464406666901166],[71.93873616583042,21.465538574849059],[71.937400373162504,21.466764808091867],[71.935864312659419,21.46765996379764],[71.934636441402091,21.467963661868776],[71.933163922626534,21.467894947031322],[71.93154996741626,21.468665919327862],[71.929494832140037,21.469997566586493],[71.926479355090052,21.472295321971089],[71.927023581505679,21.472905300572883],[71.928242833379741,21.473420290426468],[71.928354052227903,21.473596162244064],[71.92898822025947,21.474672200794984],[71.929598889085867,21.475282000084551],[71.930099252912584,21.476026788814554],[71.930156644588294,21.476720905434203],[71.930755860070676,21.47719602165785],[71.93142183933638,21.47778494703385],[71.931845306319047,21.478726809311727],[71.932100484398546,21.478912668624456],[71.932610964925203,21.479325834308181],[71.932912174270825,21.480102215549074],[71.933621201211494,21.480266172229495],[71.934076489711202,21.480731287119198],[71.93383431080666,21.481198212280027],[71.933473140757499,21.482608400686448],[71.933420607207765,21.483561853945655],[71.933711311264133,21.484524778926492],[71.933801354592234,21.485021927934145],[71.933836226370488,21.48558139290305],[71.933852026553623,21.487177121016263],[71.933908458549155,21.487539649268506],[71.933976822429017,21.488192286278107],[71.933897516351635,21.489621385725517],[71.934582295013655,21.490160632906537],[71.935172407063405,21.490833910212473],[71.93507541838126,21.491025071214512],[71.934655989574253,21.491958285300711],[71.934236315023369,21.492810444819366],[71.933999441672697,21.493246726169374],[71.93332985879573,21.494459926503851],[71.933323010959157,21.494728146480515],[71.933309035522228,21.495275542452092],[71.933368454775618,21.496049265926281],[71.933416284314063,21.496505856459816],[71.933301616171008,21.497020863988379],[71.933080431496734,21.498188596917458],[71.932949517606858,21.498449915973268],[71.932780558095686,21.498943315459648],[71.932688310186919,21.499182785818697],[71.932611897578198,21.499538206092051],[71.932404696834482,21.500198441219766],[71.93218893406106,21.500583219679072],[71.931772790993918,21.501316488820741],[71.931688842635481,21.501744422455513],[71.931596869300506,21.502078134121611],[71.931289554728011,21.502941610597059],[71.931174212018945,21.503231885746246],[71.930812026177762,21.503878019937751],[71.930395589771479,21.504517043716081],[71.93014214848732,21.505264388236956],[71.929711979848875,21.506505148546324],[71.929489412260267,21.507216165395416],[71.928994685087758,21.507579908580905],[71.927877753831993,21.507104311536477],[71.927801325720324,21.507459729537022],[71.926421560348174,21.507173281040302],[71.926176728372837,21.508225073862636],[71.925621766276038,21.509190663808326],[71.925452095235741,21.509452075752645],[71.925345010015477,21.509923561650275],[71.924864809189813,21.509961031301792],[71.924882472603826,21.510707677858665],[71.924720987654723,21.511121306287802],[71.925530261410827,21.511482321688632],[71.925662270935462,21.51203114514427],[71.926413626090365,21.512540251760864],[71.926479299162438,21.512700255644944],[71.926520876145943,21.51298235656802],[71.926710057651661,21.513569169058748],[71.926907012907705,21.514026298685415],[71.927266584962169,21.514345722034378],[71.927397979401363,21.514680983294134],[71.927554473974638,21.515237369438736],[71.927645405475246,21.515671887880437],[71.92763015233227,21.516030406109259],[71.927859918632919,21.516556095279164],[71.927942723284048,21.516998261509976],[71.928009740131273,21.517615894077977],[71.928263740037309,21.518065248266574],[71.928868416259263,21.518574719152983],[71.929220435179019,21.519092464823235],[71.929866031630283,21.519655217178244],[71.930160617010628,21.520043446033768],[71.93066756136686,21.520576043537961],[71.930840130137767,21.521048485173718],[71.930993677202878,21.52124243216101],[71.932063836416162,21.521438841702224],[71.932614930503831,21.521543520284325],[71.933271478951738,21.52170097634157],[71.933887755156576,21.521934324503441],[71.934040727130906,21.521623187709164],[71.93421057341682,21.521539376929752],[71.934590222977874,21.521189754787276],[71.93546300207629,21.520520527938796],[71.935858709633521,21.520125387045372],[71.936448850878776,21.519744894960155],[71.936925980001817,21.519493539690053],[71.937201071426571,21.519394292389045],[71.937678606608443,21.519279355950417],[71.938262071802654,21.519376352090813],[71.938571334299638,21.519868174844756],[71.939041271145243,21.519919992463056],[71.939300823292001,21.52004057356816],[71.939690266311516,21.52025933914571],[71.940275266386479,21.520864116986274],[71.940558640427881,21.520825474297041],[71.941708403028727,21.52069359269451],[71.942413049965239,21.520684147512711],[71.942986057768238,21.520000518106514],[71.943519643314886,21.519673204344901],[71.944448354149984,21.518768833600799],[71.945344863353867,21.517932754639638],[71.945884755305201,21.517021833847824],[71.946168120246725,21.516983181771558],[71.947058085452966,21.516662483],[71.947559391189714,21.516380716922686],[71.948012145075069,21.516114237651784],[71.948798484267925,21.516339495449358],[71.949317428578539,21.516527574423741],[71.949877244530811,21.516836805531351],[71.950671900080067,21.517130242913247],[71.951912708691282,21.517642260040272],[71.952350995010079,21.517936653638152],[71.95239586079019,21.517481971369961],[71.952870683808158,21.51721112096882],[71.953217691923328,21.516771355817028],[71.95356434784037,21.516218750594184],[71.953931722070735,21.51586669333042],[71.954178701550092,21.515577651909155],[71.954445700031513,21.515263480009349],[71.954706446552862,21.515093509566832],[71.955207488550528,21.514640782922147],[71.955568546304477,21.514414117460394],[71.955929700683015,21.51421879549649],[71.9562790795338,21.514543824150458],[71.956849340519838,21.514805558707025],[71.957823249693206,21.515605310629653],[71.958177625967451,21.51538492680244],[71.958411118905346,21.515070840635548],[71.95834078470709,21.514005319961122],[71.958728042756803,21.513590508667797],[71.959169837330052,21.513476453953494],[71.959477824191552,21.513419186513278],[71.959637974755282,21.513218140752304],[71.959830891366707,21.512785055122848],[71.95997707045106,21.512402249269559],[71.960421417521204,21.511563777440529],[71.960800030022938,21.510771457815309],[71.961083925253448,21.510157714438375],[71.961236392876742,21.509410596970564],[71.961188052333597,21.509187836026815],[71.960555170672052,21.508654635964877],[71.960196768409531,21.508298992834803],[71.960052804962487,21.507965047730135],[71.959775808261512,21.506985074618214],[71.959821973369742,21.50651686894135],[71.960023202161253,21.506126249277429],[71.95986747241443,21.505836915214509],[71.959901552658081,21.505313019088518],[71.959566733255784,21.504879296261873],[71.959995282935608,21.504822392839181],[71.960470942035982,21.504598187496057],[71.960959000354578,21.504529972808559],[71.961269688624498,21.504863456902093],[71.962056106513657,21.504995019813645],[71.962663854875615,21.505115929322304],[71.962911722585773,21.504413124689108],[71.963005548048713,21.503955930779441],[71.96319527945893,21.50369907596582],[71.963229276840906,21.503152889987941],[71.963262956359173,21.502506402287661],[71.963261297542275,21.501982604582626],[71.963247977075,21.501536852303399],[71.963199212879161,21.501180356139567],[71.963114370067657,21.500712512653582],[71.962993413931471,21.500122177126784],[71.962859915584062,21.499331270995011],[71.962703447634482,21.498807901929556],[71.962689776920655,21.498250703019583],[71.962388507725379,21.497125918732021],[71.96220731199314,21.496312854231743],[71.962801177285243,21.495820841699178],[71.961783064840759,21.493951342307355],[71.961519434052164,21.493428267789],[71.961839158865502,21.49285900242548],[71.962088288245766,21.492925027584484],[71.962156249672432,21.493086193053799],[71.962395483752445,21.493285333182936],[71.964103789591348,21.493409880518367],[71.964831970794535,21.49334909103078],[71.965415655475354,21.493510907134031],[71.966093475580351,21.493409851297525],[71.966319963090513,21.493548052299179],[71.966349251031971,21.493871914100403],[71.966279643839215,21.494196051901767],[71.966498984500177,21.494307828202807],[71.9666965643694,21.494241165510104],[71.967226782759468,21.494371905475472],[71.967616018575441,21.494595593655383],[71.967984401909888,21.494925116764467],[71.969015149917396,21.494737115920838],[71.969757652133723,21.494979640252524],[71.970359025620922,21.495268836234477],[71.971518458178906,21.49555645596136],[71.972564934841941,21.495864220358744],[71.973596838376821,21.49603318663112],[71.973872806535809,21.496177847991447],[71.974559218706105,21.496546120399863],[71.975139158015963,21.496756026747054],[71.975456632697629,21.496629512938799],[71.975760946002552,21.496800534787461],[71.976665749219748,21.496983065995042],[71.977104109710567,21.497100814176218],[71.977599933025999,21.497509284535855],[71.977860872786863,21.497376316710014],[71.978363417403088,21.497678988217825],[71.978660758600313,21.497876468962648],[71.978746544647066,21.498186943933639],[71.978754171213069,21.498358810169137],[71.978086145753977,21.499299496723221],[71.978277462209149,21.49947744823314],[71.978298741234767,21.499503831626768],[71.978828685469821,21.499541979902389],[71.979442966991414,21.499447662876893],[71.979888271073776,21.499525717165284],[71.980143796985317,21.499895203291164],[71.980737885711932,21.500105049112012],[71.981141241931709,21.500315442272772],[71.981812583123016,21.500386229069584],[71.981982168236172,21.500398961989234],[71.982228871559101,21.500232973061681],[71.982574865856861,21.500185696335596],[71.982722341954187,21.499920827175067],[71.983053333798267,21.499609149773832],[71.983378024539135,21.499528877629814],[71.983785255346206,21.49877403606402],[71.984241690137424,21.497946329041572],[71.985132206471761,21.498075966890852],[71.985584704838359,21.498193651585197],[71.986192988160397,21.49842326999638],[71.986864520648354,21.498553535716532],[71.987365633969787,21.498419853027045],[71.987492501967381,21.49833353888987],[71.988384656191343,21.498952373947692],[71.988958664479483,21.499492802746378],[71.989240855879544,21.499379588292456],[71.989622476191258,21.499424747693102],[71.9899607596371,21.499185757255198],[71.990541639256776,21.499666660698665],[71.990844778272077,21.499480660258065],[71.990695122324254,21.49909104673932],[71.990885255737339,21.498911989209638],[71.990977089695932,21.498911719327481],[71.991239084782961,21.499096059082603],[71.991549352500655,21.498929869633095],[71.991867350408924,21.498961988971391],[71.992127434280349,21.498577780888688],[71.992917793073147,21.498330841083227],[71.993185561118338,21.498131718680412],[71.99348229835104,21.498144064524567],[71.993664983782139,21.497852637696823],[71.994018143959323,21.497838371576329],[71.994348860943362,21.497453951221434],[71.9945812380397,21.497235098129707],[71.994509212133408,21.49682542500118],[71.994705954916313,21.496514122228504],[71.994908396953861,21.495799527038304],[71.995593134348468,21.495658664781583],[71.996221022243489,21.495418802545103],[71.996642870233117,21.495359459984059],[71.996875866695333,21.495181506704238],[71.997834165905871,21.494782772214851],[71.998388199374602,21.494326151851961],[71.998431608480885,21.494095583706361],[71.999214612680603,21.49413460681777],[71.999416278957497,21.494027647853787],[71.999547670562066,21.493678642772199],[71.999762083807838,21.493607097385873],[72.000246801055212,21.493192039060073],[72.000744223120122,21.49280057601009],[72.001513156498191,21.492420114169715],[72.001796264017472,21.492129738758656],[72.002263571675968,21.492163786833032],[72.002971171734387,21.492309375412386],[72.003047723754179,21.492539583545263],[72.003508902543899,21.492626824690564],[72.004108975502405,21.492713645567452],[72.004197789835771,21.492837459883933],[72.004899570772821,21.493124866076396],[72.005568909833258,21.493158294220937],[72.005665273284052,21.493182090990778],[72.005720687071147,21.493205564397556],[72.006073747447957,21.493035630292837],[72.006503347427611,21.493853518949376],[72.006712261618574,21.493986263138893],[72.006484357260874,21.494512501839452],[72.006499517472804,21.495205223234553],[72.006398161405173,21.49542052722893],[72.006220477683016,21.495707728032279],[72.006504437323912,21.496626575639866],[72.006047006629885,21.49721323069835],[72.006009131634571,21.497332788040822],[72.006176534194537,21.497762274320614],[72.006586058183899,21.498083528011335],[72.006461076681276,21.498848339579169],[72.006616091766332,21.499385361170276],[72.006962924327297,21.500029298840118],[72.00702793943195,21.500375484948563],[72.007181674650951,21.500542237821701],[72.007254674638915,21.500691741117762],[72.007215246886489,21.500956153220631],[72.007182673937876,21.501258300546755],[72.006920872504125,21.501384948774575],[72.006827389908807,21.501574012712471],[72.006922137224009,21.501749920102455],[72.007077401401503,21.501925643724675],[72.007105802851285,21.502359752056361],[72.007496433162288,21.502541053187805],[72.007484818777911,21.503069673088095],[72.007573149450806,21.503333696973783],[72.007728416120727,21.50350941990914],[72.007662332203253,21.503843132461629],[72.007711301585815,21.504390446144985],[72.007792690857286,21.504591564230424],[72.007746779275436,21.504925215445365],[72.007747303552065,21.505076237982422],[72.007983809374295,21.505409030399658],[72.008079260170405,21.505786300332765],[72.008113340495527,21.505918342744302],[72.008349279869606,21.506087526856298],[72.008538915728579,21.50647709509402],[72.008203620214218,21.506742407922172],[72.007942334520962,21.507020080340823],[72.007895920005708,21.507209001620115],[72.00727887666045,21.507670242054886],[72.007010339620507,21.507796910976566],[72.006514176914365,21.508213732894653],[72.006052286552645,21.508819229624894],[72.00575075548754,21.509128483985659],[72.005382479184888,21.509582671250179],[72.004900254416071,21.510144177695196],[72.004732338647173,21.510201319371284],[72.00538114849337,21.511143257389577],[72.005589934237989,21.511237015364419],[72.006392023912753,21.511775754215634],[72.0073151176435,21.512301536131009],[72.008049645710031,21.512746082026514],[72.008677042647321,21.512839348336499],[72.009687208855397,21.513261022551237],[72.009804162516289,21.513534396383189],[72.010188584700316,21.513854147982201],[72.0102150867353,21.514222187815719],[72.01042811554241,21.51456605997376],[72.010419940035703,21.515113546636595],[72.010806330236775,21.51599491072038],[72.010862831720033,21.516287346593465],[72.010964560464217,21.516532449051372],[72.010977072753676,21.517226176620873],[72.011463204802467,21.517781588329811],[72.011595147711304,21.518012439265306],[72.012115945204542,21.518383682420179],[72.012182587197188,21.518690245076009],[72.01236933373859,21.518727427930006],[72.013142665704734,21.51919700179738],[72.013759383719346,21.519591542197404],[72.014067876766219,21.519826567041136],[72.014134872217511,21.520232237031212],[72.014004732492324,21.520515807357874],[72.013885393261347,21.521002282480637],[72.01418844729686,21.521124055957003],[72.01489997606086,21.521225691318598],[72.015455350334307,21.521384439827504],[72.015924815883054,21.521496257130277],[72.016464594035995,21.521522904725114],[72.017832211555287,21.521735763849389],[72.018740467717109,21.521841491762189],[72.019390823730475,21.521759237922439],[72.019966413093812,21.521927347360766],[72.020778655751371,21.521981448854454],[72.021162080468343,21.522008568986045],[72.022050570013178,21.522227608210919],[72.022716782697842,21.522348229728191],[72.023286928604975,21.522403076985455],[72.023710670907619,21.522420625851307],[72.023978090987583,21.5224481034411],[72.024297641932279,21.522947365362171],[72.025614369733304,21.523028174553559],[72.02667953975623,21.523284388241642],[72.027880963667116,21.523559042085793],[72.028178376216403,21.523510906305273],[72.029415350475517,21.523851509246768],[72.029798644355509,21.523840853980715],[72.03005129610213,21.523967477755772],[72.030919103053208,21.524040231064223],[72.03154504880581,21.524179823055583],[72.033164883489121,21.524387032680579],[72.034002483000492,21.524474024816673],[72.034259124068157,21.524513917573962],[72.034567717607928,21.524561885364914],[72.036619908612124,21.525038875769123],[72.037166856282042,21.52509242270493],[72.037565323298963,21.524952873377345],[72.038481539734789,21.524963746254787],[72.038851012281015,21.524976380331601],[72.039339159118057,21.525113069740208],[72.039871586413625,21.525235787837747],[72.040729310990955,21.5254127570261],[72.041631317044832,21.525575751431717],[72.04217089895343,21.525634490782419],[72.043168919333738,21.525786794895311],[72.044211195245623,21.525918208760672],[72.045142955246348,21.526132936821053],[72.045985862200226,21.526296100554109],[72.046473502486108,21.526294504412139],[72.047250653248298,21.526654906222284],[72.048126619106696,21.526766100837644],[72.049024751734535,21.526877217901333],[72.05012268802075,21.527070631176656],[72.052030454906372,21.527468759164645],[72.052585850631104,21.52779875931871],[72.052907802321727,21.527942872157471],[72.053540153196778,21.528106694880709],[72.055004114494466,21.528371450751091],[72.055724856343261,21.528462381482022],[72.056711667306843,21.52857316149619],[72.057476623886544,21.528632827274542],[72.057761439925002,21.528646018224894],[72.057706436046786,21.529429129302112],[72.058312315667152,21.530214875318862],[72.058190668244094,21.531022505605328],[72.058401010178258,21.531663690106512],[72.057801475020156,21.532540997804507],[72.057504266360439,21.53365070729512],[72.058202369169251,21.534162867166938],[72.058532003424006,21.53397631529824],[72.059446510689284,21.53370832456822],[72.059719613763519,21.533548452603583],[72.060276001712793,21.533422952636379],[72.060464192294319,21.533272195493876],[72.061672773129274,21.533391763412787],[72.062069692763629,21.533522889902866],[72.062296484865712,21.533592772740803],[72.064431563350752,21.534106584934886],[72.064686945706001,21.534247014783585],[72.064970438737618,21.534334363761939],[72.065716447436074,21.534428975379168],[72.067471301501413,21.534246397915112],[72.068367740924984,21.534190361018307],[72.069256014773714,21.534461089518782],[72.070494685619693,21.535030864989476],[72.072006735281903,21.53551138519293],[72.07186778677638,21.536183007648827],[72.074022158146491,21.53678493811476],[72.074104322937529,21.53646272386321],[72.074233475484576,21.535657589566892],[72.075086504298952,21.535737183354406],[72.075807027876863,21.535769086354389],[72.075931984116565,21.535766362437737],[72.076079472373422,21.535885066455272],[72.076718832361323,21.536460583111001],[72.077014898880279,21.536973093264496],[72.077309073149749,21.537006463872711],[72.077566329516102,21.536998695667879],[72.079258713999138,21.537412366201018],[72.081245256998542,21.537852505344379],[72.081781030239767,21.537637429415565],[72.082671240389757,21.537820019634282],[72.083730910611351,21.538098299645309],[72.085576481648488,21.538208751448455],[72.086045897236204,21.537945751114698],[72.086405626428231,21.537827566355421],[72.086883606535068,21.537867151410591],[72.087979180891836,21.537932069972793],[72.08877439140295,21.538252515777849],[72.089692906100481,21.53815986137122],[72.089839731638662,21.538111198523545],[72.090522762515164,21.537957473032872],[72.092631808452822,21.538235934751889],[72.092736533731156,21.538001393454081],[72.093031192980149,21.537927390165233],[72.093034763013748,21.537926493552302],[72.093915026439348,21.537705412982135],[72.095411576610871,21.536710534031009],[72.096014348481901,21.536352625176377],[72.095538758523389,21.536439380515237],[72.093755866222892,21.536408903768809],[72.093719449332113,21.535751315136391],[72.093629382020595,21.53434674929748],[72.093778398427631,21.533651668346408],[72.094197563240172,21.533008242782877],[72.093617691348854,21.532392928564061],[72.093427728351884,21.531776225829642],[72.093419460611742,21.531586832273899],[72.093381171862475,21.531390529818136],[72.093430038952903,21.530499366453828],[72.093473003715033,21.530001101324981],[72.093404951155222,21.529861030026211],[72.093057648051868,21.529272948748329],[72.092987602753084,21.528641787576596],[72.092646066207564,21.527625728956114],[72.092589938135276,21.526727922556091],[72.092422879295512,21.526209356093045],[72.09228712131015,21.526013399193435],[72.092187630220707,21.525515639610429],[72.09240395802918,21.525241260643082],[72.092083591268718,21.52389538845927],[72.091709127713955,21.522149813673966],[72.091927152325965,21.520444231498633],[72.091633213407789,21.518214288282241],[72.092065252667425,21.517518204358844],[72.092120713349601,21.516402514732487],[72.092311864052249,21.515468751273374],[72.093000763495823,21.515255835314253],[72.093246274057918,21.515014133679351],[72.093271081409668,21.514989711132731],[72.093508557989608,21.514755917634165],[72.094434540677909,21.51384760064213],[72.095493660953281,21.512496816056736],[72.095604289265466,21.512047417976579],[72.095727910253572,21.511106875857429],[72.096056512168374,21.509644687683441],[72.095867210338511,21.50975980660386],[72.095769622730231,21.509614140944954],[72.096013507979279,21.508405696411995],[72.096020751827311,21.508113642782252],[72.096083221756444,21.506886113785324],[72.096029867681011,21.506211483141499],[72.096266695543761,21.505342446834682],[72.096297342054513,21.504584643461236],[72.096295604517678,21.504158446785503],[72.09619448168587,21.503144602691421],[72.096245086754351,21.502110485211848],[72.096801468593739,21.501015366418699],[72.096964958410368,21.500778002754288],[72.097257589855403,21.500153437446187],[72.097303668484315,21.500078292521717],[72.097526771723338,21.499982782822869],[72.097808538813098,21.499796297438468],[72.098119257963702,21.499471586577027],[72.098366772665742,21.499158940535924],[72.098891462314782,21.497539067264885],[72.099216116063403,21.496500019652277],[72.098954988941472,21.495545945284732],[72.098876989466987,21.495033202540256],[72.099642058292986,21.494454294839478],[72.100040971483992,21.494046391110587],[72.100719053169755,21.493850584558501],[72.100775428902466,21.493203184450586],[72.100941046253368,21.492460679603461],[72.101366919959176,21.492459147396264],[72.10255784509161,21.492904737988059],[72.103859987511015,21.49271061348233],[72.103821566157109,21.492596308925226],[72.103962731150958,21.492063044917785],[72.104101111992364,21.491877067419193],[72.104412859803205,21.491808852532149],[72.104543116445299,21.491697884230192],[72.104719966831126,21.491638049429472],[72.105381082907982,21.491422554020595],[72.10571693611324,21.491066167734797],[72.105805711865415,21.49112109444366],[72.106179887912148,21.490855333761086],[72.106667177856508,21.490412892498153],[72.106807030091517,21.490244008216603],[72.107385004780042,21.489978820152345],[72.108316440610849,21.48953870556306],[72.109657901074726,21.489007640518896],[72.110668403884105,21.488656674539591],[72.111533413080451,21.488469349661273],[72.111830583707373,21.48827883847671],[72.11267874530968,21.488096831177689],[72.113293330993017,21.48785253581444],[72.113474505139081,21.48782030026749],[72.113790803416322,21.487834924153351],[72.114691611056301,21.487472498040116],[72.114834969233968,21.487471970687487],[72.115391353754958,21.487426513298349],[72.115593442977826,21.487354735249667],[72.116011615102394,21.487530778794291],[72.116270609681166,21.487621904729671],[72.116585701648489,21.487683883615006],[72.117395321106102,21.487696679839257],[72.117541468181301,21.487690878098046],[72.118715865839334,21.487549728595958],[72.119344983001085,21.487421116085194],[72.120760246921222,21.487073850949923],[72.120965669547076,21.487788686721505],[72.120980774789814,21.488698914423903],[72.121212636013283,21.489019019776968],[72.12173735388491,21.489459055805533],[72.123164995754962,21.490695511881555],[72.123239134829902,21.490942537768966],[72.123450040577183,21.491620517083291],[72.123519186242717,21.492014890489333],[72.123604727705612,21.492298705862794],[72.123813977613779,21.492587321115231],[72.124292460066911,21.492727601322574],[72.124821676959712,21.492899260927263],[72.125930308163063,21.49314767548681],[72.126048619757285,21.493205111471433],[72.127065037073351,21.493646924837073],[72.127643791868337,21.493747260533898],[72.127719111305339,21.49380569888752],[72.128569130198258,21.494490038154179],[72.129525341601379,21.495461614866947],[72.130127034702681,21.49592238013285],[72.130708329268728,21.496867300572205],[72.130858739444449,21.49697898318842],[72.132561009520813,21.49711285948376],[72.133400415144948,21.497067585087041],[72.135120055809722,21.49774859033219],[72.136186428609776,21.498179503161108],[72.13659141572289,21.498220054269261],[72.137147552548569,21.498540653987945],[72.138424387250794,21.499097031052941],[72.139933621096802,21.499652507972392],[72.140121809500599,21.499726717182071],[72.139995161259307,21.498901981601882],[72.14184533844346,21.497609073903106],[72.142775667632549,21.496991379159393],[72.143000348115038,21.496789007145821],[72.14320422677612,21.496519545797732],[72.144631018422814,21.494556546260046],[72.145398061816948,21.494118584939308],[72.145666558786971,21.493004459115483],[72.146157728780551,21.492785060324053],[72.14679332765381,21.492034789924325],[72.146746620771012,21.491135145103822],[72.146710420468196,21.490195467244749],[72.146519543884892,21.488096612087013],[72.146486039649062,21.487766805488885],[72.146168440095749,21.485998375636374],[72.145053126428436,21.485012874913764],[72.144997469307697,21.484503187991393],[72.144796499131118,21.482733201324468],[72.144826179742736,21.481558749386679],[72.144970851033463,21.480775299537651],[72.144806156037717,21.480295795997154],[72.144662902580478,21.480315513153045],[72.144500241908375,21.480297695186589],[72.144149942610753,21.480183763000689],[72.142743844291729,21.479732656925751],[72.14201584314317,21.479496179327413],[72.141550927210076,21.479334006935659],[72.140437745088335,21.479141526545078],[72.139894221047697,21.479028837797685],[72.138394708132253,21.478616479602053],[72.136921407148066,21.478187612156237],[72.135562542237437,21.477889462458322],[72.131985485852567,21.477058641757086],[72.131765891424749,21.476911909933264],[72.131787534248545,21.475837906225138],[72.131601808353409,21.475420516154152],[72.131548163359852,21.475166584559979],[72.131459167755921,21.474839005537685],[72.131186392350429,21.474544911838748],[72.13031660735804,21.475950030523872],[72.128115015711458,21.475195913010165],[72.128210090409041,21.474900432034865],[72.126774909696422,21.474666030108782],[72.126595163258173,21.474107198153391],[72.126463186256089,21.47396627915645],[72.126038696671628,21.474545820008814],[72.125848180029493,21.474540384824031],[72.12486829957227,21.474273519456663],[72.124638423987903,21.47428052680343],[72.123988811160643,21.474442811197086],[72.123417601849056,21.474506426114509],[72.122885280950484,21.474446925880375],[72.122615365955539,21.474306517592741],[72.1220422505926,21.473921300396491],[72.120918079906758,21.473704135709944],[72.120116658323909,21.473694813016646],[72.119256171287347,21.47369800208271],[72.118480946170465,21.473670129259279],[72.117285019729223,21.473570025417629],[72.116154108320274,21.473309814408179],[72.114326286633045,21.47289844690259],[72.114385853598009,21.472483380108031],[72.114449527810919,21.472003568923562],[72.114486025059662,21.471308662640631],[72.114386672480506,21.47111227804713],[72.114273152118614,21.470670008345888],[72.114336929191424,21.470214790441933],[72.114316450488985,21.470030412846523],[72.114373504099419,21.469538329033384],[72.114391714118824,21.469181653308446],[72.114539873699954,21.46848633653595],[72.114532738057179,21.468351097327968],[72.114669487472497,21.468067767062454],[72.114830729806471,21.467360105049234],[72.115609777626631,21.466742396431545],[72.115852055298674,21.466563200052796],[72.116535596965193,21.466665204997629],[72.117008513969253,21.466663461014221],[72.117796579272522,21.466629809747328],[72.118065023401883,21.466425919853972],[72.118569120006882,21.466030556938108],[72.119257228589959,21.465659105055003],[72.120109877473027,21.465366969984682],[72.120645373874922,21.464633321102337],[72.12156924697787,21.464101125838912],[72.121435563473042,21.463554412643845],[72.121703944705416,21.463338220434817],[72.12225410203321,21.462967269188411],[72.122344541605685,21.462610324023107],[72.122422993329337,21.462523954162108],[72.122770580120417,21.462399691938163],[72.122947892501827,21.462392883286295],[72.123249894039489,21.462361016217752],[72.123334939321296,21.462280769798976],[72.123386333509032,21.462010047553854],[72.123253926328076,21.461764603897763],[72.123418969583611,21.460417483540475],[72.123464605673249,21.460337383919221],[72.12375370230184,21.460360899955585],[72.124652470351663,21.460111609376366],[72.124921417138822,21.460030675399626],[72.125674898415184,21.459597469291172],[72.125969826717053,21.459448803805333],[72.126133868079833,21.459411299379912],[72.127328946333549,21.459339189652297],[72.127256277977708,21.459241087340537],[72.126775109312774,21.45884324310741],[72.126083034910465,21.458274030882695],[72.125529809450697,21.457919491510857],[72.125015391052187,21.457423391437864],[72.124850172454742,21.457184219881011],[72.124757488895341,21.457012410014752],[72.123937057951608,21.455601332842352],[72.123368046176509,21.454619704818423],[72.122376960995084,21.453227699993366],[72.122237839623182,21.452945389454058],[72.122190822518093,21.452699626945762],[72.123169873929868,21.452806655586503],[72.125062172840728,21.452990199249935],[72.126935009439094,21.453229130188774],[72.128262338534014,21.4533778626482],[72.129326725073071,21.453472237795175],[72.130516268957436,21.453652212546828],[72.130982839582188,21.453711938080222],[72.13133242264594,21.453725055141941],[72.131466168022953,21.453000941538132],[72.131664995662106,21.451546496925758],[72.131764230934536,21.450778132847265],[72.131876873496736,21.449721721949174],[72.132150060083333,21.448527563548964],[72.132306762758574,21.447498413961466],[72.132698313374036,21.44657808939472],[72.132857613511959,21.446152349944249],[72.133637734918338,21.443626003316076],[72.133680613569055,21.44337898708741],[72.134173318953756,21.442142851622496],[72.134636364450571,21.440824542487551],[72.135028773839238,21.440109920807409],[72.13540670977963,21.439436495487126],[72.135914867805752,21.43839229380383],[72.13627808830384,21.437705208336659],[72.136494294285072,21.436895254022446],[72.136681024537296,21.436044269145381],[72.136926342398127,21.435193061178403],[72.138420199026839,21.435146229941545],[72.142214714317817,21.435323717212178],[72.143944010566443,21.435522787326221],[72.145812992548429,21.436146464408676],[72.146540211888222,21.435207983739346],[72.148432676957384,21.432597832993171],[72.149010543018562,21.431884209162206],[72.150602316304585,21.430020061951524],[72.150869617088176,21.429826530874148],[72.151498677298122,21.428568699222609],[72.152402918036188,21.426882962426077],[72.153589436364783,21.426367813228492],[72.153669806038906,21.426350761131804],[72.155281465666732,21.42496353978153],[72.155379299836838,21.424854356943861],[72.156792493098195,21.423066174419233],[72.159352903410124,21.423976732292889],[72.161259277756116,21.424538325645464],[72.163102418885714,21.424949501157542],[72.164793393729795,21.425311044757233],[72.166108441534604,21.425556897285773],[72.166674975608728,21.424341105972697],[72.167639566942242,21.424178249075268],[72.16940884940189,21.424070757550695],[72.169632301243951,21.424069864471416],[72.17181479849728,21.42441263308632],[72.173068472233524,21.422968095194598],[72.174107700049674,21.423491177234443],[72.175637219394048,21.423727722611304],[72.17712201440645,21.423956065478372],[72.177345774500068,21.424022114558589],[72.177673182663824,21.425242695097367],[72.177900615057879,21.426103803379686],[72.178009148357461,21.42637954797819],[72.178172045722306,21.42681408733478],[72.178643563438669,21.428268419481125],[72.179634757731421,21.429988456296048],[72.179744537251892,21.430532008915563],[72.179800221739171,21.430975350583655],[72.180059476272319,21.430982667227273],[72.18141812424831,21.430977144635584],[72.182401200465534,21.430939664991307],[72.182875094948287,21.430971210137141],[72.183130746104652,21.432125116648578],[72.18364191862409,21.432482906072021],[72.184179831346142,21.432823846227844],[72.184305490056744,21.433573770469835],[72.184537555200961,21.434777985659753],[72.18464664123421,21.435168101936018],[72.184484173540469,21.436109835160241],[72.187792717640164,21.439015758625388],[72.189053908454412,21.439741916693112],[72.189480196739112,21.440297966276237],[72.190887977449179,21.44122183664421],[72.19175241717015,21.442036379920928],[72.192682948860551,21.442825853667941],[72.193387532726319,21.443430323339651],[72.194037813821112,21.443749915214955],[72.194330383426944,21.444021406072871],[72.195380630692512,21.444921928158468],[72.196046515100761,21.445737272613503],[72.196725176206968,21.446453395905429],[72.197430383410037,21.447181801250412],[72.197550253047993,21.447330049301858],[72.197259639769598,21.448944728965436],[72.196969754304021,21.450555331724964],[72.197117816099919,21.451062935768583],[72.197032790473102,21.452674721406467],[72.196715140107557,21.455489850925645],[72.196603214427697,21.457014978343185],[72.196461565719005,21.457858470184146],[72.195835044448017,21.462559015904848],[72.195337614703334,21.466564866888632],[72.195494794047235,21.46739940519188],[72.195286921053125,21.467450542617687],[72.195255739848832,21.467953403253802],[72.195534385506193,21.468668636235346],[72.195840215705516,21.469452881012476],[72.196016315493878,21.469778923220922],[72.196213123608644,21.470224277562149],[72.196328923895706,21.470575706946178],[72.196404354545081,21.470908451946681],[72.196452483689768,21.471147048594517],[72.196476328271274,21.471926181845976],[72.196558593050071,21.472284034766602],[72.196768474780384,21.472653924156774],[72.197011267482821,21.472885425152679],[72.19708664122048,21.473205601665885],[72.19733809325804,21.473845534564262],[72.198004167368921,21.475552038601279],[72.198058894730735,21.475765470499031],[72.198237057711935,21.4766432307641],[72.198246690924677,21.47669069063636],[72.198320155276235,21.477052625750424],[72.198443009838101,21.477473149081664],[72.198734418257871,21.477123055000789],[72.199065162161176,21.477041688340616],[72.199856354939314,21.477198346144874],[72.199751976229521,21.477708681005943],[72.19908744006743,21.479471108951039],[72.197899395298464,21.478976173067132],[72.196585747276558,21.479021644065661],[72.195154410447017,21.479027602172458],[72.194598918753201,21.479019913165391],[72.194304905044959,21.480090921070222],[72.194657495961053,21.480109452248197],[72.194554614680882,21.480939714029375],[72.193731740111929,21.48086314705035],[72.193187680356786,21.481015374149003],[72.193202858320959,21.481965121626956],[72.191665334416882,21.482111462932469],[72.191057082149186,21.48224395282725],[72.189765612531801,21.482469243380148],[72.189306526853102,21.482521127272221],[72.189396971617413,21.483580543162955],[72.189431512574103,21.484110295089252],[72.187880695940493,21.483706766429091],[72.187438249150901,21.485028324066025],[72.187588267738278,21.485127687046614],[72.187877012759969,21.485196484955686],[72.189383798673845,21.485320250688567],[72.189195097946282,21.486080877363079],[72.189227756278314,21.486210716750712],[72.188931619943972,21.486841812072829],[72.189402060635956,21.486929854142709],[72.189458391053975,21.487549497976524],[72.189656559420428,21.488798430556791],[72.188256654868795,21.488694223994276],[72.187647338701552,21.488606750346534],[72.186913119394944,21.489219648301798],[72.187086243214566,21.489688842781494],[72.187444022023271,21.490807147655392],[72.188982536595958,21.490850801092318],[72.188982866037108,21.49092078573322],[72.188527516238295,21.491772492637519],[72.188017150081777,21.492284492902311],[72.184503600843428,21.492518879735126],[72.184108951120379,21.492650470094294],[72.184109712822533,21.492813419226202],[72.184109813992819,21.492835062229847],[72.184113391005027,21.49360026236754],[72.18412613019575,21.494040122378614],[72.184318653275639,21.494089323968335],[72.184235996152609,21.49468954268092],[72.184186929547465,21.495619557831066]],[[72.080358723967066,21.442927535145621],[72.080798751108929,21.443150847518552],[72.081059667254067,21.44319490974598],[72.081457177747282,21.443077898260263],[72.08170386152365,21.442993529801775],[72.082630600250582,21.443099514108656],[72.083537726446821,21.443449671880419],[72.083812571405517,21.443545072862342],[72.084486154145367,21.443831800196218],[72.086369352193287,21.444608936110939],[72.088087453021743,21.445277423384066],[72.088547980343762,21.445474947139445],[72.089716316058713,21.445933359195667],[72.091070156857342,21.446448923456551],[72.092039596596678,21.446927293034914],[72.093283874761553,21.447494618047457],[72.094705656099379,21.4478364650187],[72.09571599996552,21.448244004120021],[72.096162614047927,21.448390164475725],[72.096478620441829,21.448478973697622],[72.096719069425717,21.448548779906538],[72.097509140069462,21.448783646842898],[72.0982151688778,21.448601254482469],[72.099892407158052,21.449321155814129],[72.101074794061347,21.449843676040203],[72.100789807972973,21.450628419307076],[72.100577274650632,21.450674149702657],[72.100106540150321,21.451343927522608],[72.099811873056339,21.45144134295154],[72.099552959397613,21.451891946148336],[72.100520831100638,21.451971986816169],[72.101228942737777,21.452294923446832],[72.102081193435339,21.452625903701012],[72.10275018066784,21.45288901782061],[72.103171329137353,21.4529560222282],[72.104187781163873,21.453166486266348],[72.104291211620236,21.453842766590725],[72.104319506744901,21.454048230106693],[72.104275701246593,21.454519476357511],[72.104212008543783,21.454605358732856],[72.104148713475013,21.454849458609097],[72.103952227660372,21.455460441053305],[72.103850751527943,21.455814123307171],[72.103687886223554,21.456257961979777],[72.103308418563813,21.457428485386004],[72.103092211476053,21.458251527447178],[72.103006041257089,21.458990589514634],[72.102926864642328,21.459761745910711],[72.102860064634356,21.460205237460748],[72.102746020411132,21.460841616930015],[72.102638969674899,21.461510090718964],[72.102456854172772,21.462281617545894],[72.102268719075909,21.463258731351345],[72.102207854455528,21.46347736386306],[72.102147675825435,21.463863015869059],[72.101934909870451,21.465527577492718],[72.101726733805236,21.466639664929044],[72.101532227367528,21.467738855016872],[72.101492053420657,21.467983108470261],[72.101221790245958,21.469018331353634],[72.10119161467874,21.470026995129697],[72.101183714262845,21.471446709446845],[72.101172334547357,21.472018479008863],[72.101168425850815,21.472135122137608],[72.101167760070652,21.472154990304919],[72.101141763183449,21.472930785112698],[72.101220524073355,21.473727067546047],[72.101242773866062,21.47413169423022],[72.101272414126484,21.474664772616194],[72.101444853737803,21.476546359289149],[72.101445565930206,21.476719802390672],[72.101287820710468,21.476746065446839],[72.10084839940815,21.476702677843782],[72.100573929124408,21.476716511851844],[72.100127908197251,21.476737385201325],[72.098631626037587,21.476710629898459],[72.096682642609977,21.476749716638217],[72.096044428287456,21.476764841003373],[72.095166266834966,21.476845056474925],[72.094789031771128,21.476904214232121],[72.093141135276539,21.476723775025008],[72.09231709747371,21.476611065891085],[72.091881264204872,21.476528993261329],[72.091781361925698,21.476510180290443],[72.091327724603005,21.476344763383814],[72.090433246888779,21.475782619371117],[72.088914396198888,21.475261214328654],[72.087954063027809,21.475386648721862],[72.086891168606215,21.475608796572129],[72.086292618536206,21.475244732682569],[72.086201239853196,21.474705443151699],[72.08518076867459,21.473520590862208],[72.084218291227856,21.473106400991377],[72.082610577997386,21.472662335189234],[72.08109717104827,21.471768250614055],[72.079566751420728,21.471773561913835],[72.079081087282816,21.472179952447185],[72.078820576670097,21.472251517704436],[72.078573588635322,21.472271644282173],[72.0774320694632,21.471697435714944],[72.077064820532726,21.470805776051371],[72.076143787054335,21.470449211224793],[72.075834632326945,21.470366764840652],[72.074855879441174,21.4692909101027],[72.073788202450544,21.468286017715801],[72.073035494324785,21.467093744846764],[72.072753673411924,21.466979079186988],[72.072018015466853,21.466634703790856],[72.07104898168302,21.466278274155759],[72.070727539184958,21.466562025013499],[72.070541572762281,21.466389212921154],[72.070519834511444,21.466093785489406],[72.070389419836602,21.466087806345538],[72.069572494059102,21.466019926878445],[72.069400629254773,21.465943424676002],[72.06882244973059,21.465502139511496],[72.068204368421078,21.465388609273905],[72.06783169821685,21.464850263026367],[72.066477762736639,21.464334513833894],[72.066285189767314,21.464225958715559],[72.063638840661326,21.463123552826264],[72.063275129028298,21.463124777979193],[72.062951679406041,21.462888180468937],[72.062415198702581,21.462575211210307],[72.061788646772769,21.462037704174673],[72.061643920303311,21.461877591205955],[72.059889584551655,21.460727159363628],[72.060729160154111,21.459548762624479],[72.062788521426853,21.459715294444557],[72.063317142569446,21.459771330927779],[72.06379585020548,21.459339313140205],[72.064607219833846,21.457974697721706],[72.065375072410291,21.45778580990428],[72.065435717653941,21.457496526838018],[72.066705894061911,21.456875529419062],[72.066863912851844,21.456726529318804],[72.066618203048137,21.456281967182562],[72.065661495582674,21.45494902075507],[72.065556986290559,21.453156375184488],[72.064956808814372,21.452530281815914],[72.064468625558987,21.452474827366938],[72.06423635966631,21.45234998651112],[72.063500466102852,21.451324631888649],[72.062939356409018,21.451337940723739],[72.062305753168133,21.451534217409403],[72.061793657237871,21.451604459636943],[72.061536603385974,21.451376914708305],[72.061548754090239,21.451297882944804],[72.061787716016127,21.450982306579746],[72.062078076416142,21.449754354004668],[72.062096347940965,21.449150439726985],[72.062469708847203,21.448095654683968],[72.062640021409123,21.447773883839243],[72.063190620637926,21.446416574752593],[72.063704507595418,21.444436262432585],[72.06420305822455,21.443824305674628],[72.065063683565299,21.44279999159604],[72.065398858911465,21.442529053150281],[72.065404185717995,21.442130749028024],[72.065853551743643,21.441223450942921],[72.066595696038831,21.439730579723854],[72.066586304904746,21.439075366452357],[72.066615651366277,21.437790472772672],[72.066487734655354,21.436647438444929],[72.06732825752978,21.43753752479412],[72.068742428236462,21.437725446213488],[72.070438864200071,21.438156504998123],[72.070826269844275,21.438294061851185],[72.071764948304576,21.438627355348725],[72.072802437820229,21.438989975188562],[72.074368885495815,21.439511373766567],[72.074581965106887,21.439607002090398],[72.075515413661591,21.439680883493825],[72.075680136996326,21.439693165095822],[72.07579698197199,21.439744154986286],[72.076285602718272,21.440115063629118],[72.077930206097079,21.441310675155389],[72.078508163035835,21.44171338840474],[72.080097452919702,21.442793537638327],[72.080358723967066,21.442927535145621]]]]}},
{"type":"Feature","properties":{"Taluka":"Umrala","District":"Bhavnagar","Dist_Id":"14","Taluka_Id":"14004"},"geometry":{"type":"MultiPolygon","coordinates":[[[[71.718649400673058,21.970089752957794],[71.718786911915487,21.969760581624111],[71.719722477531789,21.969845155282986],[71.720412618088545,21.969887141759312],[71.721647073600536,21.969878328024052],[71.721699236543486,21.968905597051684],[71.721706337919727,21.96854083972865],[71.721777019717251,21.967973358880375],[71.722083670898726,21.967944336746829],[71.722134193752723,21.967562832829675],[71.72224501677924,21.966513734949725],[71.723175108832962,21.96637897103248],[71.724054143582123,21.966282415090514],[71.724759430106573,21.966214700026224],[71.725474984134621,21.966175575508],[71.726251906265446,21.966155435110451],[71.726783550539096,21.966183309408738],[71.727386377007448,21.965972686210485],[71.727938101762717,21.965771667635963],[71.72895980843424,21.965398346602989],[71.729685135501157,21.965082649372214],[71.730410490092083,21.96478602068801],[71.731258347069485,21.964384321568648],[71.732249428279815,21.964049166819784],[71.733261994320927,21.963624366077283],[71.732857650888519,21.963073417271708],[71.732458807850492,21.962702503873803],[71.732078715075744,21.962198892100705],[71.731660325075921,21.961465370539052],[71.73149880547426,21.961262169574766],[71.731593393698219,21.96112052059663],[71.731743724789666,21.960271214741521],[71.731828457425522,21.959899616599145],[71.731979675957604,21.959598682337081],[71.732281651156555,21.95871378270521],[71.732403933842733,21.958112168140435],[71.732516834731655,21.957572479839929],[71.732601794107254,21.957342396569317],[71.73270526980528,21.956838100368177],[71.732846598465215,21.956289526768316],[71.73321643174225,21.956324381048844],[71.733327913458169,21.95491791036882],[71.733317970197731,21.954634893041888],[71.733326758607618,21.954210333367804],[71.733297621944857,21.953785827533064],[71.733524493127163,21.953369802702028],[71.733684026003147,21.952361276103698],[71.733796556163085,21.951600468746381],[71.734005010370311,21.951520569357797],[71.734156635667787,21.951476129651699],[71.734232093293514,21.951237214219034],[71.734449708751896,21.950962717009645],[71.734523685954997,21.949821640364299],[71.73472194477965,21.949308362471239],[71.734854155283784,21.948989762979032],[71.734976884286894,21.948671176931725],[71.735014459103724,21.948458849465251],[71.73502316960294,21.947990065837114],[71.735362981704043,21.947078571273043],[71.735466076534081,21.94635315485851],[71.735731085998623,21.946078587944907],[71.736251767268769,21.945617913668539],[71.736706095033554,21.945166178071315],[71.737027749399331,21.944750011593293],[71.737103022839378,21.94440495806926],[71.737234900867421,21.94389177268825],[71.737508766159138,21.943245710893482],[71.737687867955231,21.942626319918507],[71.73774414835016,21.942263604010666],[71.738120894601096,21.940777141467205],[71.738196354850828,21.940547068737423],[71.738639439253049,21.93905166387151],[71.739094507366076,21.939059847307227],[71.739169772958732,21.938714792669753],[71.739444670753002,21.938696702958659],[71.739804075406866,21.938192028419561],[71.740229140896034,21.937271553973538],[71.740522445976239,21.936926179884704],[71.740947771227326,21.936164908610507],[71.741516083682185,21.935872197919974],[71.741845524158961,21.934474243107381],[71.742680001689408,21.934614529399692],[71.743135160993873,21.93468461487365],[71.743381715826331,21.934728473795523],[71.744671296597446,21.934903454557343],[71.745391943326808,21.934999672669875],[71.746254836811815,21.93512220884185],[71.747345328638886,21.935288621922755],[71.747648750581362,21.935323544104961],[71.747686134862619,21.935013921635534],[71.748226571791335,21.935057330233839],[71.749449708418993,21.935179305271308],[71.749696219639461,21.935196620526256],[71.750682342549709,21.93531010145297],[71.75097622321195,21.935309653054528],[71.751393313062295,21.935291326273312],[71.752675973720926,21.935118361410861],[71.754314640947797,21.934905930156205],[71.755778544515778,21.934690195856188],[71.75705005733451,21.934363748631402],[71.758257024509192,21.933772698681974],[71.758997694658845,21.933429992438736],[71.759720088899158,21.933104388799403],[71.759902936090128,21.933001637523741],[71.760607100544334,21.932718751456424],[71.761320507349126,21.932487078857349],[71.762043172854632,21.932315158105194],[71.762838955303337,21.932091886156201],[71.765125715341455,21.931473440672271],[71.766000614919605,21.929508166445324],[71.766915821453779,21.929540837447853],[71.768045699078968,21.92914785055968],[71.768087716761286,21.928979919595459],[71.76826083152298,21.928746865293242],[71.768596440353207,21.92840221973362],[71.768758592712999,21.928108459685003],[71.769061030606636,21.927429890180875],[71.769071116542463,21.92702505280679],[71.76904331583809,21.925699309799835],[71.769028105712849,21.92504027531713],[71.768966385211684,21.924425043653024],[71.768985794770288,21.924010604200049],[71.768930910400783,21.923451871407373],[71.768842380019507,21.922893193556771],[71.768848236922693,21.922428544945866],[71.76873302623342,21.921995488698403],[71.768698979389271,21.921782061501553],[71.768617474687019,21.921380344598319],[71.76856980488472,21.92107903490335],[71.768441102483138,21.920627163670531],[71.768332588406167,21.92017525937208],[71.76801460200322,21.91925905718103],[71.767730441191631,21.918436982831686],[71.767622412127452,21.918242512424978],[71.767345523806028,21.917709255317337],[71.767183112985222,21.917219764172277],[71.766980106896725,21.91661103940497],[71.766851635931104,21.916278465551009],[71.766702663010634,21.915776394196623],[71.7666010508038,21.915412381995388],[71.766391285886684,21.914784830539727],[71.766248928377735,21.914219958812179],[71.766147540114261,21.913975245238372],[71.766032577869964,21.913667764403957],[71.765829232333687,21.912870670987143],[71.765639323397352,21.912060997699594],[71.765584980964888,21.911784813154377],[71.765382838637152,21.911634445348859],[71.764965039686643,21.911302336157537],[71.76495016561077,21.910536332322504],[71.76493519886192,21.909720097225357],[71.764873166690521,21.908922774564818],[71.764879094457271,21.908489519681066],[71.764629961628714,21.908395736743056],[71.763889201174834,21.908064143647572],[71.763922242819746,21.907737586871196],[71.76314780995277,21.907387207611198],[71.762837696969598,21.907061199386614],[71.762897896854227,21.906866456703103],[71.762877434791449,21.906715795306425],[71.762621750404008,21.906716203542164],[71.761860978281632,21.906472537963641],[71.761911940145666,21.906131302160944],[71.76141692789669,21.905261412113781],[71.761299675282203,21.904918350583554],[71.761223330071104,21.90475604323257],[71.761977289571746,21.904997667368519],[71.762264768395582,21.905088267961673],[71.76224356579219,21.905351359535679],[71.762807590771416,21.905481988689651],[71.763246766324571,21.905521757200361],[71.76372942186326,21.905622160499895],[71.764347575349632,21.905707168375493],[71.764764993158408,21.905706497351648],[71.765214796584999,21.905629891044256],[71.765874732946443,21.904859888215633],[71.766167024183801,21.904621652025227],[71.766432331904412,21.904449223439304],[71.766908462730569,21.903957748074362],[71.767536262867679,21.903405319219061],[71.767828501106209,21.903141786154421],[71.768131693635041,21.902938940365242],[71.768136546724406,21.90263540425876],[71.768249807958242,21.902326632689313],[71.76848736020672,21.901810247380052],[71.768708581854767,21.901258476742587],[71.768994756725775,21.900656011605868],[71.769162412620076,21.900448326551903],[71.769427100512601,21.899952130667593],[71.76968145893818,21.899729126727696],[71.769663683573754,21.898924805854449],[71.769558435027704,21.897726041300778],[71.769491817596972,21.896891447334927],[71.769376073061338,21.89587481658663],[71.769374771038287,21.895181762101622],[71.769275718055695,21.894392750111916],[71.769226571907012,21.894200595774223],[71.769192661965931,21.893462065180181],[71.769048159053639,21.893181239612467],[71.769905156310003,21.893297425352063],[71.770610803590387,21.893331543573936],[71.771013992646203,21.893330880394412],[71.77189594635712,21.893317667445594],[71.772853184541063,21.893139701298448],[71.773734934779071,21.893020649310724],[71.774629102964226,21.892807501202942],[71.775397272553434,21.89259455905486],[71.775661705685764,21.892511804684599],[71.776833126157712,21.892333456738701],[71.778105271585389,21.892119653873891],[71.778357308106109,21.892142745647881],[71.779767952453412,21.891881660426652],[71.780057557733784,21.891787097415566],[71.780359693168819,21.891657236058855],[71.780582881619054,21.891626723866896],[71.780866292594837,21.891586554604082],[71.781574858273018,21.891505972284982],[71.781922092597796,21.891485535084794],[71.781929075786849,21.891432608376281],[71.782368443550851,21.891412012456659],[71.782432970879199,21.891788919373763],[71.783269250262592,21.891780868420007],[71.784254439833632,21.891812242267441],[71.785324794902593,21.891902991735709],[71.786061813843162,21.891875255545312],[71.786650185827838,21.891940375693487],[71.787366022469683,21.891952356589393],[71.787954408586074,21.892024086384339],[71.788358434035871,21.892049836664199],[71.788939747094304,21.892128189656418],[71.789186893433197,21.891677980604211],[71.789533152101015,21.89117468219284],[71.789950039302312,21.890552200546836],[71.790168403040838,21.889890381735366],[71.790323034514913,21.889255132345955],[71.790533905642192,21.888394895907361],[71.790702506934736,21.887660406279981],[71.790772760328963,21.887356022450586],[71.790800303800054,21.886959113193537],[71.790842651345585,21.886873051939244],[71.791124949132865,21.886290490863232],[71.791421539416262,21.885767433094315],[71.791831208413086,21.885092044512461],[71.791915631962709,21.884787635025223],[71.792388902189515,21.884026145791953],[71.792544084254388,21.883668695563962],[71.792684592715943,21.883066540453228],[71.792910100606861,21.882444391013252],[71.793029697424402,21.882014245750455],[71.793149239486979,21.881557643093956],[71.793254201893703,21.880902635862903],[71.793267618233997,21.880532208500302],[71.792487896682275,21.880440993991112],[71.791608976367115,21.880356565772274],[71.791635333505241,21.879377595432111],[71.791718329045139,21.878372067285238],[71.790315231025062,21.878394389039467],[71.790293743899852,21.878281982939065],[71.789684300381708,21.878283055771089],[71.789415118085259,21.878336443718407],[71.788678236025163,21.878397265838398],[71.788636142373463,21.878608998847088],[71.787672541239516,21.878696670981171],[71.786751484767578,21.878797492139427],[71.785851699869937,21.878904885599997],[71.785610795440164,21.878925146515705],[71.785510254139112,21.878257271173247],[71.7854024299874,21.877490193019277],[71.785344646350438,21.876941301738409],[71.78528717872139,21.876551154359333],[71.785072863614573,21.875685044850353],[71.784066878878122,21.875832298298935],[71.783875152665843,21.875634198097327],[71.783065865234633,21.874908011355274],[71.78207221078199,21.874115992668074],[71.78178125485779,21.873904831079965],[71.78124165615047,21.87337660436312],[71.780616819058153,21.872742691251467],[71.780041810617405,21.872221135115289],[71.779942061254502,21.871943501485234],[71.779523006834978,21.871448135852489],[71.778897980160153,21.870708386465218],[71.778443335397128,21.870127091470369],[71.777938950580364,21.86947312105471],[71.777470039188302,21.868838932369243],[71.777093557126491,21.868363331623058],[71.776674497556684,21.867854729630714],[71.77688655598827,21.867583184506064],[71.776729044383686,21.866743424649901],[71.776613884744165,21.865817606697313],[71.776562283213607,21.864779237660692],[71.776518787193638,21.864270004325505],[71.775796269858589,21.864396887919451],[71.775668851057787,21.864463244767354],[71.775116152465159,21.864464168270555],[71.775095053267108,21.864472869400871],[71.775054867134614,21.863563473367979],[71.775036439498649,21.863136127981935],[71.77505299407612,21.862585442610285],[71.775104136892253,21.86170594854508],[71.775112437627286,21.861442933936196],[71.775093443509277,21.860719713516566],[71.77502170202834,21.860037674916637],[71.774949788225541,21.859265229975509],[71.775539032281017,21.858927276314791],[71.775882037469259,21.858737670795367],[71.776541853778681,21.858473564432938],[71.776681440170222,21.857807609343304],[71.776917839853169,21.857125053949634],[71.777154300744371,21.856475373188157],[71.777434573823484,21.855718774219341],[71.777714685135905,21.854879987214435],[71.778056230462667,21.853942470729649],[71.778064811800036,21.853827393341277],[71.778346492003934,21.853802261719526],[71.778540355196213,21.853892340907308],[71.778866629669807,21.854163009107193],[71.779342414187454,21.854351235616775],[71.779950052386113,21.854432392794905],[71.780636751019941,21.854423006620422],[71.781041559728067,21.854331910545483],[71.781190986938256,21.854208374105841],[71.781269708290083,21.853945238938692],[71.781366069521539,21.853698511183708],[71.781559483492956,21.853558461784722],[71.782060923143561,21.853360354069814],[71.782562684628914,21.853326619847792],[71.782932710079166,21.853457485761094],[71.783329229165005,21.853629399198685],[71.783813545617875,21.853677878911956],[71.783953613556363,21.853274917671509],[71.784190719070978,21.852970414409452],[71.784401541946153,21.852731706360679],[71.784823022698944,21.852172101958327],[71.784945934956312,21.851999295262669],[71.785647370248739,21.850551576628998],[71.785998148070732,21.849860591160752],[71.786146960907118,21.849432956454052],[71.786250690406504,21.848471179118551],[71.7861869209882,21.847394629420521],[71.78609679110069,21.846342781628039],[71.786034822914885,21.846170294664788],[71.785930314483807,21.845496271867923],[71.786694723613678,21.845511855255808],[71.78760844323557,21.845552213031418],[71.788290136062045,21.845655894372747],[71.789196494701883,21.845759179097097],[71.789458744487732,21.845828633369052],[71.789945589077476,21.845862735373657],[71.790919151550341,21.845868012402743],[71.791428420546865,21.845881096174836],[71.791459779303835,21.846573192447643],[71.79152783139547,21.846894677982757],[71.791550879476176,21.847181285888396],[71.791588806206164,21.847418927463455],[71.791560297113975,21.848132103709204],[71.791613287166854,21.848411667192508],[71.791607159957721,21.849082855209346],[71.791622974940026,21.849495321525648],[71.79165356948188,21.849809881687911],[71.792544451892113,21.849654492241637],[71.792918775112682,21.849590904914994],[71.793091008448812,21.849583607463668],[71.793742310715956,21.84946359434031],[71.793802523004629,21.849610307049208],[71.794051048426169,21.850288032485278],[71.794306234894123,21.850560242869832],[71.794523804942685,21.850748622920936],[71.796742335144231,21.851597599316246],[71.797057673387798,21.851981559849875],[71.797177817834111,21.852135154682227],[71.79738086420312,21.852540291164953],[71.797351269177625,21.852715130114746],[71.797344300805605,21.852966833905594],[71.797322397389777,21.853239538888307],[71.79727789603696,21.853449361803285],[71.797264002371037,21.853973743517809],[71.797279385887862,21.854169475594954],[71.797340414016816,21.854707705008487],[71.798216864008481,21.854804001959355],[71.799475123603941,21.85482968696531],[71.800755778236294,21.854820364415389],[71.801925944351993,21.855692153048778],[71.802773388690227,21.856235929526768],[71.803500767885538,21.856665729485663],[71.80453087138352,21.857400259081388],[71.804680837810849,21.857483878979526],[71.805420092067465,21.857622339384186],[71.806009380145497,21.857677177917942],[71.806478758044548,21.857694949759853],[71.806459283349525,21.857928033111122],[71.806250830686508,21.858515699274644],[71.806042872848494,21.859336411345701],[71.80583501193091,21.860203732334497],[71.805797032263627,21.861126669223303],[71.805679301286176,21.862115007094353],[71.805700127247547,21.862369610393635],[71.806122900038403,21.862341914381325],[71.806814861235921,21.862367539186298],[71.807698902858078,21.862338979878817],[71.808217811307316,21.862329039921221],[71.808726859227022,21.862202500856938],[71.809159028201918,21.862076104440376],[71.809523850863442,21.861913951546025],[71.809533228622527,21.86180628845111],[71.809474816415957,21.861456550293738],[71.809406369706338,21.860909480855828],[71.810175008100245,21.860845243100023],[71.810991674663043,21.860771940703941],[71.811875568996555,21.860680566174295],[71.812827367608833,21.860569722404538],[71.813020723165081,21.860294422026392],[71.813674157440261,21.860172477482198],[71.814133944566933,21.860191718995807],[71.814449944603737,21.860157588051553],[71.814930929369069,21.860015850340336],[71.814348069773459,21.859560975889369],[71.814240009885765,21.859420362405107],[71.813548598488865,21.858596878884025],[71.813295629039743,21.857886556441944],[71.814322733885462,21.857830955775327],[71.815587021487858,21.857835246071346],[71.816075402005836,21.857794076285277],[71.817023265922273,21.857638025350035],[71.818401875989323,21.857367140875848],[71.81960800622808,21.857063050933494],[71.820081851817321,21.856948134897319],[71.822300264153768,21.856393946351243],[71.822261760654314,21.855240642913046],[71.822304032732362,21.854871747290897],[71.822380836430185,21.85388586051862],[71.822485649283735,21.852578045584018],[71.823886535191178,21.85265576810211],[71.824454121487108,21.852708297754901],[71.824432148256918,21.852520581623356],[71.824502101533668,21.851688938151433],[71.824644353799556,21.85106502873251],[71.824772405575786,21.850514909751073],[71.824973529461516,21.850514513513353],[71.825087607953648,21.850138769835006],[71.825216385610375,21.849910522337208],[71.825236401835753,21.849233207789439],[71.826077489424392,21.849533303035248],[71.826868330253191,21.849846904934346],[71.827932249990511,21.850213605697725],[71.828003651251763,21.850025704314557],[71.828650609167283,21.85023899833541],[71.828931819721561,21.850707836028565],[71.829328022007445,21.851203266338722],[71.829744622184464,21.851195728094591],[71.830089653889928,21.851302328810782],[71.830822508318192,21.851381328421432],[71.831318415997913,21.851501035162585],[71.831771179762313,21.851600710147562],[71.831798874612375,21.851151373252044],[71.832574625514908,21.851143104798883],[71.833415054577642,21.851148113309666],[71.833479126025338,21.850899873270002],[71.833507577947927,21.850779113331605],[71.834067961270236,21.850824918822759],[71.834412761095905,21.850830925619611],[71.83457550669894,21.850578129040777],[71.834849346333428,21.85015276512965],[71.83514392631092,21.850185695137046],[71.835438600324579,21.850258858554643],[71.835970359960584,21.850351655636807],[71.836480508506341,21.850417672344534],[71.837378995234488,21.85067735832483],[71.83771689539509,21.850804074691386],[71.838270475763551,21.851010816287154],[71.838363933848242,21.851044152971095],[71.838680160231419,21.851117266325296],[71.83925541887227,21.851377605535141],[71.839787676461015,21.851678265432401],[71.840233485542072,21.851871811024118],[71.841139759951744,21.852379570523162],[71.841844706480586,21.85280056858258],[71.842513693570496,21.853201521217368],[71.843096358636117,21.853549005271496],[71.843736459627479,21.853882956128157],[71.844261520437456,21.854170204931425],[71.844606826960828,21.854384065348288],[71.844973845061091,21.854664936397242],[71.845729725646024,21.855347332383392],[71.845830581284844,21.855467823079156],[71.846672200069321,21.855955570059326],[71.847283684151634,21.856329801073109],[71.848147057730557,21.856897962651573],[71.848233484859051,21.856991659584281],[71.8490246092597,21.85738562147198],[71.849261984913568,21.857519232256877],[71.84983015362684,21.857799665921451],[71.851052190083209,21.858152468913602],[71.852211877854501,21.858465161948473],[71.85288590906643,21.858465200724517],[71.85309885625955,21.858105445937223],[71.854062098808441,21.858512581361058],[71.854220945802126,21.857893447771467],[71.854380579290194,21.857593689028722],[71.854453941968757,21.856994699951294],[71.854687428088042,21.856295561159062],[71.8548458017314,21.855486797914256],[71.85500488878948,21.85496746815317],[71.855047185213948,21.85477774709803],[71.855131432388788,21.854258578330743],[71.855184370295888,21.854048873255476],[71.85526911011776,21.853729313849993],[71.855300319849576,21.853379928171847],[71.85540656469135,21.853110224970866],[71.855725815705341,21.852510704895764],[71.855991559508738,21.851891338661151],[71.856257944358887,21.851531464329774],[71.856331989413917,21.851211927430516],[71.856438577331971,21.85108195019399],[71.856608072481635,21.850452810411895],[71.856992945454408,21.850451977648831],[71.857483188346919,21.849832122801249],[71.85790885957303,21.849042737648084],[71.858604334935634,21.84927077893153],[71.858987534418119,21.84860124973525],[71.859106620014344,21.848346158275731],[71.859252342499261,21.84808336645813],[71.859780881728156,21.84744402963014],[71.860129784826768,21.847495364807276],[71.860541940980355,21.847735411508776],[71.86136465288547,21.847577320748254],[71.861567055799412,21.847622461730865],[71.862028092163129,21.847881933768235],[71.862272085924914,21.847822789187219],[71.862566057619645,21.848219380409549],[71.863006483676486,21.848602624585567],[71.863272260633494,21.848882059000513],[71.863377848359463,21.849259527295061],[71.863413862237493,21.849708781766424],[71.862822533318791,21.851509171252026],[71.862482084633129,21.851425220033715],[71.863092772654198,21.84962483196583],[71.862667444560458,21.849697400849013],[71.862486523502966,21.849873624930311],[71.862200738591383,21.849958909989496],[71.862048900144202,21.850603939801939],[71.861805672138246,21.850969150371746],[71.862043384642931,21.851183527400384],[71.861891265488154,21.851717852191687],[71.861688955032136,21.851711783996361],[71.861633739737584,21.851946340111258],[71.862150267428802,21.852075448135984],[71.862687821681448,21.852243580778119],[71.863413429533992,21.852361824114158],[71.863965604675485,21.850564365046285],[71.864180092725192,21.850172154131791],[71.864622931310421,21.850382925461382],[71.864308306672598,21.851537657835767],[71.864028092881711,21.852611815963375],[71.864921610743892,21.852857299972587],[71.864996904494973,21.852290582246106],[71.865051452691247,21.851795543283504],[71.865209791038723,21.850968158238903],[71.865397337967934,21.850655162800741],[71.865809677620319,21.850960316452397],[71.866347912414867,21.85139543101878],[71.866858164702919,21.851798045621898],[71.867382104817707,21.852096434810818],[71.867703418941602,21.85226503268105],[71.868164447770056,21.852511462971439],[71.868359633569298,21.852458930404993],[71.86850612302176,21.852458603082813],[71.868711542431555,21.85249266633949],[71.86885673229807,21.852270328699305],[71.86933886211861,21.851810900232451],[71.869683159717042,21.851452043335929],[71.870188593778806,21.851107147470369],[71.8709466109012,21.850539669144844],[71.87125322876075,21.850445876921768],[71.871376342165902,21.850588833840018],[71.87211257992611,21.850501233607496],[71.8725342501086,21.850400017639348],[71.872587356113669,21.850170723049846],[71.873201108347629,21.850183658577539],[71.873631062651384,21.850318757367532],[71.874628518492727,21.850380949670377],[71.874704486065184,21.85009430885647],[71.875370067527939,21.849390948006725],[71.87581424057413,21.849096306431647],[71.876380853504642,21.848686796978775],[71.876447119591901,21.847626713235577],[71.876514041408015,21.846817287597947],[71.876084301163615,21.846760974468861],[71.876033608677091,21.844977824710128],[71.877260467619081,21.844774495175624],[71.878549559529901,21.844900452284005],[71.87864698314155,21.844026500290909],[71.878714570383096,21.843474893567308],[71.879765261721019,21.843379375578515],[71.879951922656588,21.844345776230266],[71.880764928646101,21.84429376942057],[71.881839607862744,21.844563429798725],[71.881797010767485,21.842966467842398],[71.880630784206645,21.842883222679937],[71.880522157522037,21.84241796227251],[71.880467133754607,21.84191676958525],[71.880735808081255,21.841987766745717],[71.881096496674587,21.842044227486415],[71.881155130701941,21.841012805928386],[71.881600083339194,21.841026100622468],[71.882068105958737,21.841060825809077],[71.88249781216075,21.841109961933597],[71.882842871236321,21.841059029497139],[71.883609258519201,21.840792265836328],[71.883824178326407,21.840841897856404],[71.883786378043013,21.841049675332187],[71.884254114070302,21.840976969363737],[71.884813594122079,21.840789460762416],[71.885411504055398,21.840630507322086],[71.885687061565633,21.840407850359853],[71.885870759690789,21.84025702491218],[71.886429638102541,21.839847499362666],[71.887464260555248,21.839494148875346],[71.887977956635709,21.839399839344374],[71.888414982263342,21.839320032172303],[71.889066422745472,21.839103645885398],[71.889764080273238,21.838958764915372],[71.890576351189267,21.838648890467773],[71.890959521594723,21.838511910445355],[71.891902229661923,21.838216043760685],[71.891954422095054,21.837664468453646],[71.892068272830699,21.837220172171037],[71.892456802516463,21.836238094649726],[71.893451835274419,21.835447937040609],[71.894339488432308,21.834665191872293],[71.894882802679888,21.834191219816681],[71.895094627674297,21.833116456662125],[71.895208504666428,21.832686481488803],[71.895267821875166,21.831941521759358],[71.895151329059331,21.831418996024887],[71.895089454308248,21.831232939744574],[71.894987792255549,21.830524173871389],[71.894900626608873,21.829507419614377],[71.894954122209143,21.829435674484731],[71.894935911276036,21.82839010821845],[71.894274640259596,21.827797267236729],[71.893277863275912,21.827928556385153],[71.89256464879908,21.827973224709822],[71.892801370297377,21.827585928921859],[71.892225655087671,21.827422578736069],[71.891235321975614,21.827102652186149],[71.891380276376466,21.826815839893669],[71.891662961686635,21.826406951518841],[71.892075198526541,21.8256898011796],[71.892303837584976,21.825152129190169],[71.891465538152886,21.824323360392341],[71.890981352545339,21.823966422129999],[71.889416861264294,21.824041737767775],[71.889722867237026,21.82374738506217],[71.890796299539616,21.823608774452264],[71.890702781776682,21.823064705211568],[71.890134271604708,21.822722287342327],[71.888936093475749,21.822109206905139],[71.888850331094346,21.821593765029608],[71.888656939734915,21.820985474120782],[71.888594246615497,21.820491462874514],[71.888546777587507,21.819954445400409],[71.88854505700111,21.819317056077928],[71.88905070101093,21.81910817525678],[71.890499567950798,21.81883977073522],[71.890645118300057,21.818774970886185],[71.891272752762617,21.818300810867093],[71.892099522067355,21.817725911548667],[71.892181137613051,21.816715914735902],[71.891811689092265,21.816236956393904],[71.891180718180777,21.815479309701281],[71.890449622732518,21.81456433926018],[71.889802823294758,21.813620519477809],[71.8894869606181,21.813098458680525],[71.889155451723298,21.812461846426984],[71.88867619783926,21.811073599561695],[71.890225132507794,21.810969682418904],[71.890429155985828,21.809844808557106],[71.890628731899724,21.809908792179304],[71.891687384026255,21.810013710614854],[71.891747413488162,21.809526570599054],[71.892054300627478,21.809568812718766],[71.892312343511591,21.808572719449089],[71.892562674746856,21.807562320569012],[71.891917862089954,21.807341838275608],[71.892152777949093,21.80630282950715],[71.892381016485317,21.805629084569937],[71.89263971423685,21.804876487819026],[71.892684533218414,21.804743671664234],[71.893640590032206,21.80500279067498],[71.893743118497227,21.804667279197556],[71.89396203791496,21.804615614756578],[71.894037057500938,21.804319404561394],[71.89408516215984,21.804031757646559],[71.894088342426272,21.803052171186831],[71.894121990605953,21.802499367584176],[71.893125710346595,21.802474379049695],[71.892591835952743,21.802251275855351],[71.891489229439387,21.801914597022751],[71.891377012100918,21.801591984830246],[71.890954676453788,21.801439754590959],[71.890977596626712,21.801248162475027],[71.890449011589496,21.800811611770776],[71.889353330889222,21.800863450391812],[71.889612486660738,21.801349892904575],[71.888903324562392,21.801313256352838],[71.888156953463664,21.800516024985221],[71.887611064732098,21.800178010910603],[71.887452242907443,21.799954010436256],[71.88690068905774,21.799687149907832],[71.886881478229839,21.799079745862333],[71.886623407746342,21.798992789773855],[71.885914096575064,21.798895942914186],[71.885298515250796,21.79878792939995],[71.884570735278132,21.798357296373403],[71.884277391470093,21.798226638555128],[71.883505743761447,21.796723489466913],[71.883182363109697,21.796313800950252],[71.882959472997285,21.796232229946959],[71.882970494492227,21.795969523545811],[71.882735493066789,21.795740222311156],[71.882336404690761,21.795505827978513],[71.881415944936322,21.795327362184395],[71.881344817013385,21.795021065283706],[71.88096982275313,21.795032875348689],[71.880852584606487,21.795016728057245],[71.880817643092655,21.795098896383781],[71.880442417423225,21.795023145473145],[71.879669436574744,21.795216461610778],[71.878901493229023,21.795097828946115],[71.878385189338729,21.79485274865814],[71.878227048372764,21.794880473326209],[71.877840234204044,21.79485399569576],[71.877556802212581,21.794028292837524],[71.877204962427072,21.7939305909869],[71.876929170293451,21.793783462227498],[71.876939246784985,21.791792190605342],[71.877052294277576,21.790979218939707],[71.877077450517803,21.790811838109057],[71.876079381303839,21.790849967441954],[71.875055499850149,21.790804487604884],[71.874825341034494,21.790876719844647],[71.874301348143135,21.79114084436462],[71.873853546441438,21.791177713038845],[71.872957200131438,21.790964608170093],[71.872560154036108,21.790834035289212],[71.872008465651334,21.790285500844931],[71.871559433680389,21.789844298834801],[71.870522149083442,21.789559787294802],[71.869971700213085,21.789489310364324],[71.869420884323063,21.789275412210994],[71.868870620509625,21.789276641283248],[71.86805153159267,21.789242612356301],[71.866989637913079,21.789340587250827],[71.866986960522354,21.788288844765393],[71.865524462195836,21.788106834537661],[71.864017239192918,21.787948813212825],[71.863431517962496,21.787842536982886],[71.863353743658521,21.787448302150246],[71.861731719455364,21.787433932527115],[71.859476237240159,21.787411962161549],[71.859333123543593,21.787752896696645],[71.858257264165118,21.78737875377772],[71.857565465330936,21.787066519777834],[71.856806442802721,21.786736500419273],[71.854349159971349,21.786607330143493],[71.854003277156949,21.786455687101085],[71.853321770101005,21.786421290210146],[71.852553732849088,21.786324328649133],[71.851929811333108,21.786289803168543],[71.851334747934843,21.786282105327885],[71.851037270807453,21.786300664935858],[71.850384600903993,21.786284122229375],[71.850202075263994,21.786212798817463],[71.850249779392755,21.786096168599673],[71.849692541278969,21.785855326387743],[71.849116327239855,21.785704160161785],[71.84902810622232,21.784942425035915],[71.848941231084623,21.784736441463032],[71.848873832799484,21.784646945902999],[71.847769620010951,21.784434141949305],[71.847174434775113,21.784372646593457],[71.845543169227611,21.784492593867149],[71.845178599388575,21.784547138281006],[71.845139780939064,21.784367943633271],[71.844812207296158,21.783839763908926],[71.842893133087671,21.784005104035401],[71.842432164602641,21.783880566577135],[71.842247539643807,21.782921823580914],[71.841431499168834,21.782806981805436],[71.840721495249909,21.782889120847088],[71.840490221562732,21.782566404998583],[71.840279948103344,21.782067749597999],[71.840128960576749,21.782078910069089],[71.839976412786186,21.781428238975675],[71.839846766629023,21.780636473853708],[71.839798972263878,21.780072385090694],[71.840181975273623,21.779930550692885],[71.840727835135695,21.779886027606459],[71.84126236081255,21.779960873361663],[71.842540583257204,21.78014267565699],[71.842619886541129,21.779296230935241],[71.842535507189993,21.778005285516951],[71.842451052249885,21.776681790736724],[71.842508230390678,21.776301930951469],[71.843039724956,21.775107356251258],[71.843802801551348,21.773608505298544],[71.845391841720584,21.772639565757196],[71.847169711389768,21.772917936543127],[71.847366916188022,21.772809024882942],[71.848541013022739,21.773186295794172],[71.848936260613385,21.773315659285647],[71.84983090454331,21.773411416847939],[71.850086660218452,21.773497673602559],[71.850958153730303,21.773626023300839],[71.852340819428179,21.773785829262206],[71.853084570130008,21.773925289588945],[71.853514405001349,21.773946070732304],[71.853894343954934,21.772567340110353],[71.854124738881751,21.771785664988318],[71.854181138780092,21.771102009975309],[71.854224298090898,21.769756548414271],[71.85433696197029,21.768334989468858],[71.85434703210413,21.767705682160276],[71.854346579229912,21.767521237302734],[71.853926356464939,21.766675856095649],[71.853401337392867,21.765722200031906],[71.853225969711232,21.765256035003745],[71.854363655951133,21.765014907008492],[71.855257503756221,21.764806844353835],[71.856012103108284,21.764653325425847],[71.855811947321996,21.763557930530808],[71.855553560377857,21.762397561816094],[71.855377522253846,21.761660156324268],[71.855178523570373,21.7610312974791],[71.855106486996718,21.76007667296],[71.855000088082221,21.759317417791355],[71.854789026697162,21.758504138104694],[71.854648107271387,21.757875153756387],[71.854518723576234,21.757213595206604],[71.854355030655,21.756769105344961],[71.854226101826711,21.756291991560488],[71.853875625458883,21.755457309154462],[71.853700309095757,21.755007418476747],[71.853437874344607,21.754552288784193],[71.853114228341028,21.753999641298446],[71.852956343930174,21.753552424952822],[71.852833799654945,21.753308566352491],[71.852815643041637,21.753007523813647],[71.852771295352298,21.752682125099106],[71.852691609138844,21.752153368372717],[71.852637816469581,21.751526908403658],[71.85263733965968,21.751331613430718],[71.852515155339844,21.751234225732684],[71.852262156164429,21.751072017760794],[71.851685763100789,21.750454806194071],[71.851545387052099,21.750040100353015],[71.851710685596501,21.749958375819372],[71.852032789927833,21.749884455007816],[71.852729219826344,21.749720225559596],[71.853452077727738,21.749677996771574],[71.853459712838045,21.749238564415428],[71.853441535654042,21.748929384515996],[71.85333587774852,21.748465782005677],[71.853160936589404,21.748165073951512],[71.852905357959784,21.746945018599579],[71.852711688119356,21.746107285620184],[71.852648810571978,21.745326235095376],[71.852472961579238,21.744651210461434],[71.852367230734913,21.744155057818212],[71.85234945356045,21.744008623532537],[71.852225490462317,21.743178878571925],[71.852172596199054,21.742918596178693],[71.851995682166049,21.741804156555244],[71.851959039230934,21.741063736237859],[71.851852322373247,21.740160717887964],[71.85194448353036,21.738663250513699],[71.852038228557063,21.73781676722437],[71.85214014686494,21.736750558045863],[71.852208554277141,21.736229622299128],[71.852223316363947,21.7351391861949],[71.852230459445266,21.734496320399927],[71.8520387928845,21.734472315909585],[71.850549700217115,21.734564985610149],[71.849173710051872,21.734608579390191],[71.848041661217394,21.734684198644334],[71.846700545608726,21.734743973300585],[71.845072017235196,21.734804336258996],[71.844810966970542,21.734902528270705],[71.844044593836983,21.734928534304522],[71.843922700287976,21.734945062211807],[71.843052102958538,21.73509334040531],[71.842460283868434,21.735273587171267],[71.842251198788659,21.735249607368811],[71.84206845399099,21.735315083802139],[71.841676527705602,21.735315892929471],[71.841075670032694,21.735357818371575],[71.840823191145944,21.73539902498473],[71.839726045335226,21.735507065085738],[71.839429961004086,21.735523946963568],[71.838585197826717,21.735550088437229],[71.838446627131603,21.735884003350776],[71.836365224317476,21.735961480553719],[71.834153232468424,21.736063607265613],[71.833900693832206,21.736080391396953],[71.832951430389357,21.736114852215398],[71.832716029605749,21.736009539678733],[71.832489488416542,21.735969307898085],[71.832062759271508,21.735986438887974],[71.831374837568703,21.73604477847493],[71.830704185395263,21.736037981829501],[71.830425461939839,21.736030400871055],[71.829955481850547,21.736177810522754],[71.829006068328596,21.736147150139537],[71.828518741244338,21.73632713964593],[71.827978786309444,21.73634448471881],[71.826889743169957,21.73619202825504],[71.825705392446778,21.736259460928558],[71.824460311106535,21.736432789892675],[71.822100039304686,21.736445535197923],[71.821821405893957,21.736478626416954],[71.821374960617504,21.736564456513964],[71.821513861877179,21.73711444679995],[71.82166092193529,21.73789310049337],[71.821807363085796,21.738393052154347],[71.82202367999912,21.739357372745364],[71.822215491651818,21.739621410092251],[71.822338145008445,21.739742657260745],[71.822438266372956,21.740049750185943],[71.822454760087638,21.740585685261344],[71.82245582842917,21.741064480514165],[71.822326847833409,21.741536382754344],[71.822236478065761,21.74217257297018],[71.822259982962734,21.742422645187858],[71.822254198547412,21.743258765033257],[71.822285289027363,21.743480237539632],[71.822264190566798,21.744309240865324],[71.822203905729268,21.744716693083546],[71.822036691170211,21.745195815572703],[71.821883691344055,21.745188966923699],[71.821922351307109,21.745374693603296],[71.821970062026267,21.746189270444283],[71.821932229808894,21.746375145861791],[71.821834269961698,21.747039935194127],[71.821758174931318,21.747218738724371],[71.82175151241492,21.747661817534173],[71.821859717492529,21.748161842778071],[71.822013899264647,21.748697509582893],[71.82209966776206,21.749426257336015],[71.8216182475838,21.749648726398799],[71.821190101880376,21.749749604923021],[71.820547787026584,21.749858043496101],[71.819913152278062,21.749980757184648],[71.819576608085299,21.749995699800028],[71.818153794308586,21.749991294753237],[71.818100499942602,21.750105736762166],[71.817733357383233,21.750120734440511],[71.817819687058162,21.751113893654665],[71.816519473550727,21.751209286310896],[71.815548156477107,21.751289749561991],[71.815326429523338,21.751340195730382],[71.815319482040692,21.751661789015554],[71.814378463815558,21.75160640945515],[71.813826470259926,21.751042905385333],[71.813818153121218,21.750735633499627],[71.812241723717449,21.750445619880047],[71.812324384636256,21.749759426216023],[71.811750306162736,21.749588999096471],[71.811268099135731,21.749454128351857],[71.811068767707383,21.74924726251351],[71.810303933347825,21.749298721792524],[71.810059351275783,21.749392081118092],[71.809431776833733,21.749243184798939],[71.808582263861766,21.749044676413451],[71.808512457666552,21.74859459411925],[71.807609449745087,21.748417619066025],[71.807372136608421,21.748332305176643],[71.807401426331666,21.747717674984433],[71.807178547020285,21.747224998833978],[71.806649803914809,21.746782912874167],[71.805586265267038,21.746649101317345],[71.804714292040913,21.746672147493136],[71.80388860503011,21.746880906166147],[71.802756913250604,21.74707592825721],[71.802221297170632,21.746998298497363],[71.801264940253802,21.74690714082945],[71.800698743223947,21.74683670801728],[71.799230003956637,21.746803638456694],[71.798304453739902,21.746812455256954],[71.797631227155165,21.746770789725318],[71.797493142504905,21.74657808957895],[71.797430271053031,21.745763531589571],[71.797565484820197,21.744562720699665],[71.79734295271237,21.744220101127063],[71.796439882452972,21.743993041086142],[71.795705183770906,21.743808552855047],[71.795406136778439,21.74345177476981],[71.79509166171475,21.743030707452871],[71.795243446414091,21.742444445101043],[71.795448685510905,21.741815209748356],[71.795234162115221,21.741644082645809],[71.794446152176917,21.741566877335472],[71.793971970887952,21.741596304954051],[71.792900817653262,21.741455278609052],[71.792158602804122,21.741327957660012],[71.791278750329994,21.741222314308907],[71.790643135363595,21.74085182665431],[71.789984963899755,21.740674324633144],[71.789655671075352,21.740481952442941],[71.78903510411071,21.739982799761897],[71.788862571213144,21.739767125429399],[71.788549053942006,21.739386538969757],[71.788752745708152,21.739246435042382],[71.788140301462036,21.738980708764814],[71.787759480801355,21.738943257727509],[71.787555030175426,21.738702228563433],[71.787505371703944,21.739152479054081],[71.787322622859975,21.739879394109881],[71.787171255352234,21.740950432359391],[71.787080221098847,21.741485978006661],[71.787060875346157,21.742050080774352],[71.786795799605741,21.742547685914165],[71.786756896868241,21.743570726161742],[71.786728549553217,21.744756276363599],[71.786802840012044,21.746094616445838],[71.786239829410974,21.746009546551281],[71.786180417186188,21.747013500767331],[71.786090133041739,21.747931463812328],[71.78579579896325,21.749165275272805],[71.785520037745755,21.749443005346812],[71.784906921153507,21.749902965285862],[71.785153970786169,21.751966314000256],[71.785368598519781,21.752261883333453],[71.785523721776727,21.752773510718693],[71.785815518353189,21.753124934770423],[71.786038109022286,21.753116551827528],[71.786176048565608,21.753596214790729],[71.786612907556531,21.753699437390726],[71.786922181942614,21.754226792974979],[71.787154672016271,21.754890253230361],[71.787215066588971,21.755122100718275],[71.78726691535087,21.755361961366539],[71.787345500526584,21.756129666950596],[71.787843975910477,21.757072606278633],[71.788067402262101,21.757480133436964],[71.788051123850479,21.757904074443925],[71.788009781299763,21.758639994766689],[71.787959158359726,21.759016005383497],[71.787926457028277,21.759791902305459],[71.787936279402516,21.760423754857189],[71.787817747762958,21.761095822452244],[71.787741851192081,21.761679833935563],[71.787700107711473,21.762215795869629],[71.787700872861279,21.762599715235726],[71.787658953677663,21.763047695590107],[71.787591777303348,21.763711675185696],[71.787575242061493,21.76400764275246],[71.787559025446797,21.764463576674107],[71.787491306376751,21.764855613323501],[71.787406668985284,21.765351657813973],[71.787484528158927,21.765751439762589],[71.787793162232333,21.765942863340481],[71.787776547466009,21.76619883926401],[71.787477941107767,21.766743245899139],[71.787427473497175,21.767199239189242],[71.787379599660625,21.767524588332652],[71.787197524201943,21.767823509388627],[71.786797424775457,21.767568256647902],[71.78660420649355,21.768005834328392],[71.786342083433937,21.768240906391835],[71.786046913633498,21.769083909231448],[71.784785023895338,21.769961859626321],[71.784517058243878,21.770749041730067],[71.784372020099525,21.771231813305381],[71.78419368353984,21.771913944557372],[71.783948336473301,21.772785003619724],[71.784206793821767,21.77286847650624],[71.784106962310986,21.773498024571964],[71.784040614023326,21.774022618950646],[71.783568925609075,21.77401293888277],[71.782692765596579,21.773909542943457],[71.781883762364572,21.773690642181002],[71.781805458569565,21.773848119783395],[71.781794556211423,21.774015972111275],[71.78034539316873,21.773777174248117],[71.779671481285661,21.773725867319836],[71.778896376714656,21.773611790669115],[71.778009072887571,21.773550347099242],[71.776739723309362,21.773374152811236],[71.775616428513644,21.773229174227062],[71.774785358777166,21.773209578047826],[71.773819328574092,21.773085305060828],[71.773325004466798,21.77298122667321],[71.772504809829911,21.772772787941935],[71.77192048881092,21.772584936671823],[71.771584731469588,21.773193886216518],[71.77034941679365,21.773195910373182],[71.769743126817616,21.773270327774835],[71.769503580049502,21.773346754274296],[71.769237010093804,21.773270366058419],[71.768705614638293,21.773282384858],[71.768454211270722,21.772948158798329],[71.767979504737383,21.772940562879278],[71.767289425377555,21.772707435621832],[71.766563460772119,21.772440899862474],[71.766438024775439,21.772416004422144],[71.765980939815535,21.772249422990992],[71.765210213371532,21.771991319084741],[71.764582791426662,21.771732982346599],[71.763677587401943,21.771399793557311],[71.762647120837684,21.771133725660494],[71.762306537142621,21.771000412373738],[71.761383490869022,21.770700702673931],[71.760836914637295,21.770567711771875],[71.759662737141028,21.770067607483508],[71.759295109509978,21.769833939985574],[71.758192682776482,21.769383907826594],[71.757887932088195,21.769250529400434],[71.757520443744767,21.769092150495752],[71.757269535849247,21.769017248155254],[71.75706349859172,21.768992470911691],[71.756669262269298,21.768901058624149],[71.756104710441676,21.76872625050672],[71.75466182046047,21.768193062719838],[71.754233354928346,21.769005211342268],[71.75401030403961,21.769490774531437],[71.753688703392214,21.769959756859741],[71.753080088609096,21.770194933656118],[71.752648054780209,21.770448930175075],[71.751889709854765,21.770077929657425],[71.751418877077811,21.769910593552936],[71.750968579624328,21.769613953750728],[71.749902411015555,21.769305317291774],[71.749362352888639,21.769118689180218],[71.749175455084114,21.769080189498702],[71.748005366173032,21.768694134524541],[71.74747216805946,21.768532745546107],[71.746963833522798,21.768389062066561],[71.745770441916207,21.768101953080443],[71.745019078138654,21.767937989775515],[71.744577249310836,21.76787401845262],[71.744565006157998,21.767872245778609],[71.744102088563793,21.767805219698907],[71.743163009993978,21.767672476998268],[71.742533323010491,21.76761149724037],[71.74179294146937,21.767406233589412],[71.741361933374321,21.767262419741169],[71.74066602880167,21.767232481613277],[71.739881642194533,21.767130447218602],[71.738997695470502,21.766935696524101],[71.738003264582161,21.766720465324934],[71.736986830847215,21.766556846573376],[71.736732824303076,21.766577845075691],[71.736068726332846,21.765732768492917],[71.735659381139058,21.765320656673403],[71.73512860930802,21.764949986000651],[71.734332892156687,21.764662228236233],[71.73381342188064,21.764446298112571],[71.733161262441513,21.764137696901265],[71.73248625132257,21.763354525179015],[71.732496631613159,21.762941814895225],[71.732671405349933,21.761734434158416],[71.732328549497808,21.761446028952996],[71.731900616921166,21.761274225519369],[71.731232249363998,21.76113526803816],[71.730090649477219,21.760415872627501],[71.729466946543141,21.759383682636905],[71.729131786150319,21.758695442905342],[71.728750670489831,21.758082592990075],[71.728358940668116,21.758040090078762],[71.728001633498437,21.757911450762617],[71.727367979014502,21.757858517683669],[71.725836481675046,21.758237250336833],[71.724409120062631,21.758917135830455],[71.723073652226631,21.759435470084167],[71.722486551855923,21.759694524770929],[71.722325360358397,21.759748546484762],[71.721783906041921,21.75972775117361],[71.720195120277339,21.760332489700033],[71.719573255602143,21.760462448266782],[71.719078073506083,21.760570714785882],[71.718375796884729,21.760851429422534],[71.717501046034926,21.761347588064261],[71.716764267884813,21.761671385264361],[71.715739443529785,21.761963272055187],[71.714645496135134,21.762255242215172],[71.714012018415502,21.76233138997069],[71.713680193697996,21.762289885400943],[71.713507646581775,21.762221071251233],[71.713161967442332,21.762083208939945],[71.712458390277789,21.761617587694907],[71.711755375220193,21.761532095259483],[71.711496416506535,21.761532426514439],[71.710996743576032,21.761360277001028],[71.710441253368558,21.760963573158612],[71.709755760513318,21.760204178383223],[71.709200528525429,21.759980257525708],[71.708977440811722,21.7592029952825],[71.709494171630666,21.758390240058596],[71.709544525114808,21.758129523642317],[71.709604323791936,21.75781990140505],[71.709123337685824,21.75776867372436],[71.707680555306069,21.757735933407897],[71.706829614090154,21.757667884224823],[71.705738366154264,21.757703802231187],[71.705661672809356,21.755803233093452],[71.704718360248918,21.755804402817745],[71.704274448433807,21.75580495141552],[71.703608458871358,21.755719378370696],[71.703127384519078,21.755599018206251],[71.701943307093288,21.755375843419841],[71.700333579881914,21.754980388229935],[71.699205071775566,21.75480896282097],[71.69855753831618,21.75468878961399],[71.698020911883802,21.754516644850408],[71.69776163426819,21.754275052001429],[71.696337079258768,21.754017566586771],[71.694820095472139,21.753794735272486],[71.694560521868937,21.75332851350845],[71.69215562530303,21.753020305263263],[71.689392181064804,21.753120913731532],[71.689214899561989,21.753127366423904],[71.689203333903123,21.753123059950248],[71.689201790025905,21.75312669534383],[71.688666643031539,21.753099300157235],[71.68860535814737,21.752645782682567],[71.68808028401682,21.751945381588484],[71.687726938765692,21.751770533094568],[71.687607426425501,21.751698797489333],[71.687596074684663,21.751691983757919],[71.686578416110279,21.75108114191729],[71.685280881634867,21.750350674299028],[71.684817063864358,21.750072855068701],[71.6845743777411,21.750134978738252],[71.684044602985324,21.750053098227557],[71.683559007208657,21.750002093451815],[71.682847198943293,21.749951337313121],[71.68289039827863,21.749209055298206],[71.682877777919103,21.747956548736489],[71.683020392125002,21.747296627145872],[71.683223243857029,21.74628098466485],[71.68338234112818,21.745569500331648],[71.683337765159337,21.745224204420882],[71.682592844728063,21.745147711651601],[71.682118397788983,21.745174006336601],[71.681323694036607,21.744994474454241],[71.68134461776809,21.744082121280663],[71.681459895593107,21.743618098185063],[71.681772985237984,21.742514711171548],[71.681739837245928,21.742478666697803],[71.680652659032091,21.742232444927065],[71.679841402752388,21.74203746059117],[71.67822466802464,21.7418536501457],[71.677192822704683,21.741731051859784],[71.676105852362937,21.741644586654306],[71.674588539522333,21.741548259850429],[71.672861635646129,21.741498527800765],[71.67270602435778,21.74055027836566],[71.672589791235154,21.740235980403764],[71.672584028003726,21.740029809902207],[71.67274310332715,21.739261636474104],[71.672846378736637,21.737967770876324],[71.672900795814115,21.737338875529673],[71.672998909505381,21.736343971017128],[71.673081063879764,21.735843906898939],[71.673058601543246,21.735514047789472],[71.672009703162075,21.734927537216247],[71.670916471714904,21.734165815503712],[71.670193293243884,21.733759361351254],[71.669691309382358,21.733795957394836],[71.669858413373845,21.732934708367473],[71.669881256389033,21.732829693889439],[71.669880270618194,21.731990755491861],[71.669986430906675,21.730900742254246],[71.670054395294343,21.729961346947356],[71.670046434290327,21.729717560688684],[71.670300256478271,21.728029859834397],[71.670075011802297,21.727915364442303],[71.67004324707051,21.727007143026594],[71.670462192085623,21.726519123400298],[71.670583590904045,21.725343048287769],[71.670654211413321,21.724492084696664],[71.670959420185795,21.723009881252349],[71.671214221978161,21.722168287621439],[71.671397534269147,21.721441494402811],[71.67152945930718,21.720523542613996],[71.671753490394281,21.719624616333206],[71.671906204241878,21.718983899276221],[71.672006770029469,21.71751146580597],[71.671961362312047,21.716968950030989],[71.67259098592973,21.717293355167751],[71.673502093886299,21.717713069182505],[71.674253357095566,21.717878658363006],[71.674264124227477,21.717278511938474],[71.674140568434908,21.715569688166486],[71.673972749631915,21.714273210533914],[71.67374721128111,21.712833384270379],[71.673649723783839,21.711524881370831],[71.673590790714812,21.71037169736611],[71.673678651733283,21.710053715799596],[71.673611857889682,21.70980999079045],[71.67364723617456,21.709451431683693],[71.674137458916505,21.708733873269317],[71.674131825922544,21.708303652680456],[71.673753243782741,21.708270587881195],[71.67383362112605,21.707046748072887],[71.673833523542299,21.706965483152725],[71.673633771255382,21.706755359495222],[71.673377836353623,21.706616998794367],[71.672338863680181,21.706154393454405],[71.671437564608084,21.705313995781076],[71.67104350369307,21.705161433316103],[71.67110367292959,21.704133607306456],[71.671557749531544,21.703134055808814],[71.671869161297579,21.70261268077714],[71.671930481639023,21.702560033918175],[71.670604847606228,21.702329255801622],[71.669784969388999,21.702126879988736],[71.66870565637187,21.701784075285229],[71.667408858086119,21.701410219020442],[71.666245910945733,21.701059666579813],[71.665308857458399,21.700771409340099],[71.664873755261567,21.700599889288064],[71.664246292082552,21.700428558742715],[71.663476394045688,21.700030700598848],[71.662388616335349,21.699570621976932],[71.661643905640688,21.699250891165335],[71.660899198215617,21.698931156976428],[71.659585606363464,21.698455646652395],[71.659142102840548,21.698237223155502],[71.658045877916521,21.697675515098247],[71.656874399532057,21.697121686982179],[71.656681948838354,21.697035892228421],[71.65617985991274,21.696770619685999],[71.65544558730727,21.696409816616981],[71.655345975447119,21.697107493683149],[71.655283532937275,21.697371344316],[71.655177050416626,21.697512133136367],[71.654888494279206,21.697494816763552],[71.654405457931347,21.697448370846281],[71.653960144400827,21.697483957172334],[71.653307867470488,21.697549044009154],[71.652799932933277,21.697684339919231],[71.652423678112072,21.697778478955971],[71.652172898775902,21.697895950235438],[71.651821850034054,21.698101443686532],[71.650962977446937,21.698553605492997],[71.650354499017539,21.698518986041837],[71.649513995391345,21.698543194204237],[71.649458159079586,21.699141173416454],[71.648460884134579,21.699212413868608],[71.64802176434533,21.699177634153777],[71.647708157016922,21.699201361997574],[71.647657808657712,21.699037269496301],[71.647168597994181,21.699090462836566],[71.646760972654391,21.699184616883091],[71.646692027213845,21.699237436323077],[71.64630318942919,21.699302262383917],[71.64577013382133,21.699419972811913],[71.64492358606509,21.6996786449726],[71.644622692175346,21.699872355268958],[71.644893219917037,21.700675219626934],[71.645125938081222,21.701302255144849],[71.645245184394895,21.701366633243854],[71.645358352278834,21.70162446412634],[71.645540797662221,21.702157750301616],[71.645390269208747,21.702175468506997],[71.64477559191721,21.702228764795045],[71.644116999001639,21.702276234937887],[71.643715635439733,21.702370376069972],[71.643301737416095,21.702476251158767],[71.643257944027695,21.702593529931928],[71.641746348870754,21.702741380302868],[71.641413971630186,21.702823732784037],[71.640516980478509,21.702842081575124],[71.64033505833109,21.702830511565981],[71.639933617070724,21.702848437012381],[71.63927498579946,21.702860715689098],[71.639163292630158,21.704127011514881],[71.639164797091695,21.705692176391786],[71.639360572112722,21.707057868275346],[71.639348144673718,21.707180981643774],[71.638935152357234,21.708248220217836],[71.638534363501748,21.708963724898521],[71.637864274826256,21.710148416145081],[71.637244410488321,21.711385821353037],[71.6368875835051,21.712171629936904],[71.636486939606698,21.713062990509531],[71.636436886407225,21.713203720685886],[71.636204782200423,21.713209773639306],[71.636080469550251,21.714435042059574],[71.636106014821664,21.714915708289606],[71.636125391718807,21.71550775828684],[71.636125992823338,21.716146719967949],[71.635649618375467,21.716575039373645],[71.635487267944427,21.717384133380413],[71.635218469743364,21.718410209414454],[71.635046777214569,21.719103746233387],[71.634422124815643,21.719744135220065],[71.635168497308214,21.721913559029002],[71.635586301554298,21.722942591108652],[71.635958874464976,21.723359599305571],[71.634292443070507,21.724376421368888],[71.63335525667712,21.725156163585954],[71.632179986722136,21.726075195090953],[71.631629451186456,21.726409484202534],[71.631704737893784,21.727341424271977],[71.631706258208652,21.729010676371818],[71.630976803775894,21.729066896564429],[71.63024403692242,21.729087747729622],[71.629722872845377,21.729111384307956],[71.629092154910609,21.729162574034682],[71.628515532422611,21.729029942906724],[71.62781672712994,21.728783335921214],[71.62721280496288,21.728454270552302],[71.627152304150073,21.729069017733689],[71.625633123907974,21.729158896671951],[71.625456935373734,21.729336469598692],[71.624683674874845,21.729261008034008],[71.623754392733773,21.729153973894185],[71.623720686755561,21.729394809676535],[71.622832185027704,21.729389133838772],[71.620892324281684,21.729282829985827],[71.620370025939678,21.729219839155714],[71.620275794389912,21.730088093242884],[71.61946178018367,21.729942928566217],[71.618953018866222,21.729848237908048],[71.618186468780635,21.729684021489632],[71.617860937981192,21.72971593905967],[71.617596438622499,21.729735138426626],[71.617583213874013,21.730153397844287],[71.617497580896767,21.730495663168462],[71.616837789375793,21.730952402639971],[71.616720615024306,21.731434106441096],[71.616551322970025,21.731770093050809],[71.615887513987573,21.732866880640568],[71.615162676522615,21.733995393507282],[71.614695067032471,21.734490013291765],[71.614078395430639,21.735187522276082],[71.613401279920339,21.736658198664966],[71.613076277648503,21.737387189369173],[71.612920857630556,21.738135075169293],[71.612820084775194,21.739377218536912],[71.612759988126129,21.740593985508408],[71.612706070540369,21.741037620209624],[71.612524080255454,21.742514291425909],[71.612463550829972,21.743179729380042],[71.612497796713299,21.743604292629193],[71.612525619969077,21.744491469355804],[71.612925839251176,21.744510208161632],[71.61315005959564,21.744991675496369],[71.613387867677773,21.745498481629159],[71.613387917411174,21.745561852699268],[71.613524118704348,21.746246167240642],[71.614406046132274,21.746384976465674],[71.61596630237328,21.746529644262665],[71.616278340726595,21.746542099580775],[71.617356919212654,21.746598372389357],[71.617344114558335,21.747536273539406],[71.61731761448425,21.748315756601048],[71.61724367190655,21.749145970055579],[71.617223563576673,21.749443828323205],[71.617217119615333,21.749862081925244],[71.617142851935625,21.750293057736549],[71.617197365914791,21.750597200233479],[71.617848656130874,21.750698131454477],[71.617984816208306,21.751300059465898],[71.619335543609651,21.752294016458613],[71.620129723278339,21.752908140962997],[71.620861982737097,21.752476684746433],[71.622734413228528,21.752692880585251],[71.624018909834106,21.752869361865777],[71.624353577860475,21.752886009669616],[71.624697239584194,21.752843503726044],[71.625068071738212,21.752843223890547],[71.625511195292432,21.752766843179408],[71.626017631108766,21.752690413084771],[71.626587467951637,21.752715326601447],[71.626858734076094,21.752630624181865],[71.626946411899581,21.752696040343373],[71.627780812748242,21.75272866797463],[71.628370927318684,21.752671177359339],[71.629072981951822,21.752627855854158],[71.630380643856256,21.752783674078653],[71.630914892711232,21.752835533406234],[71.631484738087849,21.752868351424155],[71.631876525100978,21.752910815117623],[71.631958057572405,21.753053334909907],[71.632411014595874,21.753224074848511],[71.632431551137643,21.753426845652516],[71.632477363794536,21.754068968534707],[71.632423536854063,21.75455063124733],[71.632378816348734,21.755099882362821],[71.632388116794928,21.755378707309081],[71.632487974412271,21.755775752285707],[71.632531286497098,21.756155943548816],[71.632463600953827,21.756320762318275],[71.632260282205053,21.756530049216185],[71.631778918074403,21.756834614009875],[71.631378916129009,21.75709475313036],[71.630985794192043,21.757462616506604],[71.630748719403684,21.757855704097164],[71.630592945368079,21.758134659426098],[71.630403291920558,21.758458000989858],[71.630362846731629,21.758743202248812],[71.630160024270921,21.759510150681834],[71.630261993221609,21.759744543010981],[71.630161018370075,21.760612804677031],[71.630622826679812,21.761170105133772],[71.631193325427859,21.761885745464884],[71.631736647689664,21.762550708632613],[71.632613107072345,21.763994865693824],[71.633075204459871,21.764843665006925],[71.633550852081868,21.765667103613424],[71.634203005107665,21.76661080235862],[71.634633249836952,21.767233599939107],[71.635357736634077,21.768128650645981],[71.635747247581804,21.768711343609066],[71.635250859871178,21.769911572339602],[71.63520582903125,21.770122845420701],[71.635133763591099,21.770443983427906],[71.635080066291522,21.77106083712702],[71.635044049058635,21.771238304977881],[71.635125967997581,21.771779002799828],[71.635108097791985,21.77201560196065],[71.635036244727488,21.772564874780553],[71.63494637825103,21.773198656709052],[71.634829491452066,21.773959202276004],[71.634884122975677,21.774339382808606],[71.635074326935651,21.77459271093042],[71.63526435727627,21.774660151160912],[71.635518099092437,21.775141561793706],[71.635681325877727,21.77556390018615],[71.635746109552997,21.775811049995994],[71.635445780888787,21.775871846792082],[71.634243182257862,21.775942074221248],[71.633600734552004,21.776019535344904],[71.633484648797292,21.775196362592229],[71.633064627567506,21.775289030082273],[71.632290475587396,21.775466615083491],[71.631475001418352,21.77549804180574],[71.631467219787908,21.775998163181846],[71.631574734414244,21.776467416505241],[71.631393552488319,21.776513725054912],[71.630644006686552,21.776583565693919],[71.630669374216723,21.777306789065108],[71.629021977064525,21.777423493963497],[71.628939237468103,21.777015772318553],[71.627909599508513,21.777070430599011],[71.62714351979983,21.777078715537328],[71.62694565753938,21.77689420965471],[71.62607274697919,21.777194946647057],[71.625932622212417,21.777095030394182],[71.625562075756918,21.777256887876547],[71.625405583315867,21.777280088882076],[71.624417122899459,21.777327000108862],[71.623313218305185,21.777235498124579],[71.62298369206809,21.777204967235026],[71.622192859635021,21.777167083165839],[71.62133616647354,21.777175408140895],[71.621295296009464,21.777552448074097],[71.62065272450009,21.777499059653788],[71.6198371784659,21.777461182354646],[71.619804445683329,21.777722804816715],[71.61917832355995,21.777638622425691],[71.618560389082845,21.777492879141587],[71.618115941233981,21.777954842090583],[71.617530962860258,21.777816765500155],[71.617522606219708,21.777670583902246],[71.617341324305102,21.777601465926104],[71.617118967418364,21.777670870311088],[71.616904691953636,21.777547916654449],[71.616097445976152,21.777586955851959],[71.615306594634973,21.777525956617154],[71.615257021974926,21.777341333220274],[71.61454019989138,21.77714178521445],[71.613600907061809,21.776865446262143],[71.612299175284079,21.776597042589092],[71.611178142252797,21.778420857317546],[71.610610655531403,21.778890963437377],[71.609669259554508,21.779181907259048],[71.608517569273175,21.7794388289831],[71.608270755983739,21.779464606977498],[71.607594258281296,21.779473587340917],[71.606634467401008,21.77962790624624],[71.60569291457638,21.779722436840487],[71.604879379121002,21.779859574547224],[71.604257761994063,21.779911200073851],[71.603425866630104,21.779945877491013],[71.602758599511475,21.780082913201724],[71.601935856822863,21.780134654889604],[71.601725609093378,21.780160400569347],[71.601414727298604,21.780083743021464],[71.601131421464459,21.780220536194339],[71.600884677140755,21.780348767847901],[71.60035459532223,21.78057109735909],[71.599751375595403,21.780793469315654],[71.598983632302392,21.781067170017387],[71.599020628484453,21.78169047486184],[71.59903941110727,21.782416255262746],[71.599048752644734,21.782706566308974],[71.599085755426586,21.783338409733151],[71.599187294548543,21.784755776896162],[71.599242336318085,21.785028982974499],[71.599306661758291,21.785507112771086],[71.599343972375578,21.786582969215306],[71.599417877012471,21.787692958379608],[71.599400410396839,21.788879850801024],[71.599401199340036,21.790024038487225],[71.599447548629342,21.79094619199002],[71.59953958273347,21.791825624288112],[71.599594627927587,21.792098830002914],[71.599549203141649,21.792517254390464],[71.599266253387981,21.793209060443804],[71.599157132853932,21.794071536005152],[71.599020488377093,21.794797408511446],[71.598938970004255,21.795916028562733],[71.59877449562623,21.796061285053579],[71.599396614348507,21.796633005583562],[71.599515344119993,21.796445082489619],[71.599615970529911,21.796521870245403],[71.59981721775668,21.796666906863191],[71.599681631527019,21.798921207881627],[71.599673037666093,21.799715312852786],[71.599728754059527,21.800953391645017],[71.599793123936308,21.801482752507962],[71.599958225502476,21.802234058704034],[71.599940140112935,21.802524385588185],[71.600297393043704,21.803471965149019],[71.600553720185388,21.803915821853263],[71.600938560902605,21.805076850579596],[71.601250120632102,21.806041533063787],[71.601442587987677,21.806681817450571],[71.601671312471638,21.806869528197399],[71.60167195742342,21.807783168564178],[71.601681631669337,21.808534568020626],[71.601664079456214,21.809576299853166],[71.601719624140785,21.810541138287174],[71.601646973036139,21.81124989470938],[71.601592265871275,21.811471934432934],[71.601601946059432,21.812231872249296],[71.60258032658443,21.812188573909864],[71.603293572745031,21.812205206688283],[71.604272032917734,21.812272901289226],[71.604720698939673,21.813109409245158],[71.604647703495189,21.81332576905362],[71.60533094573492,21.813985660112355],[71.60529479381367,21.814566314146646],[71.605344037569608,21.815215223191515],[71.60568622396687,21.816307956740591],[71.606649624423596,21.816580575279616],[71.607015481147045,21.816694187724746],[71.607295906635727,21.816694005724834],[71.607552015341952,21.816784918427651],[71.60836911316332,21.817057622134595],[71.60913738378234,21.817250659650036],[71.609795863387646,21.817364072219679],[71.610198293273044,21.817466268344205],[71.610929961765422,21.817621372202499],[71.61172659664517,21.817696734456057],[71.61336136920778,21.817928827497248],[71.614185510819055,21.818128304706775],[71.615174476355037,21.818358439061022],[71.616113981001376,21.818557826094295],[71.616394242160979,21.818688427476715],[71.616806460524231,21.818965121883021],[71.617400309768428,21.819672552543036],[71.618060109847846,21.820410709997056],[71.618266305083836,21.82064907767727],[71.618604493126554,21.821072007283004],[71.619198417271591,21.821848677530834],[71.619091965100054,21.82265662848241],[71.618927792593354,21.823418456659176],[71.618903243807708,21.823626213372542],[71.618796604517826,21.824211037022753],[71.618690034180077,21.824880494922194],[71.618657162097605,21.824988235072205],[71.618641097138436,21.825492206013028],[71.618585732178047,21.825803854265011],[71.618493646801468,21.82655408888008],[71.618364184525859,21.826946577569942],[71.618339620112266,21.827137022549014],[71.618216659588967,21.827921902186155],[71.618056483160544,21.828545233585437],[71.617877925049768,21.829364775757927],[71.617779710094268,21.830184260341266],[71.617743208631879,21.830894060819944],[71.617675931989297,21.831759687302331],[71.617620883449391,21.832463730325202],[71.617553478052841,21.833173552597383],[71.617473616637469,21.833767973220656],[71.617455202212128,21.833923790412005],[71.618462519109784,21.83378457777237],[71.619247506604964,21.833853258583868],[71.620193174859025,21.833904507126654],[71.620990374436431,21.833794284592752],[71.621997730942837,21.833706985045193],[71.622980255475483,21.833492746400882],[71.623122407857977,21.833492640391228],[71.625415422692598,21.83353130710675],[71.626212798349542,21.83362879796125],[71.627275918181567,21.833702998106993],[71.62737472005206,21.833604823023624],[71.627869153159779,21.833592899564238],[71.628079265879094,21.833563884003684],[71.628604529242253,21.833471147127],[71.628864039380701,21.833390157379704],[71.629469601713552,21.833245420340766],[71.629760055209402,21.833210569064228],[71.630415101868621,21.833111953797857],[71.630890896902017,21.832996166661196],[71.631490359388067,21.832943755373016],[71.631700507387492,21.832955128817296],[71.632850082809711,21.83295420728037],[71.633363102822031,21.832994187079695],[71.634012137472439,21.833080219028439],[71.634352098297882,21.83311456569113],[71.634957821672558,21.833148694500693],[71.635408961651549,21.833107931264614],[71.635934229397563,21.833026712111497],[71.636311235352295,21.833020630580815],[71.636725285961546,21.832974123864574],[71.637238240983422,21.832944845437154],[71.637644083513393,21.832932966357262],[71.637940925108168,21.833117375075538],[71.63836969270686,21.83337861292155],[71.639424614947686,21.833493135277795],[71.640405154557669,21.833384587494361],[71.640853638930039,21.833386002457026],[71.641283692305606,21.833786790864682],[71.641727363035017,21.834162096200167],[71.642150582240305,21.834543785491874],[71.642334981788593,21.834804696307366],[71.642642383221812,21.835307467712603],[71.643236732174898,21.836313026442507],[71.643831095838436,21.837324950411475],[71.644908728452421,21.83736858027984],[71.645768077221206,21.837374190796879],[71.64651834211729,21.837418099066742],[71.646765070806993,21.838595876928327],[71.647032205870303,21.839716328089736],[71.647114212192633,21.839875443748106],[71.64763258732998,21.839906818406636],[71.648301055212428,21.839982629425407],[71.648308394361223,21.840485659293403],[71.648234388319281,21.841472696006367],[71.648527841867818,21.84164435586602],[71.648766581483244,21.841669610924797],[71.649196430611241,21.841828411421201],[71.649517088146325,21.841923634313556],[71.649503771804333,21.842235656261121],[71.649933610149688,21.842381719727079],[71.650424906428896,21.842597769059015],[71.650629585848264,21.842661257754017],[71.651093468532778,21.842749979156981],[71.651802941214342,21.842889413795248],[71.651980319693607,21.842933823288138],[71.652205609900236,21.843137377065645],[71.65248554545542,21.843417290581385],[71.652541136120561,21.844385106244641],[71.652752910158284,21.844703287549102],[71.65314239220848,21.845371518652229],[71.653776819547105,21.845479176622327],[71.654588609877251,21.845612136179465],[71.655209308806747,21.845637023413779],[71.656000487563972,21.84562990942819],[71.656498409646602,21.845648540348378],[71.656853141626712,21.845705511268964],[71.658074198483135,21.845863534088313],[71.65847664756599,21.845894985594544],[71.659076935881345,21.84596445067795],[71.659622617668077,21.845995761172098],[71.660250274452849,21.84614160600572],[71.660686863293378,21.846204856650715],[71.661321349788409,21.846357058282646],[71.661969493171782,21.846521979137083],[71.662651719478049,21.846667761197491],[71.663081569782136,21.846801055092101],[71.663129494775987,21.846960196241007],[71.663668288001205,21.846927824718652],[71.664561753361355,21.846895097924211],[71.664502686914744,21.847567829786584],[71.664515885771394,21.848185880699305],[71.664379519812371,21.849095620337369],[71.664380413449038,21.849876945586477],[71.664748949812832,21.849905731770317],[71.665283087588008,21.85001015152196],[71.665873327489919,21.850018305058278],[71.665967378376948,21.850333073156285],[71.66611733900146,21.850385399279169],[71.666136268608753,21.850551557753104],[71.666127162714815,21.850778967771362],[71.666295922147711,21.850883751902821],[71.666297248003687,21.852029500857252],[71.666279370524791,21.852772944563185],[71.66618607594279,21.853114139790375],[71.66614969244641,21.854058764244815],[71.666010562210062,21.855274623702655],[71.665833428138001,21.856035719722303],[71.665861919183186,21.856368045922778],[71.665571878973836,21.856718184670182],[71.665441053108509,21.85701568612479],[71.665272719706238,21.857286986534476],[71.664533664630071,21.858258551681967],[71.664028503241681,21.858941257014518],[71.663785250195559,21.859247615109417],[71.6635326964619,21.859615205310178],[71.66365518562003,21.860218569986792],[71.66372151904072,21.860874467365093],[71.663759485387985,21.861302992277807],[71.663788102425542,21.861749018799209],[71.663751432140671,21.862457495405078],[71.663743019849761,21.863297136480426],[71.663724809101183,21.863760701764313],[71.663585370558906,21.864731665390753],[71.663604618097693,21.865177701057391],[71.663680492973754,21.865982273481727],[71.663781942563986,21.86639671009646],[71.664466635667722,21.86638357755006],[71.665106857575338,21.866362186260535],[71.665382480661549,21.86632870807486],[71.666009286950214,21.866240923084927],[71.666587213763393,21.866178086500373],[71.667214158774243,21.866210653420971],[71.668076774083858,21.866263728919385],[71.668761612355766,21.866375085232825],[71.669268581075968,21.866465870335155],[71.669557610402009,21.866490474593807],[71.669802094853438,21.866444570370948],[71.670677868368927,21.866344060252118],[71.671455815517248,21.866235346831125],[71.672247632555681,21.866570689605879],[71.672394505154855,21.866695042859593],[71.672603509549987,21.866723875688823],[71.672963763476702,21.866818953220736],[71.673350910311015,21.867092461443033],[71.673693546619219,21.867324513387942],[71.674218593447733,21.867651827086458],[71.674721401571304,21.867970862212541],[71.675215339765444,21.868306506115527],[71.675669183053117,21.868575787642204],[71.675882733625897,21.868683465733177],[71.676363057900986,21.868790858254318],[71.676523320924801,21.868952545462157],[71.676630081451904,21.868993933322361],[71.677043667764693,21.869064043336714],[71.677764090820119,21.869171173629148],[71.677973115282938,21.869212450267771],[71.678391133623862,21.8692701014288],[71.678853805971428,21.869481261394526],[71.679160793587826,21.869638636463556],[71.679138774654234,21.869808819620015],[71.679192233297798,21.86989176599166],[71.679481260716031,21.869908052340168],[71.680081661549295,21.870031904036193],[71.680877772228868,21.870213641969016],[71.681255841063177,21.870321132369707],[71.681922986530893,21.870482255916912],[71.682065256773527,21.870473798337677],[71.683016759326861,21.870472744287124],[71.683941626721719,21.870504916265833],[71.68461309950608,21.870570568924965],[71.684582338414273,21.870852818578648],[71.684525475562012,21.87158332154587],[71.6844947354315,21.871882172018807],[71.684509061206526,21.872649947170011],[71.684505575038372,21.873396991084284],[71.6845151132692,21.873899157260642],[71.68453827355448,21.874621269889559],[71.68452570798074,21.875223066055014],[71.684495569957917,21.875990890689131],[71.684504788287697,21.876244043829711],[71.684407600901281,21.876738028889708],[71.684301407974033,21.877144869317124],[71.684226302608465,21.877522623357137],[71.684169078734399,21.87797506131578],[71.684018733040361,21.878626813821903],[71.683947982286611,21.87893400908202],[71.683887187962753,21.880071236997846],[71.683838477729211,21.880228999682288],[71.68374105694464,21.880544525001067],[71.683692516405415,21.880835094438648],[71.6836926704798,21.880955450602116],[71.68366235173626,21.881586317588233],[71.683636665293491,21.88236243697952],[71.683423247713918,21.882379275652792],[71.683295005539009,21.882935547578452],[71.683264636986181,21.88352906245326],[71.683198599240399,21.884047913055696],[71.683074944457701,21.884716235458495],[71.683070778429382,21.884936201568394],[71.682938027724745,21.885446825697461],[71.682862856401158,21.885778926477794],[71.68269001461708,21.886235642067419],[71.682481697842604,21.886771250868058],[71.68239317387048,21.887095065755027],[71.682309080478959,21.887406425033049],[71.682131688072218,21.887784290916443],[71.681985448817457,21.888182873247427],[71.681870410273433,21.888639523986249],[71.681710823632713,21.88903397056756],[71.681657855664142,21.88934529510529],[71.681627153345133,21.889681496344359],[71.681587856634692,21.890254269250089],[71.681611136869719,21.891080136139838],[71.681563077250217,21.89175667394457],[71.681563896919812,21.892404106298088],[71.681929142047011,21.892872677180055],[71.682219161586289,21.89330911899129],[71.682546715107264,21.893852124178139],[71.682966031414438,21.894261567911006],[71.683375111206971,21.894651956401866],[71.683712556996653,21.894937563321328],[71.684050150962108,21.895337562604581],[71.684397924639939,21.895708951455703],[71.68487874841091,21.896280378321666],[71.685134040613008,21.896222894816606],[71.685359206302437,21.896565821101067],[71.685247165245087,21.896813799177895],[71.685033136757767,21.897185817813181],[71.684931284791361,21.897414718675481],[71.684809064463138,21.897691306172362],[71.684840065105035,21.89796772159923],[71.685013974404924,21.898167714325794],[71.685034736148751,21.898425075672812],[71.685372637900315,21.899053858022775],[71.686077263844865,21.898900538777873],[71.686904354210043,21.898661282636354],[71.687385073305848,21.899137374337776],[71.687660824186835,21.899098929147513],[71.688080070406301,21.899432097389628],[71.6882746035445,21.899775054479313],[71.688468999757148,21.900013151087151],[71.688877985358644,21.900308197932159],[71.689092938931907,21.900641597804519],[71.689256755709323,21.900927392375483],[71.689584630785433,21.901680103156618],[71.690014849666341,21.902575686461862],[71.690281327806389,21.903242671706217],[71.690619428831241,21.903995368327088],[71.690660758789662,21.904348032462249],[71.69076359609484,21.904862682144412],[71.690826042648794,21.905730090512268],[71.690785942841174,21.906302102293889],[71.690286251270962,21.906950908130892],[71.690287099376974,21.907589601639472],[71.690410723408291,21.90837114436269],[71.69023697130622,21.908304616057631],[71.688898892067357,21.908420550561836],[71.688819466854355,21.910165135300943],[71.687767706713586,21.910509517903829],[71.687595064065604,21.911291400361488],[71.687422132740451,21.911854029670316],[71.687178100545708,21.912731320376459],[71.686964464206923,21.913417921152533],[71.686751037110909,21.914266578067231],[71.686609504390077,21.915410668217728],[71.685700069841019,21.915249640606973],[71.685291935654419,21.915640943384769],[71.685118497353756,21.915822260810508],[71.684720809590075,21.916394672568689],[71.684220896182282,21.916919534130553],[71.683843401629673,21.917310798971432],[71.683476243303318,21.917797378852455],[71.683027632985301,21.918503301650127],[71.682589003624585,21.919028089995756],[71.682293265820633,21.919447858691672],[71.681936349441074,21.919963021947098],[71.681487712718962,21.920659407730156],[71.681304240253013,21.920993256019308],[71.680692001641219,21.921584959693352],[71.680610486471423,21.921756638557589],[71.680304532780141,21.922185947562657],[71.680059852420712,21.922596123437074],[71.679590872849403,21.923378320845828],[71.679305286186604,21.923759942009195],[71.678836203458488,21.924465875408288],[71.678265079624396,21.925276778189243],[71.678081736072414,21.925725015477337],[71.677918765702742,21.926125566819827],[71.67761332687482,21.926983843249008],[71.677215920544739,21.927832685446464],[71.676848971971921,21.928528970122386],[71.676685971479102,21.928910454708841],[71.67647206140478,21.929434984766992],[71.676380601654131,21.929835457688792],[71.675983531825167,21.930970278293216],[71.675872373426699,21.931971334000806],[71.675924303058636,21.932657635013911],[71.676017407213308,21.933591742821292],[71.675916323914194,21.93447839473157],[71.675773784198924,21.934888454475672],[71.675580156523282,21.935298568652364],[71.674262874147146,21.935929130266171],[71.674561549529827,21.936580481431122],[71.675198166364765,21.937782644014408],[71.675673472406416,21.938852310249846],[71.675863722938487,21.939382771305226],[71.676025480538257,21.939869040577953],[71.67616833368163,21.94039955195386],[71.676272962562805,21.940682460788111],[71.676245099956887,21.941151244195638],[71.676283543351843,21.941575734441233],[71.676227294737288,21.942088770264331],[71.676399409397078,21.943282580197604],[71.67741379132957,21.943281488293838],[71.678684293382119,21.943403933503109],[71.679461792818941,21.943500374757988],[71.679850559600681,21.943561860587863],[71.680220399688167,21.943649899457473],[71.68096856557672,21.943038813581609],[71.681898017491264,21.943347341568813],[71.682618908391191,21.943656096149233],[71.683292344481444,21.943920678469077],[71.684487448366596,21.944379250009607],[71.68543578530182,21.94461698145086],[71.68597627676256,21.944704814672168],[71.686459921662632,21.944819243814894],[71.687208784455066,21.944756481650451],[71.687673388643049,21.94480901811858],[71.688052682056579,21.944870495312571],[71.68850792316438,21.945011484105208],[71.689570011293185,21.945231372289921],[71.690014670194188,21.944540995782845],[71.690289221827172,21.944257657390015],[71.690497481342518,21.94402746177775],[71.690572922674392,21.943726664784844],[71.69073957014686,21.943395359300599],[71.690893970338138,21.943211105990528],[71.691176365866795,21.943036653642622],[71.691407543310518,21.942894377362258],[71.69147892148807,21.943425423558242],[71.69158188314762,21.943919847884004],[71.691638566404833,21.944579174172745],[71.691695145553766,21.945160414577263],[71.691918463111421,21.945246916072325],[71.692579152369987,21.945532458218754],[71.693035265701283,21.945835590545908],[71.693342532282728,21.946104191926054],[71.693528827946921,21.946320877951973],[71.693761953986765,21.946780442485903],[71.69386467905305,21.947092664953143],[71.69394002170111,21.947786672950386],[71.694024100336193,21.948064212437519],[71.694173705179111,21.94865401801318],[71.694285638513662,21.9488968195739],[71.694425874226269,21.94943457867269],[71.694529098425733,21.950111200766596],[71.694688078846198,21.95075305184573],[71.694651101618675,21.950917943598416],[71.695460095838854,21.950812868689301],[71.696148219267698,21.950733962766616],[71.69718988879913,21.950750068306547],[71.698175623784465,21.950670796448165],[71.698250712686018,21.951165249602653],[71.69901363810871,21.951372556182381],[71.699692958511307,21.951649370475778],[71.700214355559126,21.952056517521267],[71.700363406587797,21.952229859893038],[71.700447561168005,21.952550776773965],[71.700615968875368,21.953262019862489],[71.700746956533663,21.953817136802336],[71.70083111293836,21.954138053411253],[71.700961955906465,21.954589055874827],[71.701046186472212,21.954962029450861],[71.701177079733668,21.955447736427718],[71.701363399490006,21.955664413144696],[71.70155897161807,21.955846373490726],[71.702220244452704,21.956496275707707],[71.702769704223883,21.956998817872513],[71.703077124044285,21.957345486005355],[71.703263806960805,21.95781376974411],[71.70365555582579,21.958594142166998],[71.703972529818174,21.959114320579165],[71.704364062855944,21.959738519912719],[71.704839470249411,21.960475404174804],[71.705081919699893,21.960908911273762],[71.705370888560182,21.96135103601166],[71.705641331881949,21.961845240552467],[71.706042180926261,21.962469423917575],[71.706396677837489,21.963197778773516],[71.706781278790615,21.96383716393645],[71.707158743709442,21.964363766680798],[71.707277637192178,21.96457184517471],[71.707564795986514,21.96535884649343],[71.70756640303135,21.966465058247284],[71.707734736957562,21.967089530741326],[71.707882219738465,21.967766086512036],[71.708071532500199,21.968423067670283],[71.708344836595131,21.969268648967081],[71.708520191560496,21.969919140035472],[71.708499452803935,21.97004930910078],[71.70919742015505,21.97028267817625],[71.709713968653446,21.97049024754773],[71.709644922277988,21.970978370887039],[71.709510411549388,21.971755301706235],[71.71182679901365,21.972616091114496],[71.713562869564257,21.973236139330197],[71.715362994661078,21.973344114429715],[71.717564345691741,21.97344740799436],[71.717748810547604,21.972830133392122],[71.717886228260113,21.972436595784185],[71.71788590095926,21.972222038781961],[71.718091801967233,21.971485118154963],[71.718236808545242,21.971041506715032],[71.718649400673058,21.970089752957794]],[[71.711087308017596,21.901384879045594],[71.710582911480486,21.901192307048124],[71.709718780877054,21.901235414266196],[71.709016624585203,21.901236307408574],[71.70818850119953,21.901279360868827],[71.707495419593599,21.901330640771217],[71.706640301205766,21.901382121264579],[71.706172111864532,21.901323902863208],[71.705676760170277,21.901156506820481],[71.70556841088289,21.900929820879895],[71.705145149188667,21.900812737901887],[71.704794191998403,21.900897182826849],[71.70450739924982,21.900807251693141],[71.704486170990108,21.90080059500994],[71.704073710266044,21.900671256354162],[71.703299278604433,21.900487397299855],[71.70270479284784,21.90023610675939],[71.702326616309293,21.900169365713285],[71.702046005098069,21.899069206708543],[71.702188791027396,21.89818694818117],[71.702305210074627,21.897758364701836],[71.70257423109463,21.897027164832469],[71.702878923359663,21.896060698269356],[71.702887271255008,21.895598644254644],[71.703012128792636,21.894775212362877],[71.703298476890296,21.893573545109874],[71.703208009262639,21.893254426492611],[71.703054698172011,21.893052996495808],[71.701263294726175,21.892979588862513],[71.701279694150955,21.891837060134094],[71.701261196164495,21.891484249150253],[71.701241472368437,21.890257756354849],[71.701276145480023,21.889308423372359],[71.701311171896492,21.888611113937639],[71.701364318277044,21.887997790319197],[71.701408321543283,21.887283668172437],[71.701479186077265,21.886468703433916],[71.701307941544016,21.886309297548614],[71.700983338026148,21.885906455342798],[71.700631956499535,21.885663260409842],[71.700415485778052,21.885344293333773],[71.700496072216353,21.885041766204282],[71.700603250110149,21.884445178382776],[71.700171333208303,21.884538112778163],[71.699235314916734,21.884598053400097],[71.698389351958483,21.88469148348538],[71.697597393727847,21.884784844446614],[71.69750605396905,21.883818860998463],[71.697767138464613,21.88386055175128],[71.698009815467046,21.883608235900006],[71.697846223743014,21.882465922340504],[71.697450279610663,21.882533603950403],[71.697081395315763,21.882643256287377],[71.696523619157048,21.882845542204901],[71.696234281942807,21.881888194699915],[71.695676404382283,21.882014870571204],[71.695082613943597,21.882208793590372],[71.694946871196152,21.881671302331345],[71.694747793583218,21.88089026223194],[71.693973843920617,21.880975183590813],[71.693424900646335,21.881051436438],[71.693064836902394,21.881026656418086],[71.692624014689684,21.88118678797403],[71.693090369573909,21.879934520633682],[71.693134355381289,21.87917839569965],[71.693393675456406,21.877917969039835],[71.693555379432325,21.877690957072979],[71.694418770700366,21.877202693010169],[71.695092906335148,21.876538231491335],[71.695505600166214,21.875563247380626],[71.695621998545988,21.875117865827367],[71.695423658656779,21.874874477457332],[71.694548927438575,21.873623790499963],[71.695196125048554,21.873018165931462],[71.695699336858311,21.872429511529909],[71.695517994123762,21.87144683062834],[71.695517605126639,21.871161203116817],[71.696219327765434,21.870950348421498],[71.69634458252311,21.870404145720016],[71.696425238403393,21.870152024891901],[71.696954824490746,21.869118091422557],[71.696728823185609,21.868387489616119],[71.697249920105094,21.867731602332494],[71.697440763019699,21.866891291188619],[71.697703725534865,21.86614050207724],[71.697930408394683,21.86518813619784],[71.698109754380383,21.864717474334892],[71.698528734786862,21.86398889836456],[71.698907932550455,21.863336952646808],[71.699733918090772,21.863546896886486],[71.700034174726611,21.863630583449265],[71.700634473766129,21.863643862261206],[71.70152008258691,21.86378286632311],[71.701940337717502,21.863824377300404],[71.702615751767425,21.863893590625651],[71.702961051621983,21.863991224905032],[71.703231277133398,21.864060934153471],[71.704176839427461,21.864143816184583],[71.704792227803893,21.864213094919901],[71.705242559221105,21.864296585418682],[71.70590290965346,21.864323778672322],[71.706758412545582,21.864392749910468],[71.707703958620343,21.864461603253737],[71.708319349943054,21.864530868792951],[71.709024661983804,21.8645159673693],[71.709595032898548,21.86458528522888],[71.710045327180794,21.864640745742065],[71.710339928384627,21.864699905902668],[71.711488450292563,21.865024132347962],[71.712400490317222,21.865264605051156],[71.713672846130635,21.865599162879093],[71.714461162381227,21.865892316103672],[71.715451858866828,21.866038112521103],[71.716465036492011,21.866162860790727],[71.717365518328918,21.86619319457245],[71.718074945378376,21.866412890179291],[71.718345171915672,21.866475570329442],[71.718694154866441,21.866517132897744],[71.719110606623303,21.866516579745941],[71.719798978038014,21.866535362464887],[71.720419543764223,21.866605451330148],[71.720837402661161,21.866604891931004],[71.721103321960939,21.86661044519203],[71.721147731343876,21.866669483667007],[71.7214390120171,21.866698641575443],[71.722407877677284,21.866821442829622],[71.722547292397252,21.866903991903062],[71.722857677497927,21.867004039162765],[71.723826463446102,21.867073643912164],[71.724200069698369,21.867114504707509],[71.724719405152499,21.867226083661418],[71.725726273639793,21.867354723333058],[71.726340477095775,21.867401159347974],[71.727100280517575,21.867435572884911],[71.727537116596039,21.867423150721446],[71.72764269764825,21.867768029378144],[71.727500709262259,21.86903674823002],[71.727511812551981,21.870364061161013],[71.727558317497966,21.871313288543028],[71.727649637487431,21.872144842558999],[71.727652102149349,21.873698988714363],[71.727844188069625,21.875639309516082],[71.727926165411276,21.87625245490651],[71.728000210679028,21.877537675498225],[71.728083645176653,21.879066506108757],[71.728057190744238,21.879410975610536],[71.727680670746125,21.880360787003958],[71.727295690679952,21.881655041932859],[71.726946095915082,21.882562810314813],[71.72662413635085,21.883873778165068],[71.726508822305433,21.884949238838672],[71.726481421669163,21.885135054135258],[71.726479439274044,21.885148497576214],[71.726366331164996,21.885915526317326],[71.726143636203616,21.887394372200113],[71.725902590362011,21.888654822105828],[71.725777366914244,21.889159041421028],[71.725589490483159,21.889890167849742],[71.725464066804662,21.890268375266533],[71.725114294906916,21.891083730588434],[71.724835990355828,21.8915545551313],[71.72436887767519,21.892168450018925],[71.72413531327517,21.89247119657529],[71.723829919749974,21.892891651516635],[71.723380552818995,21.893345904438714],[71.723246498118556,21.893967744661484],[71.723031232080331,21.894463682946604],[71.722995748372725,21.894799762543474],[71.722726600996651,21.895379781245754],[71.72227754839875,21.896044050356267],[71.722089215990707,21.896497947028749],[71.721864992489699,21.897027498921357],[71.721640429691035,21.89733863050747],[71.721451898958662,21.897666514886193],[71.720885978035028,21.898440147496618],[71.720571715632431,21.898961417566387],[71.720301789095046,21.899045786884962],[71.719581807570094,21.899155959085054],[71.718573957048875,21.899392522416843],[71.717359084965295,21.899646154661795],[71.716378144192845,21.899823863548178],[71.715856197789535,21.899933759047904],[71.715631036107013,21.899858447088086],[71.715568414323414,21.900118953471722],[71.715307421438837,21.900161298994984],[71.714371660090777,21.900456547854361],[71.71383184371652,21.900658868870067],[71.71339089749479,21.900760250542056],[71.712968129327209,21.900979218520298],[71.712194182389737,21.901131432231171],[71.711087308017596,21.901384879045594]]]]}},
{"type":"Feature","properties":{"Taluka":"Vallabhipur","District":"Bhavnagar","Dist_Id":"14","Taluka_Id":"14002"},"geometry":{"type":"MultiPolygon","coordinates":[[[[71.931245460393498,22.124716675125931],[71.932787415684018,22.124638460002473],[71.933424310260591,22.125979290689827],[71.93489922401686,22.125364743291453],[71.935480250648084,22.12490662613995],[71.935536118593589,22.124493203344599],[71.936362964184127,22.124258557974247],[71.937256851309229,22.124057433371227],[71.937938440242021,22.12380044082272],[71.938843500956054,22.123632836986729],[71.939849123971683,22.123543448274262],[71.941838022824939,22.123364670849202],[71.942698389182652,22.123252934958593],[71.943469366828083,22.123096504711725],[71.94446381625454,22.123007115999325],[71.946575624587524,22.122727776272658],[71.94770415708274,22.12256017243682],[71.949324327496953,22.122169096819576],[71.950564595882824,22.121856236325772],[71.951447309418711,22.121655111722795],[71.95285389067196,22.121501177243076],[71.95468759763547,22.120931703030713],[71.956396020272294,22.120419176239754],[71.956840210157878,22.12022555500744],[71.957865263739947,22.119678859763741],[71.958708085574145,22.119097996067364],[71.960177329041628,22.118061553000899],[71.962170488784707,22.116785930765513],[71.963275268756547,22.116091172226483],[71.964391438212601,22.115760877183394],[71.966373208471296,22.115350855750606],[71.968104410076478,22.114986392254764],[71.970906223200885,22.114667486695904],[71.97333218334515,22.114018286093824],[71.974473030017009,22.113794292903791],[71.977722829521738,22.113110923848936],[71.979909610496691,22.112655344479119],[71.982855690421616,22.111941603466587],[71.985391748913528,22.111379722243694],[71.98911231376691,22.110514121441149],[71.990949817225214,22.110134471966258],[71.993683293444136,22.109466288890463],[71.997236812528641,22.10872217591978],[72.000714401718213,22.107871761096241],[72.003873085348815,22.1073250658525],[72.005452427164158,22.107006160293455],[72.009628571387481,22.106398721133694],[72.014685502392453,22.105548306310158],[72.020775079968871,22.104546031696433],[72.01986884988527,22.103873207071526],[72.015766858682014,22.10245188003594],[72.01360006906647,22.101714580258243],[72.009694778318178,22.10024934237666],[72.00865174243836,22.099831999727783],[72.005603831428601,22.098622817658359],[72.002268991364005,22.098072310314148],[71.998313434715428,22.098709916526996],[71.997692646029947,22.096587273501083],[71.997072090529812,22.094525738428445],[71.995861360293588,22.092458801925396],[71.991851053039682,22.092844779014257],[71.991096012785718,22.093134634626651],[71.987937202374397,22.094366332895159],[71.98661155016346,22.094744146059629],[71.983219848195844,22.095573827439804],[71.980490949532452,22.096214561059139],[71.978301388369886,22.09665236194579],[71.975881089519575,22.097306495005789],[71.973260842873501,22.093532348903892],[71.968907085425755,22.088066379508369],[71.969044971624584,22.085562042050803],[71.969655690289031,22.081592280294952],[71.969927811451797,22.080741852945955],[71.970230874581532,22.079525703771424],[71.972691717038245,22.074975177585404],[71.976622689069401,22.067806963657947],[71.977649994186251,22.063506284884742],[71.977855184709313,22.061419780415886],[71.977694637012661,22.059568108552313],[71.976321807120442,22.058614570940588],[71.975246551593045,22.057228590607437],[71.974113672047324,22.055910201956511],[71.973398795678918,22.054118569867608],[71.972775437209052,22.049386616342058],[71.971674528238836,22.048958224222858],[71.970362845553737,22.049749162508572],[71.970418338854628,22.048513198868662],[71.970550691941796,22.047999057184214],[71.970874008513562,22.046679010576412],[71.971092323410488,22.045137098204876],[71.968796446736008,22.044491071342961],[71.966754110520938,22.043941487607132],[71.964353378415979,22.043101300195708],[71.963890800503094,22.042838787531963],[71.962159747893537,22.041816157880756],[71.962040911429384,22.041913691466316],[71.958884858015693,22.042380786177173],[71.956621939825894,22.042692592118691],[71.953957267946492,22.043130450415227],[71.952026011299367,22.044704851564443],[71.94968751453186,22.044683519503415],[71.949181370432186,22.044768221605125],[71.94753058808196,22.045564214033753],[71.945458828824769,22.045111642567548],[71.94541670991191,22.045931000553949],[71.943015415492354,22.044882218399042],[71.943012778780741,22.044035210854297],[71.941477678042915,22.043719990553406],[71.93980905086687,22.043571740348252],[71.938513252863359,22.043575215540884],[71.937114900875088,22.04413437408855],[71.935508696646281,22.044916241698374],[71.933768805315609,22.045823417402321],[71.933415596771411,22.045916435647118],[71.933314434787761,22.042816465842105],[71.933254489450675,22.040095390600069],[71.933169450062152,22.037615198047881],[71.933030777663987,22.034484939603598],[71.933099696427774,22.031667193774421],[71.933115272167328,22.028295707685],[71.933328586196438,22.026248194320072],[71.932786787978415,22.023255961817739],[71.931794124039342,22.021687244695336],[71.931480969706726,22.019239775090778],[71.931629394700153,22.019235789284874],[71.933535573383509,22.01916286440656],[71.933773739865174,22.019119029150012],[71.934965417799532,22.019177592387923],[71.936653645366931,22.019265685532805],[71.936779319201534,22.019234489894437],[71.939472972384948,22.019085329661273],[71.939539070994456,22.019054291652598],[71.940653451508609,22.017662565278002],[71.941734140206719,22.016085757631132],[71.9426860452011,22.015675827524692],[71.943347141465154,22.015408638244757],[71.945052506480252,22.014638670127773],[71.945475496651994,22.014433840159722],[71.946182761202522,22.014117136876003],[71.946976032518691,22.013787851779114],[71.947624765129675,22.013804598050292],[71.948782024084437,22.013455793505603],[71.950276266044739,22.012920891111722],[71.951413536534318,22.012535090151758],[71.953251497203169,22.011857254623042],[71.954547272541831,22.011366067290947],[71.954626582532086,22.011328814486433],[71.956338929104291,22.010706842293722],[71.958057919043625,22.010097178114361],[71.959472821678091,22.009611791486385],[71.960761835713171,22.009089713719188],[71.962051020171458,22.008623174747736],[71.962447872302178,22.008535645853307],[71.962844623740949,22.008417255564144],[71.963538861880068,22.008186924941697],[71.965680910141884,22.007427853504183],[71.967802694028151,22.00655154144091],[71.968662363442675,22.00631454512267],[71.969244184653689,22.006121544697432],[71.969773054321962,22.005928693938792],[71.97019630775776,22.005822554372511],[71.971069063284105,22.005542303020224],[71.971822515162359,22.005213013257489],[71.972602479178619,22.004895987944892],[71.974499558053054,22.004143680398577],[71.975054661390956,22.003882843315591],[71.976773134857538,22.003168059906926],[71.978511218712669,22.002385307932251],[71.978506124463067,22.000866976370162],[71.978389842248689,21.999743985940999],[71.978288475202788,21.999120895269016],[71.97823830899388,21.997842466105972],[71.978402200048421,21.997956858019332],[71.98004369759083,21.998871570314915],[71.981100478703993,21.999495203306729],[71.982926653382378,21.999887832272542],[71.982809405858859,22.001480161162618],[71.982790712946056,22.001754696109817],[71.983783631066629,22.002341901770492],[71.984221110000689,22.002601366466539],[71.984980801978381,22.002402411008081],[71.985608088920713,22.002217568171194],[71.986838270700559,22.001889119741296],[71.987536086269145,22.000812000889418],[71.987636677294418,22.000102628977878],[71.988763821406252,21.999774472694227],[71.990116280408955,21.999349567648348],[71.991451820497019,21.999711544161737],[71.991554945304443,21.999743257749529],[71.992748170873327,22.000087351409626],[71.993858373313614,22.000536903499157],[71.994170287246405,22.001363977412254],[71.994229327682817,22.001414120754895],[71.99454630994893,22.00228692511827],[71.9953724262609,22.002856264074708],[71.995690007223388,22.003898326442044],[71.996330679632365,22.004742700125636],[71.996470075746672,22.003918839879717],[71.997396354774452,22.003664426769767],[71.998295738570235,22.004137460566476],[71.998762666297736,22.004392221769429],[71.999008314762179,22.004496691502752],[72.000384357236712,22.005196995120532],[72.000482758889859,22.005279038591947],[72.001000920514812,22.006151215156716],[72.001380940886634,22.006799654363373],[72.002789114681264,22.006863962149275],[72.003748512108331,22.006261737997129],[72.004458263746599,22.005815814708374],[72.005089650392861,22.0054067270157],[72.00624344913949,22.005677648001239],[72.007220648609831,22.005949107167076],[72.007846713345884,22.006802628905728],[72.008638372123414,22.007317110392503],[72.009533171043628,22.007863289979568],[72.010632100651179,22.00787359513069],[72.011484283852084,22.007477519212301],[72.012458718916221,22.007029576148447],[72.013386671907554,22.007218367030401],[72.014023643111628,22.006686800176517],[72.014961284716208,22.005872952185825],[72.016235258464633,22.004826353024054],[72.016801522976678,22.00437774364827],[72.017650282280755,22.003531062446097],[72.018428588562102,22.002833541568272],[72.019066183872937,22.002483993587276],[72.019598023384603,22.002333367460004],[72.020610333659207,22.00254529515842],[72.021499513412508,22.003055491851459],[72.022621947336148,22.004260002136032],[72.02338764935908,22.004969170721068],[72.023884973298706,22.005083426183699],[72.024772596886152,22.00516333334058],[72.025978862942708,22.005027075832547],[72.027503581265805,22.004625000097104],[72.029577011228071,22.003840510409546],[72.030284459660948,22.003192810255722],[72.030951419095089,22.001204762905466],[72.031125118628381,22.000194706591422],[72.031861554319661,21.997809252245197],[72.032177823803721,21.996964223077892],[72.032509302210514,21.995440631340447],[72.032719586931236,21.99472833776813],[72.03333472549285,21.993137626377038],[72.033562871487206,21.992458371766041],[72.033664202974464,21.991084467470746],[72.034014945854295,21.989974536841014],[72.034418358716039,21.988715491980749],[72.034873446665642,21.987042550129718],[72.035436601838228,21.985799530909233],[72.035644685195308,21.98450802183044],[72.035802702098493,21.984060680165442],[72.036277803914018,21.982999985569023],[72.03636291558125,21.982039859273332],[72.036765415727061,21.980549123623707],[72.037238319821611,21.978909214425226],[72.037481926377197,21.977634135227209],[72.037833419045825,21.976739331728471],[72.03802316555722,21.975298936838243],[72.038322295140247,21.974635991458104],[72.038584876118463,21.973691830420972],[72.038669406421107,21.972582762025358],[72.039109153593103,21.971571822135768],[72.039546644367604,21.969965119998797],[72.039756108836741,21.969054229630725],[72.039912282987387,21.968126965053507],[72.040491624755475,21.966503244459499],[72.040771543226199,21.965459727643236],[72.041031460689666,21.963820507381904],[72.041591088032064,21.961683824288727],[72.042517034566245,21.957907564466513],[72.042973697521333,21.956697968073126],[72.043006412069275,21.95596969754919],[72.043411040072513,21.955074705621488],[72.043460234012144,21.954015397427334],[72.043599762669174,21.953386068117716],[72.043843840589076,21.952259918071245],[72.04431128523737,21.949229874919716],[72.044362865407876,21.948799425957574],[72.044363990813551,21.948250647868406],[72.044364094852099,21.948199916877442],[72.044369076643846,21.945770909028543],[72.044344094518124,21.943867837769311],[72.04412732673218,21.94284250717272],[72.044017811189619,21.942031960362744],[72.044043345916435,21.940170465555461],[72.041691400922417,21.941770704400842],[72.03846040651139,21.94360363384089],[72.036230169778449,21.944842218086407],[72.034314749061693,21.945570815136264],[72.032030796777505,21.946579676647136],[72.030027889371212,21.947456262658353],[72.026018496953498,21.948257174048496],[72.022958327716012,21.948775876695951],[72.022429309788436,21.948482049172572],[72.021013521933725,21.946303050334961],[72.020376004547501,21.945205114390909],[72.019792303465692,21.944386098850909],[72.019013847282409,21.943239350996635],[72.018642399697114,21.942715171230734],[72.018218103944193,21.942174739928731],[72.017528370384909,21.941224711785672],[72.016307657658871,21.939422651083927],[72.01547640777693,21.938259633429279],[72.014538942936241,21.936916353584955],[72.014114621149488,21.936359493573711],[72.013725318615485,21.935753271081538],[72.013406699101324,21.935228913277729],[72.013141871469372,21.934983480809137],[72.011992592235586,21.93344383867414],[72.011179184616552,21.932329993644313],[72.011019765886601,21.932034977855999],[72.010489428937191,21.931347098768349],[72.01010009716741,21.93072444964184],[72.009304315618124,21.929610539799274],[72.008756108741593,21.928840623443371],[72.007942752908605,21.92772676079321],[72.006864085885894,21.926219696127159],[72.00587353294037,21.924745187369506],[72.004868897802965,21.923429416119266],[72.003501453644972,21.921507307996304],[72.002551786286432,21.920089827867763],[71.998670251724207,21.92024290141881],[71.997107209852587,21.919301113122131],[71.995578459671961,21.918807022136107],[71.993481981862132,21.918151778737396],[71.991256207375159,21.917954888252495],[71.989512825470683,21.918479145276905],[71.986211965599708,21.919679719609775],[71.983738950292064,21.920562288717687],[71.983868429562989,21.920144624419056],[71.984172598067104,21.919777334115068],[71.985262645599221,21.919570568958047],[71.985970932973942,21.919364924967624],[71.986416716592259,21.918946323912539],[71.986839160820665,21.918079974400626],[71.986291932740173,21.917532000227034],[71.984781330806229,21.915938568193738],[71.984595325084726,21.9157660961815],[71.98604444534341,21.91531400453712],[71.986437098436127,21.915312843975627],[71.988456738074163,21.915846274963776],[71.989407217717741,21.916301444021702],[71.990379517583577,21.916756542423844],[71.990805349155053,21.916887581807735],[71.992842988362682,21.916301364203541],[71.992183421853468,21.914807225566477],[71.991435706663637,21.913048728347544],[71.990578141513069,21.91105646871511],[71.990369242193779,21.91056856425811],[71.989807922680299,21.909084299086878],[71.989334596442177,21.907813500659657],[71.988807337183516,21.906715880913392],[71.988729341991544,21.906531424817707],[71.988334548228963,21.905597742265901],[71.98799388880218,21.904845606009339],[71.987356101530352,21.903310669124519],[71.986927167175125,21.902253461746657],[71.986014892010019,21.900169736596354],[71.985784075119895,21.899641179232063],[71.985355508390782,21.898685742557028],[71.984762260861345,21.897405104103871],[71.984300887956991,21.896419227796724],[71.983937877307582,21.895494126920958],[71.983343901406826,21.893989575695961],[71.982860190664709,21.892840917326517],[71.982673190098396,21.892363114670598],[71.98261719085292,21.891925638545608],[71.982514728997401,21.890643550901277],[71.982378595612488,21.889076586435323],[71.982254260134212,21.887774206824052],[71.982096904793067,21.886380324349961],[71.981927656563968,21.884691323217517],[71.981815499051336,21.883765481447661],[71.981756020578956,21.882289889943447],[71.981697910309876,21.881221401959049],[71.981683623510264,21.88021385183816],[71.981634062305446,21.878443077355382],[71.981641892361353,21.877527061518666],[71.981675333464494,21.87732960898829],[71.981748815845705,21.876895731457253],[71.981932066917693,21.87626417802586],[71.982136577455748,21.875469718923334],[71.982351750348556,21.874603984390646],[71.982630222373515,21.873107046474455],[71.982963994996638,21.871844033052653],[71.983350840981743,21.87015339949081],[71.984049933184806,21.867291411379508],[71.984608837379412,21.864898006777093],[71.984682446146323,21.864093751028474],[71.98416326236557,21.863970879738179],[71.981333415954566,21.862486901854684],[71.980172296414977,21.86178080988083],[71.978873823123919,21.860982062181886],[71.975502974230281,21.858944798701913],[71.97368011152308,21.857798596418782],[71.972413355988479,21.856848512685033],[71.971271337694873,21.856132937530198],[71.970088387686616,21.855455809284635],[71.967701674777658,21.854005739812575],[71.966693546246461,21.853404767256762],[71.966055688347893,21.853004018623686],[71.965858627742946,21.852391161599797],[71.966773066712861,21.852599436500633],[71.967060851815432,21.852694467475256],[71.967482419144517,21.852884964600779],[71.968119437312296,21.853026926132728],[71.968755393622658,21.852843012169526],[71.96922751580307,21.85279374633674],[71.969885069017039,21.852935642588434],[71.969584759602142,21.852150561848322],[71.968454715601069,21.851942915227632],[71.967920432922654,21.851819832581739],[71.967190894047533,21.851639793975703],[71.966533535928207,21.851555393835191],[71.965999380538065,21.851470642927026],[71.965198071003414,21.851319552030009],[71.964509636078233,21.851148970089479],[71.964221979533804,21.851092272594776],[71.964200826718951,21.850900640224186],[71.963954609271667,21.850958840747726],[71.963492294111489,21.850864294912625],[71.963050420463205,21.85074093657801],[71.962793627341583,21.850703319092581],[71.962690249758609,21.850483163442487],[71.962454052398698,21.850464656824499],[71.962198030546233,21.850666651199809],[71.961573634656247,21.851253060678182],[71.961359969908742,21.851857488316046],[71.961370975317692,21.852087487866392],[71.961166621915623,21.85239476665615],[71.960560874369278,21.852396459735644],[71.960406049090295,21.851695932221403],[71.960130908142787,21.850586761004664],[71.959675743525736,21.849799241039225],[71.95926706481518,21.848448169070949],[71.959377284501571,21.847056211709905],[71.958900153879725,21.8469448557954],[71.955800914493722,21.84783238793495],[71.955282430455483,21.848002846564121],[71.95460016231975,21.848263276555059],[71.954287166676409,21.848527069077857],[71.953869489421095,21.84876861229942],[71.953734044501076,21.849197185315578],[71.953428499622063,21.849273148586533],[71.952294407280647,21.849441533312209],[71.95215013017598,21.849622223843738],[71.952086345614802,21.849810205883543],[71.951370404948392,21.849887289972049],[71.951602160808861,21.849375819938874],[71.951946027978224,21.848691259749284],[71.952424985427598,21.84746544354611],[71.952712611592233,21.846811085152645],[71.953217236135927,21.84607349489238],[71.953521328582241,21.845539286448844],[71.955246655538303,21.844047099983708],[71.955567614961112,21.843760746800857],[71.956088212042033,21.842993054577931],[71.956473086460988,21.842563789411273],[71.956673104010306,21.842202645859306],[71.957474287687447,21.841111143771879],[71.958251775060745,21.840162437174371],[71.958186446486778,21.839862127016399],[71.95812756094783,21.839058475408716],[71.957792041715209,21.837294018078371],[71.957190937446839,21.835507758846038],[71.957287299818148,21.835447393430577],[71.957082995430866,21.834456336483537],[71.956723816146962,21.83283467486579],[71.956491877580007,21.830739385181378],[71.956237405289841,21.82914748108514],[71.956016597909709,21.828021245997789],[71.955739641228405,21.826947751601168],[71.95562626476017,21.82671518319945],[71.955244436045987,21.825551829526251],[71.954775157770356,21.824719257203991],[71.954659434920771,21.82374297603425],[71.954585530714965,21.823269904167216],[71.954510322136201,21.822383658821501],[71.954249194468119,21.821219969564062],[71.954199310431633,21.820709269688056],[71.954028060536245,21.819981046560248],[71.95378428707977,21.819215460968106],[71.953677568330448,21.818539646095374],[71.953611028994132,21.817848696065042],[71.953554547339891,21.81779626504348],[71.953481407487132,21.817563584213467],[71.953480389880042,21.817240557479995],[71.953404077631149,21.815294397686859],[71.951235974929602,21.814725064164787],[71.948617510310896,21.814581758615578],[71.945893741962536,21.815115679274129],[71.944377957510227,21.81554601462469],[71.942835929268909,21.816176994261539],[71.941132354748504,21.816670487290573],[71.939911103324874,21.816836723341865],[71.938850424083995,21.816827009366456],[71.937319231206033,21.816617947736805],[71.936136733550967,21.81628258370435],[71.933705192189009,21.815800055923983],[71.931570046755411,21.815655209765282],[71.929824962413747,21.815747519171815],[71.927099757542749,21.815829811690438],[71.925433814186675,21.815445473384539],[71.924909359647373,21.815158478544497],[71.923565498116588,21.814723144974373],[71.923067753775456,21.814385928620744],[71.923092732335093,21.814166045223679],[71.922943928751025,21.812806692819859],[71.922466943877808,21.812011605621493],[71.921694308658076,21.811900895364051],[71.921362909423209,21.811368364949523],[71.920910928776166,21.810866190566919],[71.920845516681339,21.810505764744043],[71.920280453864379,21.80984611740239],[71.919169363093417,21.809533422760641],[71.918774910123261,21.809444275316288],[71.917761843711475,21.809642162160852],[71.916522392098642,21.809449971842103],[71.916167230910389,21.809037688028155],[71.915196466210034,21.809956638092984],[71.914320454237924,21.810259332183097],[71.913797804117451,21.810350790819186],[71.913621013556622,21.810418844860809],[71.91320268573088,21.810419892099457],[71.912494617163375,21.81037658815475],[71.912084398657896,21.810400149355463],[71.911714081668507,21.810310924798006],[71.911320102916264,21.810387030071006],[71.910716552591438,21.810320921078141],[71.910000226421047,21.810202503433647],[71.908720406293497,21.809957768237641],[71.906812867749395,21.809631934646845],[71.90667578914703,21.809519586934901],[71.904469741451351,21.808886454284064],[71.902456469533846,21.808140136818952],[71.901956862581414,21.807840859133716],[71.900885023442839,21.807159839437816],[71.900191810480337,21.806665704686047],[71.899829408618089,21.806523847500738],[71.899184698527606,21.80611222697592],[71.898322956328556,21.805761226319824],[71.896703648834858,21.804908713818318],[71.895422886214902,21.804295770779927],[71.89522309431382,21.804777040464469],[71.894328605540991,21.804663481816341],[71.89396203791496,21.804615614756578],[71.893743118497227,21.804667279197556],[71.893640590032206,21.80500279067498],[71.892684533218414,21.804743671664234],[71.89263971423685,21.804876487819026],[71.892381016485317,21.805629084569937],[71.892152777949093,21.80630282950715],[71.891917862089954,21.807341838275608],[71.892562674746856,21.807562320569012],[71.892312343511591,21.808572719449089],[71.892054300627478,21.809568812718766],[71.891747413488162,21.809526570599054],[71.891687384026255,21.810013710614854],[71.890628731899724,21.809908792179304],[71.890429155985828,21.809844808557106],[71.890225132507794,21.810969682418904],[71.88867619783926,21.811073599561695],[71.889155451723298,21.812461846426984],[71.8894869606181,21.813098458680525],[71.889802823294758,21.813620519477809],[71.890449622732518,21.81456433926018],[71.891180718180777,21.815479309701281],[71.891811689092265,21.816236956393904],[71.892181137613051,21.816715914735902],[71.892099522067355,21.817725911548667],[71.891272752762617,21.818300810867093],[71.890645118300057,21.818774970886185],[71.890499567950798,21.81883977073522],[71.88905070101093,21.81910817525678],[71.88854505700111,21.819317056077928],[71.888546777587507,21.819954445400409],[71.888594246615497,21.820491462874514],[71.888656939734915,21.820985474120782],[71.888850331094346,21.821593765029608],[71.888936093475749,21.822109206905139],[71.890134271604708,21.822722287342327],[71.890702781776682,21.823064705211568],[71.890796299539616,21.823608774452264],[71.889722867237026,21.82374738506217],[71.889416861264294,21.824041737767775],[71.890981352545339,21.823966422129999],[71.891465538152886,21.824323360392341],[71.892303837584976,21.825152129190169],[71.892075198526541,21.8256898011796],[71.891662961686635,21.826406951518841],[71.891380276376466,21.826815839893669],[71.891235321975614,21.827102652186149],[71.892225655087671,21.827422578736069],[71.892801370297377,21.827585928921859],[71.89256464879908,21.827973224709822],[71.893277863275912,21.827928556385153],[71.894274640259596,21.827797267236729],[71.894935911276036,21.82839010821845],[71.894954122209143,21.829435674484731],[71.894900626608873,21.829507419614377],[71.894987792255549,21.830524173871389],[71.895089454308248,21.831232939744574],[71.895151329059331,21.831418996024887],[71.895267821875166,21.831941521759358],[71.895208504666428,21.832686481488803],[71.895094627674297,21.833116456662125],[71.894882802679888,21.834191219816681],[71.894339488432308,21.834665191872293],[71.893451835274419,21.835447937040609],[71.892456802516463,21.836238094649726],[71.892068272830699,21.837220172171037],[71.891954422095054,21.837664468453646],[71.891902229661923,21.838216043760685],[71.890959521594723,21.838511910445355],[71.890576351189267,21.838648890467773],[71.889764080273238,21.838958764915372],[71.889066422745472,21.839103645885398],[71.888414982263342,21.839320032172303],[71.887977956635709,21.839399839344374],[71.887464260555248,21.839494148875346],[71.886429638102541,21.839847499362666],[71.885870759690789,21.84025702491218],[71.885687061565633,21.840407850359853],[71.885411504055398,21.840630507322086],[71.884813594122079,21.840789460762416],[71.884254114070302,21.840976969363737],[71.883786378043013,21.841049675332187],[71.883824178326407,21.840841897856404],[71.883609258519201,21.840792265836328],[71.882842871236321,21.841059029497139],[71.88249781216075,21.841109961933597],[71.882068105958737,21.841060825809077],[71.881600083339194,21.841026100622468],[71.881155130701941,21.841012805928386],[71.881096496674587,21.842044227486415],[71.880735808081255,21.841987766745717],[71.880467133754607,21.84191676958525],[71.880522157522037,21.84241796227251],[71.880630784206645,21.842883222679937],[71.881797010767485,21.842966467842398],[71.881839607862744,21.844563429798725],[71.880764928646101,21.84429376942057],[71.879951922656588,21.844345776230266],[71.879765261721019,21.843379375578515],[71.878714570383096,21.843474893567308],[71.87864698314155,21.844026500290909],[71.878549559529901,21.844900452284005],[71.877260467619081,21.844774495175624],[71.876033608677091,21.844977824710128],[71.876084301163615,21.846760974468861],[71.876514041408015,21.846817287597947],[71.876447119591901,21.847626713235577],[71.876380853504642,21.848686796978775],[71.87581424057413,21.849096306431647],[71.875370067527939,21.849390948006725],[71.874704486065184,21.85009430885647],[71.874628518492727,21.850380949670377],[71.873631062651384,21.850318757367532],[71.873201108347629,21.850183658577539],[71.872587356113669,21.850170723049846],[71.8725342501086,21.850400017639348],[71.87211257992611,21.850501233607496],[71.871376342165902,21.850588833840018],[71.87125322876075,21.850445876921768],[71.8709466109012,21.850539669144844],[71.870188593778806,21.851107147470369],[71.869683159717042,21.851452043335929],[71.86933886211861,21.851810900232451],[71.86885673229807,21.852270328699305],[71.868711542431555,21.85249266633949],[71.86850612302176,21.852458603082813],[71.868359633569298,21.852458930404993],[71.868164447770056,21.852511462971439],[71.867703418941602,21.85226503268105],[71.867382104817707,21.852096434810818],[71.866858164702919,21.851798045621898],[71.866347912414867,21.85139543101878],[71.865809677620319,21.850960316452397],[71.865397337967934,21.850655162800741],[71.865209791038723,21.850968158238903],[71.865051452691247,21.851795543283504],[71.864996904494973,21.852290582246106],[71.864921610743892,21.852857299972587],[71.864028092881711,21.852611815963375],[71.864308306672598,21.851537657835767],[71.864622931310421,21.850382925461382],[71.864180092725192,21.850172154131791],[71.863965604675485,21.850564365046285],[71.863413429533992,21.852361824114158],[71.862687821681448,21.852243580778119],[71.862150267428802,21.852075448135984],[71.861633739737584,21.851946340111258],[71.861688955032136,21.851711783996361],[71.861891265488154,21.851717852191687],[71.862043384642931,21.851183527400384],[71.861805672138246,21.850969150371746],[71.862048900144202,21.850603939801939],[71.862200738591383,21.849958909989496],[71.862486523502966,21.849873624930311],[71.862667444560458,21.849697400849013],[71.863092772654198,21.84962483196583],[71.862482084633129,21.851425220033715],[71.862822533318791,21.851509171252026],[71.863413862237493,21.849708781766424],[71.863377848359463,21.849259527295061],[71.863272260633494,21.848882059000513],[71.863006483676486,21.848602624585567],[71.862566057619645,21.848219380409549],[71.862272085924914,21.847822789187219],[71.862028092163129,21.847881933768235],[71.861567055799412,21.847622461730865],[71.86136465288547,21.847577320748254],[71.860541940980355,21.847735411508776],[71.860129784826768,21.847495364807276],[71.859780881728156,21.84744402963014],[71.859252342499261,21.84808336645813],[71.859106620014344,21.848346158275731],[71.858987534418119,21.84860124973525],[71.858604334935634,21.84927077893153],[71.85790885957303,21.849042737648084],[71.857483188346919,21.849832122801249],[71.856992945454408,21.850451977648831],[71.856608072481635,21.850452810411895],[71.856438577331971,21.85108195019399],[71.856331989413917,21.851211927430516],[71.856257944358887,21.851531464329774],[71.855991559508738,21.851891338661151],[71.855725815705341,21.852510704895764],[71.85540656469135,21.853110224970866],[71.855300319849576,21.853379928171847],[71.85526911011776,21.853729313849993],[71.855184370295888,21.854048873255476],[71.855131432388788,21.854258578330743],[71.855047185213948,21.85477774709803],[71.85500488878948,21.85496746815317],[71.8548458017314,21.855486797914256],[71.854687428088042,21.856295561159062],[71.854453941968757,21.856994699951294],[71.854380579290194,21.857593689028722],[71.854220945802126,21.857893447771467],[71.854062098808441,21.858512581361058],[71.85309885625955,21.858105445937223],[71.85288590906643,21.858465200724517],[71.852211877854501,21.858465161948473],[71.851052190083209,21.858152468913602],[71.84983015362684,21.857799665921451],[71.849261984913568,21.857519232256877],[71.8490246092597,21.85738562147198],[71.848233484859051,21.856991659584281],[71.848147057730557,21.856897962651573],[71.847283684151634,21.856329801073109],[71.846672200069321,21.855955570059326],[71.845830581284844,21.855467823079156],[71.845729725646024,21.855347332383392],[71.844973845061091,21.854664936397242],[71.844606826960828,21.854384065348288],[71.844261520437456,21.854170204931425],[71.843736459627479,21.853882956128157],[71.843096358636117,21.853549005271496],[71.842513693570496,21.853201521217368],[71.841844706480586,21.85280056858258],[71.841139759951744,21.852379570523162],[71.840233485542072,21.851871811024118],[71.839787676461015,21.851678265432401],[71.83925541887227,21.851377605535141],[71.838680160231419,21.851117266325296],[71.838363933848242,21.851044152971095],[71.838270475763551,21.851010816287154],[71.83771689539509,21.850804074691386],[71.837378995234488,21.85067735832483],[71.836480508506341,21.850417672344534],[71.835970359960584,21.850351655636807],[71.835438600324579,21.850258858554643],[71.83514392631092,21.850185695137046],[71.834849346333428,21.85015276512965],[71.834412761095905,21.850830925619611],[71.834067961270236,21.850824918822759],[71.833507577947927,21.850779113331605],[71.833479126025338,21.850899873270002],[71.833415054577642,21.851148113309666],[71.832574625514908,21.851143104798883],[71.831798874612375,21.851151373252044],[71.831771179762313,21.851600710147562],[71.831318415997913,21.851501035162585],[71.830822508318192,21.851381328421432],[71.830089653889928,21.851302328810782],[71.829744622184464,21.851195728094591],[71.829328022007445,21.851203266338722],[71.828931819721561,21.850707836028565],[71.828650609167283,21.85023899833541],[71.828003651251763,21.850025704314557],[71.827932249990511,21.850213605697725],[71.826868330253191,21.849846904934346],[71.826077489424392,21.849533303035248],[71.825236401835753,21.849233207789439],[71.825216385610375,21.849910522337208],[71.825087607953648,21.850138769835006],[71.824973529461516,21.850514513513353],[71.824772405575786,21.850514909751073],[71.824644353799556,21.85106502873251],[71.824502101533668,21.851688938151433],[71.824432148256918,21.852520581623356],[71.824454121487108,21.852708297754901],[71.823886535191178,21.85265576810211],[71.822485649283735,21.852578045584018],[71.822380836430185,21.85388586051862],[71.822304032732362,21.854871747290897],[71.822261760654314,21.855240642913046],[71.822300264153768,21.856393946351243],[71.820081851817321,21.856948134897319],[71.81960800622808,21.857063050933494],[71.818401875989323,21.857367140875848],[71.817023265922273,21.857638025350035],[71.816075402005836,21.857794076285277],[71.815587021487858,21.857835246071346],[71.814322733885462,21.857830955775327],[71.813295629039743,21.857886556441944],[71.813548598488865,21.858596878884025],[71.814240009885765,21.859420362405107],[71.814348069773459,21.859560975889369],[71.814930929369069,21.860015850340336],[71.814449944603737,21.860157588051553],[71.814133944566933,21.860191718995807],[71.813674157440261,21.860172477482198],[71.813020723165081,21.860294422026392],[71.812827367608833,21.860569722404538],[71.811875568996555,21.860680566174295],[71.810991674663043,21.860771940703941],[71.810175008100245,21.860845243100023],[71.809406369706338,21.860909480855828],[71.809474816415957,21.861456550293738],[71.809533228622527,21.86180628845111],[71.809523850863442,21.861913951546025],[71.809159028201918,21.862076104440376],[71.808726859227022,21.862202500856938],[71.808217811307316,21.862329039921221],[71.807698902858078,21.862338979878817],[71.806814861235921,21.862367539186298],[71.806122900038403,21.862341914381325],[71.805700127247547,21.862369610393635],[71.805679301286176,21.862115007094353],[71.805797032263627,21.861126669223303],[71.80583501193091,21.860203732334497],[71.806042872848494,21.859336411345701],[71.806250830686508,21.858515699274644],[71.806459283349525,21.857928033111122],[71.806478758044548,21.857694949759853],[71.806009380145497,21.857677177917942],[71.805420092067465,21.857622339384186],[71.804680837810849,21.857483878979526],[71.80453087138352,21.857400259081388],[71.803500767885538,21.856665729485663],[71.802773388690227,21.856235929526768],[71.801925944351993,21.855692153048778],[71.800755778236294,21.854820364415389],[71.799475123603941,21.85482968696531],[71.798216864008481,21.854804001959355],[71.797340414016816,21.854707705008487],[71.797279385887862,21.854169475594954],[71.797264002371037,21.853973743517809],[71.79727789603696,21.853449361803285],[71.797322397389777,21.853239538888307],[71.797344300805605,21.852966833905594],[71.797351269177625,21.852715130114746],[71.79738086420312,21.852540291164953],[71.797177817834111,21.852135154682227],[71.797057673387798,21.851981559849875],[71.796742335144231,21.851597599316246],[71.794523804942685,21.850748622920936],[71.794306234894123,21.850560242869832],[71.794051048426169,21.850288032485278],[71.793802523004629,21.849610307049208],[71.793742310715956,21.84946359434031],[71.793091008448812,21.849583607463668],[71.792918775112682,21.849590904914994],[71.792544451892113,21.849654492241637],[71.79165356948188,21.849809881687911],[71.791622974940026,21.849495321525648],[71.791607159957721,21.849082855209346],[71.791613287166854,21.848411667192508],[71.791560297113975,21.848132103709204],[71.791588806206164,21.847418927463455],[71.791550879476176,21.847181285888396],[71.79152783139547,21.846894677982757],[71.791459779303835,21.846573192447643],[71.791428420546865,21.845881096174836],[71.790919151550341,21.845868012402743],[71.789945589077476,21.845862735373657],[71.789458744487732,21.845828633369052],[71.789196494701883,21.845759179097097],[71.788290136062045,21.845655894372747],[71.78760844323557,21.845552213031418],[71.786694723613678,21.845511855255808],[71.785930314483807,21.845496271867923],[71.785936181723386,21.845534112563978],[71.786034822914885,21.846170294664788],[71.78609679110069,21.846342781628039],[71.7861869209882,21.847394629420521],[71.786250690406504,21.848471179118551],[71.786146960907118,21.849432956454052],[71.785998148070732,21.849860591160752],[71.785647370248739,21.850551576628998],[71.784945934956284,21.851999295262669],[71.784823022698973,21.852172101958327],[71.784401541946167,21.852731706360657],[71.784190719070978,21.852970414409452],[71.783953613556363,21.853274917671509],[71.783813545617875,21.853677878911956],[71.783329229165005,21.853629399198663],[71.782932710079166,21.853457485761094],[71.782562684628914,21.853326619847792],[71.782060923143561,21.853360354069814],[71.781559483492956,21.853558461784722],[71.781366069521567,21.853698511183708],[71.781269708290054,21.853945238938692],[71.78119098693827,21.854208374105841],[71.781041559728067,21.854331910545483],[71.780636751019941,21.854423006620422],[71.779950052386113,21.854432392794905],[71.779342414187482,21.854351235616775],[71.778866629669807,21.854163009107193],[71.778540355196213,21.853892340907308],[71.778346492003934,21.853802261719526],[71.778064811800036,21.853827393341277],[71.778056230462667,21.853942470729649],[71.777714685135933,21.854879987214453],[71.777434573823498,21.855718774219341],[71.777154300744357,21.856475373188157],[71.776917839853169,21.857125053949634],[71.776681440170194,21.857807609343304],[71.776541853778653,21.858473564432938],[71.775882037469259,21.858737670795367],[71.775539032281017,21.858927276314773],[71.774949788225541,21.859265229975509],[71.77502170202834,21.860037674916637],[71.775093443509306,21.860719713516566],[71.775112437627286,21.861442933936196],[71.775104136892253,21.86170594854508],[71.775052994076148,21.862585442610285],[71.775036439498649,21.863136127981935],[71.775054867134614,21.863563473367979],[71.775095053267108,21.864472869400871],[71.775116152465159,21.864464168270555],[71.775668851057773,21.864463244767354],[71.775796269858589,21.864396887919451],[71.776518787193666,21.864270004325526],[71.776562283213607,21.864779237660692],[71.776613884744165,21.865817606697313],[71.776729044383671,21.866743424649901],[71.77688655598827,21.867583184506064],[71.776674497556698,21.867854729630714],[71.777093557126491,21.868363331623083],[71.777470039188273,21.868838932369243],[71.777938950580364,21.86947312105471],[71.778443335397156,21.870127091470369],[71.778897980160153,21.870708386465218],[71.779523006834978,21.871448135852489],[71.779942061254502,21.871943501485234],[71.780041810617405,21.872221135115289],[71.780616819058153,21.872742691251467],[71.781241656150499,21.87337660436312],[71.781781254857819,21.873904831079965],[71.78207221078199,21.874115992668074],[71.783065865234633,21.874908011355274],[71.783875152665871,21.875634198097327],[71.784066878878122,21.875832298298917],[71.785072863614573,21.875685044850353],[71.785287178721418,21.876551154359333],[71.785344646350438,21.876941301738409],[71.7854024299874,21.877490193019277],[71.785510254139112,21.878257271173247],[71.785610795440164,21.878925146515684],[71.785851699869937,21.878904885599997],[71.786751484767549,21.878797492139427],[71.787672541239516,21.878696670981171],[71.788636142373463,21.878608998847088],[71.788678236025177,21.878397265838398],[71.789415118085273,21.878336443718407],[71.789684300381708,21.878283055771089],[71.790293743899852,21.878281982939065],[71.790315231025076,21.878394389039467],[71.791718329045139,21.87837206728522],[71.791635333505269,21.879377595432107],[71.791608976367115,21.880356565772274],[71.79248789668226,21.880440993991112],[71.793267618233969,21.880532208500306],[71.793254201893703,21.880902635862903],[71.793149239486979,21.881557643093931],[71.793029697424402,21.882014245750455],[71.792910100606846,21.882444391013252],[71.792684592715958,21.883066540453228],[71.792544084254388,21.883668695563962],[71.792388902189515,21.884026145791953],[71.791915631962681,21.884787635025223],[71.791831208413086,21.885092044512461],[71.791421539416262,21.885767433094315],[71.791124949132836,21.886290490863232],[71.790842651345585,21.886873051939244],[71.790800303800054,21.886959113193537],[71.790772760328963,21.887356022450586],[71.790702506934707,21.887660406279981],[71.790533905642192,21.888394895907361],[71.790323034514913,21.889255132345955],[71.790168403040852,21.889890381735366],[71.789950039302312,21.890552200546836],[71.789533152101043,21.89117468219284],[71.789186893433197,21.891677980604211],[71.788939747094332,21.892128189656418],[71.788358434035885,21.892049836664199],[71.787954408586103,21.892024086384339],[71.787366022469712,21.891952356589393],[71.786650185827838,21.891940375693487],[71.786061813843162,21.891875255545312],[71.785324794902593,21.891902991735709],[71.784254439833632,21.891812242267441],[71.783269250262592,21.891780868420007],[71.782432970879228,21.891788919373763],[71.782368443550851,21.891412012456641],[71.781929075786849,21.891432608376299],[71.781922092597796,21.891485535084794],[71.781574858273018,21.891505972284982],[71.780866292594837,21.891586554604082],[71.780582881619054,21.891626723866896],[71.780359693168819,21.891657236058855],[71.780057557733784,21.891787097415566],[71.779767952453412,21.891881660426652],[71.778357308106109,21.892142745647881],[71.778105271585389,21.892119653873891],[71.776833126157712,21.892333456738701],[71.775661705685764,21.892511804684599],[71.77539727255342,21.89259455905486],[71.774629102964226,21.892807501202942],[71.773734934779071,21.893020649310724],[71.772853184541063,21.893139701298448],[71.77189594635712,21.893317667445594],[71.771013992646203,21.893330880394412],[71.770610803590358,21.893331543573936],[71.769905156310003,21.893297425352063],[71.769048159053639,21.893181239612467],[71.769192661965931,21.893462065180181],[71.769226571907026,21.894200595774251],[71.769275718055724,21.894392750111916],[71.769374771038315,21.895181762101622],[71.769376073061366,21.89587481658663],[71.769491817596972,21.896891447334927],[71.769558435027704,21.897726041300778],[71.769663683573768,21.898924805854449],[71.76968145893818,21.899729126727696],[71.769427100512601,21.899952130667593],[71.769162412620076,21.900448326551903],[71.768994756725803,21.900656011605868],[71.768708581854796,21.901258476742587],[71.76848736020672,21.90181024738007],[71.768249807958242,21.902326632689313],[71.768136546724406,21.90263540425876],[71.768131693635041,21.902938940365264],[71.767828501106209,21.903141786154421],[71.767536262867679,21.903405319219061],[71.766908462730569,21.903957748074362],[71.766432331904412,21.904449223439304],[71.766167024183801,21.904621652025227],[71.765874732946472,21.904859888215633],[71.765214796585028,21.905629891044256],[71.764764993158408,21.905706497351684],[71.764347575349632,21.905707168375525],[71.763729421863289,21.905622160499895],[71.763246766324571,21.905521757200361],[71.76280759077143,21.905481988689651],[71.76224356579219,21.905351359535658],[71.762264768395582,21.905088267961673],[71.761977289571746,21.904997667368558],[71.761223330071104,21.90475604323257],[71.761299675282203,21.904918350583554],[71.76141692789669,21.905261412113781],[71.761911940145666,21.906131302160944],[71.761860978281632,21.906472537963641],[71.762621750404008,21.906716203542164],[71.762877434791449,21.906715795306425],[71.762897896854227,21.906866456703103],[71.762837696969598,21.907061199386614],[71.76314780995277,21.907387207611198],[71.763922242819746,21.907737586871196],[71.763889201174834,21.908064143647572],[71.764629961628714,21.908395736743056],[71.764879094457271,21.908489519681066],[71.764873166690521,21.908922774564818],[71.76493519886192,21.909720097225357],[71.76495016561077,21.910536332322504],[71.764965039686643,21.911302336157537],[71.765382838637152,21.911634445348859],[71.765584980964888,21.911784813154377],[71.765639323397352,21.912060997699594],[71.765829232333687,21.912870670987143],[71.766032577869964,21.913667764403957],[71.766147540114261,21.913975245238372],[71.766248928377735,21.914219958812179],[71.766391285886684,21.914784830539727],[71.7666010508038,21.915412381995388],[71.766702663010634,21.915776394196623],[71.766851635931104,21.916278465551009],[71.766980106896725,21.91661103940497],[71.767183112985222,21.917219764172277],[71.767345523806028,21.917709255317337],[71.767622412127452,21.918242512424978],[71.767730441191631,21.918436982831686],[71.76801460200322,21.91925905718103],[71.768332588406167,21.92017525937208],[71.768441102483138,21.920627163670531],[71.76856980488472,21.92107903490335],[71.768617474687019,21.921380344598319],[71.768698979389271,21.921782061501553],[71.76873302623342,21.921995488698403],[71.768848236922693,21.922428544945866],[71.768842380019507,21.922893193556771],[71.768930910400783,21.923451871407373],[71.768985794770288,21.924010604200049],[71.768966385211684,21.924425043653024],[71.769028105712849,21.92504027531713],[71.76904331583809,21.925699309799835],[71.769071116542463,21.92702505280679],[71.769061030606636,21.927429890180875],[71.768758592712999,21.928108459685003],[71.768596440353207,21.92840221973362],[71.76826083152298,21.928746865293242],[71.768087716761286,21.928979919595459],[71.768045699078968,21.92914785055968],[71.766915821453779,21.929540837447853],[71.766000614919605,21.929508166445324],[71.765125715341455,21.931473440672271],[71.762838955303337,21.932091886156201],[71.762043172854632,21.932315158105194],[71.761320507349126,21.932487078857349],[71.760607100544334,21.932718751456424],[71.759902936090128,21.933001637523741],[71.759720088899158,21.933104388799403],[71.758997694658845,21.933429992438736],[71.758257024509192,21.933772698681974],[71.75705005733451,21.934363748631402],[71.755778544515778,21.934690195856188],[71.754314640947797,21.934905930156205],[71.752675973720926,21.935118361410861],[71.751393313062295,21.935291326273312],[71.75097622321195,21.935309653054528],[71.750682342549709,21.93531010145297],[71.749696219639461,21.935196620526256],[71.749449708418993,21.935179305271308],[71.748226571791335,21.935057330233839],[71.747686134862619,21.935013921635534],[71.747648750581362,21.935323544104961],[71.747345328638886,21.935288621922755],[71.746254836811815,21.93512220884185],[71.745391943326808,21.934999672669875],[71.744671296597446,21.934903454557343],[71.743381715826331,21.934728473795523],[71.743135160993873,21.93468461487365],[71.742680001689408,21.934614529399692],[71.741845524158961,21.934474243107381],[71.741516083682185,21.935872197919974],[71.740947771227326,21.936164908610507],[71.740522445976239,21.936926179884704],[71.740229140896034,21.937271553973538],[71.739804075406866,21.938192028419561],[71.739444670753002,21.938696702958659],[71.739169772958732,21.938714792669753],[71.739094507366076,21.939059847307227],[71.738639439253049,21.93905166387151],[71.738196354850828,21.940547068737423],[71.738120894601096,21.940777141467205],[71.73774414835016,21.942263604010666],[71.737687867955231,21.942626319918507],[71.737508766159138,21.943245710893482],[71.737234900867421,21.94389177268825],[71.737103022839378,21.94440495806926],[71.737027749399331,21.944750011593293],[71.736706095033554,21.945166178071315],[71.736251767268769,21.945617913668539],[71.735731085998623,21.946078587944907],[71.735466076534081,21.94635315485851],[71.735362981704043,21.947078571273043],[71.73502316960294,21.947990065837114],[71.735014459103724,21.948458849465251],[71.734976884286894,21.948671176931725],[71.734854155283784,21.948989762979032],[71.73472194477965,21.949308362471239],[71.734523685954997,21.949821640364299],[71.734449708751896,21.950962717009645],[71.734232093293514,21.951237214219034],[71.734156635667787,21.951476129651699],[71.734005010370311,21.951520569357797],[71.733796556163085,21.951600468746381],[71.733684026003147,21.952361276103698],[71.733524493127163,21.953369802702028],[71.733297621944857,21.953785827533064],[71.733326758607618,21.954210333367804],[71.733317970197731,21.954634893041888],[71.733327913458169,21.95491791036882],[71.73321643174225,21.956324381048844],[71.732846598465215,21.956289526768316],[71.73270526980528,21.956838100368177],[71.732601794107254,21.957342396569317],[71.732516834731655,21.957572479839929],[71.732403933842733,21.958112168140435],[71.732281651156555,21.95871378270521],[71.731979675957604,21.959598682337081],[71.731828457425522,21.959899616599145],[71.731743724789666,21.960271214741521],[71.731593393698219,21.96112052059663],[71.73149880547426,21.961262169574766],[71.731660325075921,21.961465370539052],[71.732078715075744,21.962198892100705],[71.732458807850492,21.962702503873803],[71.732857650888519,21.963073417271708],[71.733261994320898,21.963624366077283],[71.732249428279815,21.964049166819784],[71.731258347069485,21.964384321568648],[71.730410490092083,21.96478602068801],[71.729685135501157,21.965082649372214],[71.72895980843424,21.965398346602989],[71.727938101762717,21.965771667635963],[71.727386377007448,21.965972686210485],[71.726783550539096,21.966183309408738],[71.726251906265446,21.966155435110451],[71.725474984134621,21.966175575508],[71.724759430106573,21.966214700026224],[71.724054143582123,21.966282415090514],[71.723175108832962,21.96637897103248],[71.72224501677924,21.966513734949725],[71.722134193752723,21.967562832829675],[71.722083670898726,21.967944336746829],[71.721777019717251,21.967973358880375],[71.721706337919727,21.96854083972865],[71.721699236543486,21.968905597051684],[71.721647073600536,21.969878328024052],[71.720412618088545,21.969887141759312],[71.719722477531789,21.969845155282986],[71.718786911915487,21.969760581624111],[71.718649400673058,21.970089752957794],[71.718236808545242,21.971041506715032],[71.718091801967233,21.971485118154963],[71.71788590095926,21.972222038781961],[71.717886228260113,21.972436595784185],[71.717748810547604,21.972830133392122],[71.717564345691741,21.97344740799436],[71.715362994661078,21.973344114429715],[71.713562869564257,21.973236139330197],[71.713379657348455,21.97377992310901],[71.713028660328519,21.974931837179948],[71.712761503068293,21.975747501812112],[71.712647103546288,21.976162461011313],[71.712234762371963,21.977321604501249],[71.711867912972679,21.978137396375484],[71.711562265545851,21.978860133658973],[71.711264272490723,21.979575708567584],[71.711141996649772,21.979854790417857],[71.711978906103781,21.98059035835163],[71.712593161358086,21.981133108927288],[71.713337704703946,21.981625624471082],[71.713913585914227,21.982139812221138],[71.714543137806558,21.982646775829139],[71.715341729225557,21.983375224320429],[71.715986844549832,21.984025199921231],[71.716409292561679,21.984482365271148],[71.71696232188053,21.985082394971453],[71.717599783965596,21.985732374112185],[71.718011511438263,21.98573412329111],[71.718390093767951,21.985914801413585],[71.719474987842361,21.986628544141418],[71.72001756388444,21.987066467469532],[71.72082632188085,21.987723355882604],[71.721348294266875,21.988056407894447],[71.721890659077133,21.988351287176492],[71.722126167329677,21.988570293424246],[71.722095834658973,21.988789659384157],[71.721912027683956,21.98894248192525],[71.721524081545141,21.98932444075994],[71.721514907757239,21.99000149951053],[71.72238416144279,21.990095682235484],[71.72276307343607,21.990476602727156],[71.722579740989985,21.990934572950728],[71.722600919555148,21.991401801457052],[71.72257140512987,21.992145638685528],[71.722602883221938,21.99266053244968],[71.723237233286753,21.992917138694398],[71.7235342355808,21.993221881773724],[71.723943983739701,21.993698115877574],[71.724599226218913,21.994231228125063],[71.72500896579912,21.994697923619675],[71.726154449045609,21.994867993817365],[71.727013616329444,21.995028916619468],[71.72782204053253,21.995428301755222],[71.728916100984733,21.995407706917302],[71.730163922844767,21.995625285445943],[71.730787642341241,21.995614873246119],[71.731482767649013,21.995499463545169],[71.732034910386616,21.995489147598295],[71.732444258261523,21.995698356800283],[71.73259870853019,21.996356111627136],[71.732988014185253,21.996813279962044],[71.733633219800794,21.997432192476111],[71.734206415299937,21.997784201441863],[71.7350452681777,21.998011861866754],[71.736456885327186,21.998324515883844],[71.73640055975855,21.998513075147457],[71.735820176796992,21.999111251119761],[71.735793015419233,21.99985943700613],[71.735673438547082,22.00053492720323],[71.735468457227782,22.00108474533106],[71.735319834668246,22.001369651639543],[71.735185552772691,22.001740607212692],[71.734973413646657,22.002257331100196],[71.734995203640523,22.002555234365374],[71.734924642830777,22.002820166107032],[71.734911239516222,22.003303501216614],[71.734855826325415,22.004144417786883],[71.73480692365294,22.004627803651037],[71.734821657498443,22.004952200014539],[71.734801066642333,22.005382579174174],[71.734680957657503,22.005740272368143],[71.734837492698986,22.005945291935543],[71.734823816313479,22.006263108167907],[71.734803138092502,22.006640521281472],[71.734789712333423,22.007110614668935],[71.734762261011568,22.007686660307293],[71.734719944629916,22.007858860705923],[71.734685480100225,22.00848788241467],[71.734675806043555,22.00916068004469],[71.7365831385776,22.00913701404312],[71.737996764046443,22.009093118389675],[71.740442327356249,22.008880301513358],[71.741226070582428,22.008737907425932],[71.741145551522052,22.009173524683263],[71.741039319689222,22.009332579104829],[71.740897755190304,22.009590996753246],[71.740614658187269,22.01012769389834],[71.740543936669894,22.010293316628925],[71.740579761130789,22.010485266046171],[71.74064399729653,22.010683794507351],[71.741276130977511,22.01081528058047],[71.741759196961297,22.010966846364891],[71.742497823532261,22.01109154987509],[71.742959422052564,22.011143832505262],[71.743200758678057,22.01110375013581],[71.74428001200971,22.011122007847852],[71.74497597240466,22.011207039201018],[71.745288537677041,22.011299262425052],[71.746460311870237,22.011443161662839],[71.746985802697523,22.011488716114723],[71.747397622557386,22.011494715926947],[71.74746893433273,22.011673368671939],[71.74741265021143,22.011971387572324],[71.747363684340456,22.012395189728675],[71.747130170110395,22.012852373929569],[71.747045426556966,22.013117331803276],[71.746897009908935,22.013514800603971],[71.747642788716533,22.013659332244199],[71.74848076849041,22.013744133973564],[71.748572817800948,22.013598337865186],[71.749375389124012,22.013736154725564],[71.749784883468877,22.012411380762309],[71.749897662400812,22.01194113540592],[71.751034015274527,22.012124780370922],[71.751850921267405,22.012342012260678],[71.752760143979785,22.012565718495651],[71.753655275119669,22.012849028225439],[71.754095523448271,22.01286820868992],[71.754415139214899,22.012927299735971],[71.754962080537268,22.013052244265328],[71.75525313018899,22.013018687588477],[71.75552925527154,22.01258128786932],[71.755833743710369,22.012123981162095],[71.756891072595479,22.011791290194829],[71.757458953370943,22.011717571093509],[71.75845285429898,22.011649799712039],[71.758501198647807,22.010901578653218],[71.758479478158804,22.010669886608664],[71.758660801271873,22.008862135357834],[71.758751202865767,22.007815913734223],[71.758855198871188,22.00730595155564],[71.760357206825887,22.007291803215761],[71.762351670803781,22.00738278595308],[71.763500347131199,22.007416254681864],[71.765242172085664,22.007556117258961],[71.766853613668019,22.007963130071897],[71.768490154276833,22.008734199133873],[71.77024916629135,22.009732620559504],[71.771934858482737,22.010662873203962],[71.773156357260859,22.011320797522941],[71.774280028681446,22.01186509097689],[71.775354371142868,22.012136374755045],[71.776013568641545,22.012271808582316],[71.776696553899313,22.012088600775577],[71.777256716212037,22.011495970830637],[71.778084793020867,22.010629800019203],[71.778937932197294,22.010104938314111],[71.780863606981299,22.00894104065193],[71.781711748817457,22.008985099682029],[71.782072871393751,22.009377038078487],[71.781971263344204,22.010058857870195],[71.781880348743414,22.010942272452816],[71.782497978863077,22.0108836055662],[71.783249376613682,22.010786302772566],[71.783774191054221,22.010650986364954],[71.784371055264458,22.010505942695833],[71.784751555258026,22.010284467741684],[71.78519354000224,22.00991887549096],[71.785306254299272,22.009649861691649],[71.785387889124323,22.009284895587729],[71.785109005130153,22.008834151045985],[71.78493323191411,22.008460031903216],[71.784973704122891,22.00810473811179],[71.786291396993448,22.00803523816429],[71.78746545448125,22.008215595974853],[71.788368366367422,22.008380421402972],[71.789645742321326,22.008736593356819],[71.790786398217762,22.009361815442048],[71.791913310295584,22.009974253086796],[71.792780690138457,22.010417729028372],[71.793023234740673,22.012109830559822],[71.793144213967921,22.012627172049374],[71.793073801880567,22.013374881339448],[71.792974168907747,22.014908563631561],[71.792924725977286,22.015857507575792],[71.792936423081841,22.016547563390422],[71.792979528127859,22.017515510534189],[71.792980552775632,22.018013897347565],[71.792920337614646,22.018723250302582],[71.792891372445524,22.019633819632016],[71.792964881930615,22.020390855405953],[71.793028349715428,22.021262921740821],[71.793091818344337,22.02213498794994],[71.793184843400894,22.022384015734012],[71.794006641981653,22.022123764870987],[71.794715228427862,22.021796622803002],[71.795136413996715,22.021671267737364],[71.795783997567,22.021670100214294],[71.796390743814513,22.021803185458214],[71.797243970141267,22.021830393279131],[71.798189448004806,22.0217328317656],[71.799875201104996,22.02172017139543],[71.801262717880547,22.021640951495872],[71.802156694363603,22.021495539860837],[71.803194575995292,22.021349857192863],[71.803533785426609,22.021349229281906],[71.804172008722546,22.02177934331154],[71.804511895137708,22.022094996810605],[71.805251129763761,22.021691077384375],[71.806236583968641,22.021066253889945],[71.806903855158794,22.020662461509858],[71.807694946470093,22.020478874856515],[71.80828076688698,22.020439436413369],[71.809606549958801,22.020341093365356],[71.810356916556287,22.020339674112304],[71.811065811415773,22.020175395639729],[71.812473254104475,22.019818096114982],[71.813469827671568,22.01959575226066],[71.814537906211498,22.019171993148078],[71.815441452684851,22.018719790715146],[71.816057717325108,22.018507747098642],[71.816602496692795,22.018506695662442],[71.817507356276209,22.018648710965635],[71.818525306637909,22.018800085886223],[71.819830723658725,22.018797543692578],[71.821197295235621,22.018564846202665],[71.821978358266335,22.018505807410843],[71.823252935602156,22.018503298567737],[71.823900546619726,22.01852118878239],[71.824804954242651,22.018461892732191],[71.82613061795108,22.018325079022507],[71.82748709340386,22.01817860867877],[71.828555648765558,22.017984782679434],[71.828946000018618,22.01787857162018],[71.828965208000383,22.01729388628149],[71.828973827404695,22.01657504090722],[71.828972876074019,22.01616291469205],[71.829003203206369,22.015942413190274],[71.829031096320378,22.014667635169104],[71.829851347586384,22.014683942510377],[71.830460173507831,22.014725555113586],[71.831172268931311,22.014724118010307],[71.832573563757308,22.014753410102667],[71.833124813371441,22.014730871353972],[71.834411103569636,22.014696123165454],[71.835283994194057,22.014694340090493],[71.836202674757644,22.014628200225768],[71.837649682296473,22.014560967819364],[71.837811784908197,22.014506415960163],[71.838179892094971,22.014445414867641],[71.839394327374251,22.01438266286528],[71.840363276139612,22.014326435982653],[71.840557005335825,22.014289888373352],[71.841532456730761,22.014251713702759],[71.842287801620301,22.014027242562612],[71.843676039987528,22.013705055005339],[71.844702674822074,22.013461931189326],[71.845774500091451,22.013206657249409],[71.846736757515799,22.013060043825433],[71.846975618449576,22.012987247961153],[71.847840804651554,22.012774567251608],[71.848299422514685,22.012743472468109],[71.849313386999611,22.012608782516605],[71.849655686595653,22.012565883349001],[71.851341295093903,22.012333359695141],[71.851857875957535,22.012229840296605],[71.852878338248729,22.012113187027555],[71.853136739715239,22.01210660640535],[71.854105546660435,22.012002105184862],[71.855177268171289,22.011716649235989],[71.856158254044345,22.011316923615624],[71.856429333577353,22.011213923036642],[71.857216818956985,22.010941119958687],[71.858165718976991,22.010631815352717],[71.859198416873696,22.010250031291555],[71.860302279062566,22.009910253804389],[71.861006391234454,22.009884608105406],[71.861355339214484,22.00991998458295],[71.86244070092539,22.0099296371904],[71.863642363504866,22.00994504889535],[71.864882880541799,22.009996510516821],[71.865942540660015,22.01006041491987],[71.866426893385793,22.009993066919634],[71.866989001858173,22.010015906437541],[71.867027638299888,22.010802990418835],[71.867016758830587,22.011405807169847],[71.867130821501135,22.012251779480081],[71.867282120713327,22.013074483868625],[71.867259706703692,22.014025091022528],[71.867361281627552,22.014847906528832],[71.86757444538847,22.015554550135434],[71.867888083863548,22.016655101108334],[71.869901122843743,22.01629121389373],[71.870092447662969,22.016960228726152],[71.870224677116283,22.017611988530561],[71.870300579475568,22.018116075540277],[71.870348329424459,22.018550673207358],[71.870609471094554,22.01857616525168],[71.870853299686544,22.019114648554829],[71.871711321145,22.019190951810923],[71.871900163169457,22.020094710707099],[71.872098717890196,22.021146247024518],[71.87230419179717,22.021276191965711],[71.872407871958856,22.021701967603938],[71.872832059893156,22.023457212292563],[71.874827775214854,22.023565682876846],[71.875006149727241,22.023587443144816],[71.874952442097879,22.024171767567339],[71.874897664749199,22.024578046862668],[71.87489898029186,22.025077925627915],[71.874922634572357,22.025577753250897],[71.874969203523221,22.026296226640365],[71.874121067108121,22.026579348822555],[71.874100232583189,22.027152177489132],[71.874369695941212,22.027682686267166],[71.874091497426889,22.028079061305736],[71.873935205786495,22.028110660683112],[71.873736340058656,22.028944250428186],[71.87344699501682,22.02935106398715],[71.873092294467156,22.030393291992134],[71.872760337360177,22.031591680364791],[71.872538657255447,22.03224827901785],[71.872250636200519,22.033165382997193],[71.87215206637255,22.03391542899795],[71.872075454703989,22.034519626295317],[71.871865317985879,22.035321996375234],[71.871743507135065,22.035728426389873],[71.870559145855864,22.03560613972861],[71.870204869583333,22.036825401431884],[71.870083810775967,22.037523425881066],[71.869636971993643,22.037514020731219],[71.869359903276404,22.03835819532495],[71.869282980474793,22.038847835760269],[71.869070823906867,22.038879556557966],[71.868704709242209,22.039848900897034],[71.869699422623725,22.040054942245494],[71.870146323547047,22.040085175365839],[71.870091039683373,22.040303998260093],[71.869968434734758,22.040408417160673],[71.869711810316687,22.040523552764313],[71.869667831401344,22.0407944209318],[71.869389837874181,22.041284515030707],[71.869022774433631,22.041889365444501],[71.868912309734256,22.042368666926418],[71.869270987214549,22.042836496879307],[71.869528670664891,22.04312751278481],[71.868713234039717,22.04313976506192],[71.867931228655166,22.043120695608756],[71.867875671082416,22.043235376479608],[71.867294577350194,22.043153367393984],[71.866657496445228,22.043019410668354],[71.866580910777984,22.043644433369522],[71.866504217202376,22.044227799491775],[71.866404564598426,22.044571690648244],[71.866762004983769,22.044560476247245],[71.867554678025783,22.044381657730984],[71.867945495677631,22.044318294904436],[71.868291899176853,22.044359172894961],[71.868816901272297,22.044347577057703],[71.868919490511956,22.045138823907514],[71.869235274858823,22.046294086332445],[71.868821948489497,22.046295017892291],[71.867995834317568,22.046505160316112],[71.867750072296346,22.04650571248699],[71.86713558660287,22.046475848932548],[71.866610630096631,22.046508267732296],[71.866544462504478,22.046841669731702],[71.865829382745574,22.046791198089924],[71.865697043349854,22.047458001452121],[71.865675450568773,22.047749646794006],[71.865765060311801,22.047843174271822],[71.86565549024823,22.048676553563102],[71.86535360112633,22.048573085707968],[71.864537038685341,22.048158338564757],[71.864371018466173,22.048762730724278],[71.864305644607896,22.049408555484817],[71.86376955852063,22.04946181842357],[71.863121626678165,22.049463256810107],[71.862968497260056,22.050744540734154],[71.86257773922199,22.050839134269353],[71.862487811217861,22.050620635606169],[71.861392994271199,22.05061264191492],[71.861384256700617,22.051570765931075],[71.861407446123252,22.051903968529452],[71.861386478946571,22.052445552201135],[71.859589477007205,22.05308477449644],[71.859064862058574,22.053262967154986],[71.85842839899729,22.053389332180874],[71.857881097673825,22.05343218637957],[71.857344967553857,22.05347501436523],[71.856942974262779,22.053548790706461],[71.856896485138634,22.052830313454692],[71.856816403812331,22.052080666792452],[71.856747834278892,22.051466379335505],[71.856010860360442,22.051603368112211],[71.85606494502629,22.050895085836018],[71.856085411034016,22.050145219863722],[71.856040100354065,22.049895377909053],[71.855849042493418,22.049437569023357],[71.855524035445654,22.049021707563664],[71.854161121325575,22.049014247328863],[71.853233884584569,22.04900583632805],[71.852284485938313,22.049070367105916],[71.852083532801302,22.049122870345407],[71.851825564540249,22.048706857216406],[71.85126476810153,22.047802026516745],[71.850659628269227,22.047032673238419],[71.85013317889846,22.046461019069415],[71.849105904951372,22.046650668145642],[71.848961703058791,22.047067543435901],[71.848706503928142,22.047776252528088],[71.847086716160504,22.047790108547655],[71.846842829905952,22.04856127598644],[71.846676632305687,22.04912399460628],[71.845715855650539,22.049105197848043],[71.845190681394527,22.049054234997591],[71.844308028271257,22.049004022638496],[71.84419591292297,22.04883763120672],[71.843447743284898,22.048964172790768],[71.842814740706913,22.048979385064079],[71.842696584310886,22.049396200403546],[71.842697855248872,22.049923850478852],[71.84278802857466,22.050256916036687],[71.84280399431529,22.050701221704109],[71.841909951693921,22.050564235390659],[71.841120176577022,22.050427026948046],[71.840882461805222,22.050680934270414],[71.840715664543012,22.051004121658991],[71.840605346929536,22.051587546323969],[71.840494804109568,22.05207724357529],[71.84044046702256,22.052712622604933],[71.840398397582135,22.053806200667765],[71.84031216408826,22.055118568477436],[71.838960213266716,22.05504847434915],[71.838914012801055,22.054413304104351],[71.838344332594872,22.054445725217803],[71.837473758428558,22.054791190874205],[71.836737092645023,22.055073891324273],[71.836256906002745,22.055158192052883],[71.835642707212472,22.055263594627551],[71.834882809039442,22.055171423305158],[71.834089616805656,22.055173044188486],[71.833084186143381,22.055185507454855],[71.833107066154582,22.055414573272429],[71.832570798161612,22.055405249545885],[71.83242855937722,22.056686484912571],[71.83229683314579,22.057686515335273],[71.832095787191051,22.057707751789135],[71.832051658742472,22.057947367845337],[71.83201945582401,22.05850979976741],[71.832198621161794,22.058686477526702],[71.833406124893003,22.059079761494129],[71.833763800932303,22.059151931808245],[71.833887060084066,22.059307893292221],[71.835060419401429,22.059430465581542],[71.835017865697907,22.060336587378544],[71.837667291469998,22.061018478689967],[71.837812628735861,22.061059835494572],[71.83762408640348,22.061643419105899],[71.837468515597777,22.061997822368483],[71.837079758064036,22.062956728801858],[71.836868964256013,22.063582014044975],[71.836658267270877,22.064248955529155],[71.836438071750308,22.065624080739244],[71.836371627894067,22.065874157745377],[71.836383564367225,22.066196972875602],[71.836317957862718,22.066801130319554],[71.836309199794556,22.067821738092732],[71.83620987698022,22.068342651248713],[71.836154850582204,22.068696846435813],[71.837272795940152,22.068975728413495],[71.838055164567137,22.069088669614509],[71.838703460556076,22.069201884685011],[71.83937405346505,22.069294222569557],[71.840641030733309,22.069593600519177],[71.840705796190676,22.06864577567109],[71.840783381406382,22.0683852596731],[71.840790559397107,22.066718976313322],[71.840742948365019,22.065500616482421],[71.842430250443201,22.065601235778377],[71.84258470842461,22.064788606481603],[71.844148878969207,22.064795738288712],[71.844426475011701,22.064086990050669],[71.845544045022592,22.06422001817948],[71.846460310267247,22.064270151588737],[71.846602911387762,22.06318677509832],[71.847071844473263,22.063060811026538],[71.8472835081906,22.062810421675007],[71.848109952880819,22.062683695522445],[71.84917132091266,22.062681434230303],[71.849796790027966,22.062607199180079],[71.84972850115166,22.062097050464207],[71.850108203710718,22.062033753480364],[71.85151572590425,22.06195783685229],[71.851571072085918,22.061749434431757],[71.852721345479495,22.061559504003597],[71.85277831751641,22.062007190735638],[71.852938218674055,22.063412759439725],[71.854535864179439,22.063409305735476],[71.854777861870033,22.061888312036153],[71.856107356568984,22.061885424306269],[71.856699406013846,22.061852892352718],[71.857682351750981,22.061767433475548],[71.85788350399244,22.061787822030141],[71.857919012961474,22.062579221337906],[71.85921486529071,22.062524311023566],[71.859452036791339,22.063533964549361],[71.860156026642642,22.063584487428294],[71.861742791931931,22.063695543104629],[71.862021278862684,22.063372088086375],[71.863127020576968,22.063244668060722],[71.863479764475343,22.063284716502221],[71.863452054489841,22.064074555817477],[71.863469575775923,22.065113698052816],[71.863798051841741,22.065681053686358],[71.864069756601296,22.066208699656507],[71.864596826551832,22.066324433861055],[71.864572821594791,22.066745355581443],[71.866154081238449,22.067108135697815],[71.866848446224182,22.067246869659154],[71.867308489222822,22.06730818834134],[71.867117624157345,22.067869774176184],[71.866887142599197,22.069280978532273],[71.86778213718604,22.06939587675587],[71.867818528376375,22.070533697163992],[71.868854810471476,22.070313136135322],[71.869289495672277,22.070265392377856],[71.869325777736677,22.071356449343682],[71.869576589054489,22.071340295208401],[71.869620059826048,22.071979292537115],[71.869620586857096,22.072181931386218],[71.869621681479543,22.072602796672044],[71.869847490686254,22.072617873979013],[71.870008942102572,22.073607327366695],[71.870409844138948,22.073427161574187],[71.870712009293825,22.073862932404879],[71.870882074311666,22.074945891303052],[71.870949437782741,22.075124996957925],[71.871119323059077,22.076137811226502],[71.871813451287451,22.076167410138467],[71.871973635310098,22.07666585181358],[71.872208874915117,22.077086184084902],[71.872780255832197,22.078137051224722],[71.872991068649114,22.078806840772252],[71.873049931240615,22.078931407940328],[71.873386876194871,22.079865899608816],[71.873445883003399,22.080045023143981],[71.873438012480378,22.080232093219294],[71.873240390224055,22.081401619939527],[71.873333317952557,22.081759924284285],[71.874236902035449,22.081929323278452],[71.874839505103523,22.082122788955182],[71.876127534975623,22.082205563570707],[71.877147804976474,22.08222659513104],[71.878243274163808,22.082224064899993],[71.878661433686034,22.082238684796316],[71.879288589853289,22.082229437499155],[71.879448598960423,22.082649933188932],[71.880309694868416,22.082562200626917],[71.880977786163243,22.082225510740717],[71.881429834791106,22.082403715033397],[71.88243478767221,22.082946935873352],[71.8835151573454,22.083544530337313],[71.883716192604993,22.083668759943212],[71.884453753845293,22.084282739789675],[71.884973262408991,22.084663414956029],[71.885970263345911,22.085346921127112],[71.886112701911827,22.085447904542637],[71.886840710044837,22.085617647874177],[71.887493329233919,22.08574080368583],[71.88828802786783,22.085832444236704],[71.888530499523327,22.085816280588311],[71.889500599286919,22.085829560114842],[71.889893532650447,22.085789654479608],[71.890136004010401,22.085773488453867],[71.891223716014295,22.085981322592712],[71.891541579543002,22.086011736987839],[71.89124321099122,22.086986678714414],[71.891260558971553,22.087212657960567],[71.891772484938841,22.087235284253275],[71.891949479402513,22.08837407665845],[71.891855238005675,22.089268939271079],[71.891749687977381,22.089960198879329],[71.89239490050808,22.09012889945614],[71.892706664670754,22.090178223770156],[71.893179559371063,22.09020713085577],[71.894060513634969,22.090134907590453],[71.894527643840689,22.09195643537069],[71.894701776922744,22.092747167079878],[71.894875661314089,22.093447767869431],[71.895006061837577,22.093968211027484],[71.895095597548888,22.095249860883804],[71.895149913466412,22.095460035740995],[71.895184410149852,22.096271133195728],[71.895240678643674,22.09718232367776],[71.895169860396692,22.098764797921341],[71.895343782863677,22.099475412062251],[71.895636979227135,22.100566290975152],[71.895756503335136,22.101036686442388],[71.895974871208239,22.102267949653964],[71.896181797283191,22.103248875873078],[71.896539377102684,22.104299538098658],[71.896771301301243,22.10486511534933],[71.896854044089977,22.104859796245599],[71.897852619754133,22.10479559967478],[71.899139735873646,22.104489750299834],[71.90124245032635,22.104515237747716],[71.902542310169764,22.104706393607238],[71.904619537174568,22.103903538997951],[71.904619537174568,22.104132926029077],[71.904695999518381,22.105190655117386],[71.904683255794424,22.105878816211021],[71.906604489105121,22.10583372175908],[71.90857117397708,22.105726033660694],[71.910059848849684,22.105602391989677],[71.910289597837348,22.107177804437921],[71.910854545327936,22.107060755082408],[71.911709846481628,22.107225622539975],[71.91278582258137,22.107415623551038],[71.9127725959206,22.107608372972678],[71.914028225273483,22.107939236781444],[71.915242046621287,22.108116024363792],[71.915660434790666,22.108564630924285],[71.91631472209896,22.109526544440044],[71.916927032190259,22.110276574798341],[71.917913917365766,22.111806143934079],[71.918339398887667,22.112315751700134],[71.918843815335293,22.115041386983616],[71.919243044276683,22.117160235292527],[71.919643312434715,22.119625967337228],[71.920170122181347,22.122910412884405],[71.920477840376194,22.12505381935879],[71.920439617121573,22.125476033182011],[71.920605657892466,22.127094725095681],[71.920873560230518,22.129533132824733],[71.920881475247782,22.129605172749283],[71.920918603669875,22.129951507866533],[71.920909890510472,22.130202907355677],[71.921580305854178,22.130091171465104],[71.922027249416729,22.130012956341648],[71.923144608322914,22.129387235354105],[71.924586001312036,22.128471001050922],[71.925278763833887,22.128001710310233],[71.925915658410446,22.12699608729465],[71.926485511452668,22.126783789102461],[71.927133579618371,22.126649706033678],[71.927636391126228,22.126426234252335],[71.928541451840204,22.125968117100861],[71.930206316610523,22.125141271510305],[71.931245460393498,22.124716675125931]],[[71.852176395269851,22.051102953275358],[71.852253813776869,22.050430056301138],[71.85221230988985,22.049637613811221],[71.852637337244801,22.049618267899071],[71.853014812366212,22.050354693228858],[71.853442268511102,22.051312181287322],[71.853691148138807,22.052012020474855],[71.852019800317549,22.051739158506038],[71.852176395269851,22.051102953275358]]]]}},
{"type":"Feature","properties":{"Taluka":"Mahuva","District":"Bhavnagar","Dist_Id":"14","Taluka_Id":"14011"},"geometry":{"type":"MultiPolygon","coordinates":[[[[71.866402199657813,21.407117985546758],[71.866328888875771,21.406846076656588],[71.865791610348126,21.406928870668999],[71.863801575247621,21.406974011762578],[71.862028666315041,21.406705780859756],[71.859877908054912,21.406370325399251],[71.858788620183958,21.406454281148157],[71.857596983544042,21.406266378867304],[71.856071405746818,21.406147195068741],[71.854227132925914,21.406395964785812],[71.853333473471338,21.40638480125855],[71.85345916119276,21.406167856039108],[71.853784169139459,21.405397569336991],[71.853669494680048,21.404313373253498],[71.853230279745517,21.404191862684613],[71.853154771627899,21.40385969392565],[71.853499210541187,21.403404203592533],[71.854143411056441,21.403332880286797],[71.854068111954405,21.403088166180439],[71.853907944339582,21.402502557862238],[71.853785384888866,21.402021815634928],[71.853615102912357,21.401112645817058],[71.853529941720495,21.400649315367218],[71.853388182778048,21.399949976358023],[71.853367593517248,21.399154181627985],[71.85331475217447,21.398604582091984],[71.853820248195376,21.397906215896157],[71.854833980966319,21.39765142881043],[71.85558892551812,21.397478031004173],[71.855748979304323,21.396729862203202],[71.856589607169653,21.396293527302422],[71.857356438225395,21.396574857401337],[71.857874813408657,21.396745550559064],[71.85856530052925,21.396693546575879],[71.85931109886495,21.39719724019935],[71.860164266367974,21.397478372293396],[71.861211647677848,21.397748975963776],[71.862550411269964,21.398029049094379],[71.86459086346207,21.398418750996655],[71.865884665264332,21.397971278068045],[71.866348722871535,21.397990476455981],[71.866855263435042,21.397736724246229],[71.867694448337417,21.396734412857196],[71.868654041925922,21.396419026516952],[71.868933916991836,21.39614555464178],[71.86926690731957,21.395538474209882],[71.869532561332761,21.394974491113011],[71.870063265891048,21.393609038791819],[71.870392517824271,21.392592679628738],[71.870065848611219,21.391418601937382],[71.870226140325812,21.39079674168816],[71.870330106025932,21.390303854547099],[71.8694846369266,21.388782269800533],[71.868655446573371,21.387290961938987],[71.869017292946438,21.386365485371261],[71.869443189534707,21.385167010218069],[71.87042247040857,21.385202747632903],[71.870696658915875,21.384823174366879],[71.870969145710191,21.383769041950035],[71.870926315290674,21.38282929671351],[71.871120435236591,21.382790970674833],[71.872091742352566,21.382879771659951],[71.873548647341977,21.382990224630241],[71.874617585752588,21.383283436065064],[71.874933302627596,21.38332820694497],[71.875329827099876,21.383327320367762],[71.877345420888219,21.383557759125353],[71.877807054306658,21.383700727879997],[71.879118679384518,21.383955467023657],[71.879936380161752,21.384097624891723],[71.880203252278889,21.384028806198671],[71.88038910253259,21.383922274062751],[71.881132461580421,21.383480984880634],[71.881496047093648,21.38326035747124],[71.88228868163138,21.383099387017921],[71.882035334400925,21.382921849416366],[71.882058976825675,21.382677361621298],[71.882095037980335,21.382540851243018],[71.882191850203398,21.38242694052698],[71.882288809919842,21.382369874528269],[71.882695225118155,21.382283680379604],[71.883494686374547,21.381639505320262],[71.883901395327058,21.381666997817412],[71.884575103699163,21.381676824041438],[71.884962757961404,21.381380340557588],[71.885327473322008,21.381595514773938],[71.885879708480189,21.381571507622962],[71.886356354235346,21.381267236924181],[71.887107534666811,21.380734951364889],[71.887632368876297,21.38029413767023],[71.888277942202691,21.37961050393303],[71.888997219496787,21.379260188134406],[71.889521741946595,21.37870567912147],[71.88998035967299,21.377711719542312],[71.890101177545532,21.377499217017185],[71.890076098278627,21.377196101425699],[71.889411372713738,21.376750463671716],[71.889321098505548,21.37627317416716],[71.888688827068037,21.375857775527017],[71.888210724751104,21.375601184246257],[71.888031824097794,21.375268106562945],[71.887820636664117,21.374965420679302],[71.887519402532163,21.374268816167682],[71.887073814119503,21.374065201897928],[71.886668148582714,21.373656851931582],[71.886481460439384,21.373437480681403],[71.886140651605217,21.373074456135143],[71.88574300371954,21.37263576795398],[71.885012626939542,21.371826453909584],[71.88483403528106,21.371607062146577],[71.884720236923613,21.371410259756125],[71.884534168042805,21.371425844833993],[71.884111602124221,21.370737090885235],[71.883511459228316,21.370215487442135],[71.883203189317882,21.369913017128194],[71.882893896077903,21.369216421883252],[71.88225303070233,21.368588795548636],[71.881506687016156,21.367847715969329],[71.881263177521362,21.367552674072829],[71.880784429236897,21.367030784656656],[71.880516726606487,21.366766113937317],[71.880758391726033,21.366348701049574],[71.881057244075791,21.366143380195052],[71.881391597568509,21.366072820587643],[71.880772939203538,21.365774497299174],[71.880066014573742,21.365476371525318],[71.879778155314099,21.3650946118387],[71.879554847869429,21.364071908674958],[71.87972011044549,21.363978516075544],[71.879155780381353,21.363349329728234],[71.878226026747512,21.362204192938343],[71.877213938079294,21.360990285444181],[71.87677805049951,21.359582394421299],[71.876343119396807,21.358545699067029],[71.875728402545079,21.357635949932497],[71.875105804185679,21.357164906139062],[71.874320957543731,21.356635167205525],[71.874518139198869,21.356263528188403],[71.873398873176441,21.355253658108975],[71.872289054169116,21.354412486405096],[71.871649362718415,21.354295794104114],[71.871288312449138,21.35396757475819],[71.871133689302894,21.353360498871513],[71.87081690580959,21.352728471777052],[71.870229263753231,21.35181864139329],[71.870166120121965,21.351776598760551],[71.869102386234971,21.351340248809421],[71.867804246252291,21.350794732730598],[71.866749573517495,21.350375220541373],[71.866335015126154,21.350249579655404],[71.865406716868819,21.349947892368288],[71.864379135118568,21.349553615262298],[71.865160670027379,21.348775772756213],[71.864728107046218,21.348650166943468],[71.86383632158865,21.348542427904704],[71.863790941763071,21.34839910795505],[71.863511989001523,21.348484075436492],[71.863458352981297,21.348644482441323],[71.863062830445173,21.348932174125629],[71.862621139000623,21.34875596440196],[71.8619813963723,21.348605489452797],[71.861665448718369,21.348294024318932],[71.860826666201476,21.347764336705975],[71.861437506759486,21.347147168763758],[71.86229951006095,21.34613294784619],[71.862802505906018,21.345608807555053],[71.863700510697115,21.34459450174672],[71.86412241039136,21.344053660307022],[71.864355808814196,21.3437578814037],[71.863877695621525,21.343413026260432],[71.862723037478958,21.342588758259922],[71.861108363408619,21.341444889012664],[71.861241864593822,21.340803437569203],[71.861401799973805,21.339925710608178],[71.86156322233299,21.339655399349638],[71.861697092373902,21.339165801441826],[71.861586782926224,21.338246473685917],[71.861376888027579,21.33710801404149],[71.86157345698571,21.336483299212752],[71.86117637267445,21.336121388632343],[71.860203357757626,21.335904130785252],[71.858960172151669,21.335670571705503],[71.858095543692443,21.335588052188264],[71.858112590122104,21.335191505868391],[71.858262059481191,21.333706383790091],[71.857181707509611,21.333776173984749],[71.855633435550146,21.333973493669564],[71.853878423912832,21.334323089476719],[71.854066543267052,21.333917746746963],[71.854254742617158,21.333546149180702],[71.854217469875266,21.333023171686733],[71.853802222265315,21.332585353985213],[71.853305737310507,21.332063342068093],[71.853070679478947,21.331667325599742],[71.852718407652546,21.331204063616632],[71.853120485607306,21.32990401526742],[71.853145822344288,21.32920374149391],[71.853531358558428,21.328519583416554],[71.853656322742083,21.328063755370181],[71.85399596412222,21.327016927786364],[71.854300962407649,21.326543847286349],[71.854200847046727,21.326096929298142],[71.854019414804498,21.325532072909368],[71.853928770008636,21.325279171857019],[71.853422901903755,21.324588451362086],[71.854835617408611,21.324222711125568],[71.856454942227785,21.323662484143156],[71.858848076038598,21.322898118701794],[71.860485501350198,21.322388432911758],[71.862194943675902,21.321878576190151],[71.862629104122234,21.3226875342806],[71.863036050930361,21.323412185953206],[71.863801757082996,21.323570822564278],[71.86463034472483,21.323670264593964],[71.865450013270419,21.323803467467908],[71.86616178542161,21.323995956029499],[71.866954571755528,21.324179828388811],[71.867251987799577,21.324297288517894],[71.868045281812002,21.324683627869593],[71.869190232791311,21.325271664924344],[71.869845584497412,21.324502513659894],[71.870287338142944,21.324729323857579],[71.870819639205749,21.325158406440057],[71.870810720210812,21.325192171646702],[71.870820169001789,21.325369314879627],[71.87182026768096,21.325637070612093],[71.871883124172754,21.325569440539105],[71.872721115049004,21.32582067655774],[71.873415047710367,21.326072228348117],[71.874575148026068,21.325521283181132],[71.875260078510266,21.325772847397726],[71.875565670869022,21.325561255590411],[71.875835913122458,21.325611270047251],[71.875997852273017,21.325560289721874],[71.876259069374584,21.32560188729812],[71.876511239798248,21.32562663196434],[71.876368340792112,21.326082516393157],[71.876045922946787,21.326758148140478],[71.875957410030182,21.327357328980149],[71.876470803803116,21.327423671239949],[71.876993309642998,21.327532173382981],[71.877416579134049,21.327564969287319],[71.877965925016184,21.327605917124004],[71.878767358822415,21.327637859070002],[71.879198787585082,21.327341613428871],[71.879360792454349,21.327315938845818],[71.880396565003053,21.327440144268092],[71.880800042385033,21.326781193650046],[71.881006760710974,21.326637306958435],[71.880320021272965,21.325648552795677],[71.880136695405653,21.324586704667293],[71.880215165657404,21.323890886133039],[71.880111232560594,21.322490438122649],[71.879848740645997,21.321851793280906],[71.879735384725493,21.320686379923956],[71.879862904800063,21.319558024676009],[71.879910430585156,21.318533256102175],[71.880179851180216,21.317968613571676],[71.880940849671319,21.317402857964744],[71.881893232053159,21.317137482524924],[71.88274567868423,21.317022738152279],[71.883698152901189,21.316794954588076],[71.88482001996114,21.316124951848963],[71.886182647278801,21.315454389127417],[71.887115312637405,21.31533003800433],[71.888107403097109,21.314914127286048],[71.888767836859159,21.314273364166699],[71.889038131952873,21.314056526394058],[71.890841853182692,21.313281499436272],[71.892946787180222,21.312609156149488],[71.894380044132248,21.312116973249672],[71.895582911609566,21.3117569279271],[71.897367517260065,21.311357898792721],[71.897928944253465,21.311224964001099],[71.898628481674251,21.31022684904698],[71.899718456251705,21.308936386811389],[71.89985434546719,21.307253364151343],[71.899036968043276,21.305469198178354],[71.898422694842168,21.304596401464497],[71.897929411968292,21.30394892979659],[71.897958594592311,21.303610440491692],[71.898857731619728,21.302245230038846],[71.898806637126739,21.301897530223073],[71.898792725305896,21.300459276599049],[71.899311801478817,21.299517989178771],[71.899175331494064,21.297271576971596],[71.898389884929529,21.296145369243462],[71.898237600104395,21.295468888374266],[71.897671783003688,21.29394733299085],[71.896244813358777,21.292973037798941],[71.895105983312405,21.292358860478572],[71.89508081435946,21.291945448632269],[71.895090149001845,21.289434530211103],[71.895657526902326,21.288636326442685],[71.896695869737854,21.286987516750951],[71.897125155746082,21.285550632439243],[71.896996516292901,21.285438170888177],[71.896441935915547,21.285018488516538],[71.896328896373873,21.284740601221106],[71.896100644723063,21.28337292422102],[71.89610765428823,21.283005856319434],[71.89610767938035,21.283004542325109],[71.896131742122392,21.283004485728739],[71.896230747471577,21.283004252828679],[71.897166439955356,21.283002048832522],[71.898746438045904,21.282953209441239],[71.899893305974047,21.282905384234695],[71.900454504767097,21.282806321223081],[71.901336130629943,21.282556139940041],[71.902088724859652,21.282050661835491],[71.902415105884742,21.281140245780609],[71.903129707526716,21.27846976815454],[71.903577039839874,21.277799625277144],[71.904407550493843,21.276708433017276],[71.905059863465695,21.275806741763272],[71.905304495565474,21.274810561589245],[71.905548788178109,21.273691637591906],[71.905648023914125,21.272736721422593],[71.905674956463798,21.271945638192811],[71.905423757195294,21.270541503077066],[71.905435132424017,21.269382224276978],[71.905182671252092,21.267514390619631],[71.905309586530421,21.266041153614172],[71.905627472231828,21.265235731511602],[71.905979448357499,21.264150216601408],[71.906348845320679,21.263010957280386],[71.906333547698267,21.26273822891357],[71.905724694014083,21.26153846193133],[71.90546857388523,21.259938527042351],[71.905387241350368,21.258215051786802],[71.90586496626652,21.256808289519675],[71.90631105815622,21.255842779834946],[71.906679236251065,21.254405499204605],[71.906851223077354,21.253266229742216],[71.906867618673715,21.251265499433206],[71.906711412356685,21.250178321095181],[71.906102783969615,21.247737918130063],[71.905541629367093,21.246641452791813],[71.904652500071307,21.245668892107354],[71.904442856773613,21.245043537219349],[71.904231508673959,21.24379232822816],[71.904392503796913,21.242632566168055],[71.904848891691046,21.241441315220552],[71.905055106436649,21.241507087349046],[71.906349496071158,21.241919925377967],[71.907170781019758,21.242102624255033],[71.907871828039291,21.242336909706591],[71.908649483470825,21.242571006624896],[71.909580325663967,21.242794468049734],[71.910127854450906,21.242916257154491],[71.911274780216829,21.243117381192747],[71.912046680650363,21.243246311753992],[71.913352972401782,21.243689423666737],[71.913731028293498,21.243865480986951],[71.915094742542593,21.244293048432613],[71.915670331242652,21.244660989206466],[71.916097337471584,21.244729190977637],[71.917567119188817,21.24492562757019],[71.917576025741724,21.245453837259554],[71.918699715697187,21.245502183584499],[71.920520980675434,21.245354482140783],[71.921742262358237,21.245198036012702],[71.92205836678437,21.245115433744527],[71.923517988140247,21.244385697569861],[71.924095182428303,21.244057001149898],[71.924498635620296,21.244004854015138],[71.925043424528141,21.243788726776462],[71.925904663077802,21.243612704777682],[71.927430405877743,21.243128202635045],[71.928596884439443,21.24289003456472],[71.929545080853273,21.242611508747618],[71.930678649546806,21.242312051562596],[71.93209528338366,21.241827786109564],[71.932716169368931,21.241529627880237],[71.933794764744178,21.241087120863419],[71.934067401497828,21.241065966650126],[71.935081022487367,21.240787241603797],[71.935746340681632,21.240765071409722],[71.936814887020716,21.24061913773189],[71.937621794493481,21.240525008433501],[71.939006633123753,21.240368013647043],[71.938872492272267,21.240104299471355],[71.938425247951585,21.239306037885143],[71.937580956460224,21.237964269595825],[71.936563504783493,21.236565015458048],[71.935669850516874,21.235234950285726],[71.934454210384573,21.233662405916043],[71.933870978882439,21.232829723462267],[71.933592787624065,21.23066387904316],[71.933577721640702,21.2297370472089],[71.933448296289058,21.227733021761399],[71.933291184619776,21.224709508542791],[71.93325245755949,21.22414189934042],[71.933161618233868,21.222428938366335],[71.933160923438365,21.222415836396618],[71.933963983119995,21.222379016107407],[71.934556917037256,21.222319561283577],[71.935396534814259,21.222108851714864],[71.936520310500342,21.22188581754035],[71.937307698538234,21.22072519061788],[71.938610845947252,21.218485732964119],[71.93878290515724,21.21817246678787],[71.9395323652804,21.216733866660061],[71.940798515559806,21.214540831959745],[71.941195758183468,21.213609636052997],[71.941567844064764,21.212691801455342],[71.941608016214246,21.212500683474822],[71.942151887142856,21.211811613766795],[71.94238722309936,21.21149009569702],[71.942476054055973,21.211222444851959],[71.942784423767336,21.210801408127047],[71.943456869956819,21.209516036673328],[71.94303952775951,21.208913530991076],[71.942933058939218,21.208730437781096],[71.942344890442556,21.208220064419702],[71.941870408400831,21.207579502666995],[71.941175215443209,21.206695019387137],[71.940817940267451,21.207108540441045],[71.940458895755455,21.206926104577299],[71.939732525910003,21.206515408923341],[71.93909571687395,21.206081555692176],[71.938564921426746,21.205677986863268],[71.938042141308074,21.205228552359674],[71.937755577750877,21.204755582586209],[71.937615830254103,21.204335715679516],[71.937477006120162,21.204229107880941],[71.936694949829857,21.20426933411213],[71.936612530718733,21.203948644961439],[71.936552152199283,21.202810362143726],[71.935989659903541,21.20270484738889],[71.935932291050761,21.202590387484921],[71.935395115786037,21.202782786098989],[71.934619313899375,21.202173541321027],[71.934415515202204,21.202135862854703],[71.933892670805065,21.201655852987937],[71.933231145304219,21.201115072847166],[71.932610361576721,21.200574185689902],[71.932038733156304,21.200124856884742],[71.931287556081102,21.199569016997035],[71.930691382818949,21.199081543431479],[71.930332060126105,21.198792118579835],[71.92992394355592,21.19853337925473],[71.929825910919831,21.198441942212259],[71.929678022641909,21.198014448183521],[71.929505803955394,21.197625218540125],[71.929448000477265,21.197357946569841],[71.929349019680274,21.196937968397563],[71.929209502196116,21.196586857980943],[71.929029271643543,21.196243491343967],[71.929028631969842,21.196021917265977],[71.928962131548744,21.195563653590732],[71.928845227744475,21.194578320332809],[71.928786633191464,21.194035990451557],[71.928679355375294,21.193562548908346],[71.928702275813322,21.193035293211263],[71.928863540057776,21.192454202646854],[71.928916214801049,21.192043177433096],[71.929035265211553,21.191745504660179],[71.929169717680836,21.191788261332366],[71.929432146388706,21.191738344519781],[71.929681197234004,21.19160227349467],[71.92995557871123,21.191146011471066],[71.930269949728014,21.190898960486507],[71.930505941249905,21.190787546602838],[71.93064896319153,21.190306992925354],[71.930937074495347,21.190060007626503],[71.931539872597853,21.189676780641733],[71.931630841642743,21.189356422138722],[71.931983947025529,21.188887643243163],[71.932336692144801,21.18829573906434],[71.932964875333653,21.18761694100283],[71.933291787929107,21.187172851586009],[71.933657723757278,21.186605535949944],[71.93435067073375,21.185631065467813],[71.935044004944174,21.184792029212421],[71.935580266059674,21.184113458080869],[71.936103719479604,21.183545731254295],[71.936875330359101,21.182546422478008],[71.937556051810603,21.18189209688488],[71.937869810647598,21.18144803274328],[71.937881432089597,21.181447796632288],[71.937972859034687,21.181373064471003],[71.938634114975031,21.181846974254174],[71.939356930100928,21.182475442450727],[71.940152628203307,21.182954727054241],[71.940599001219667,21.183073902880686],[71.940923110485343,21.183170474809568],[71.941008953899669,21.183273398240253],[71.941661837432207,21.182979443034476],[71.941385960317817,21.182664991092533],[71.941183877844082,21.18251079754943],[71.941702989217816,21.182434946763518],[71.941855597819327,21.18238870471211],[71.942496307358994,21.182111969376304],[71.942879824077195,21.181641071702419],[71.943312984933897,21.181427911364782],[71.943959763074076,21.181139693825532],[71.944111770710776,21.180892887067909],[71.944533221969465,21.180851666631241],[71.945460509889841,21.180385063018107],[71.945857005117475,21.180171992839078],[71.946650336290787,21.179860456968065],[71.94679660717874,21.179739731955966],[71.946808000256183,21.179464642307408],[71.947251507410741,21.178632560673957],[71.947618016316866,21.178608669187643],[71.948178772808305,21.17816594242613],[71.948422846319104,21.178062147990158],[71.948740373012285,21.178004001544075],[71.948983996146353,21.177751216918082],[71.949410178831869,21.177257269744882],[71.94978173657401,21.176883805369418],[71.950183770797196,21.17648733742725],[71.950428048328163,21.176452304481746],[71.950524360553871,21.175976424108864],[71.950145448943346,21.175937320329577],[71.950321115877685,21.175438307149577],[71.951287042245994,21.175642026838428],[71.951457256306355,21.175360782554499],[71.952817615148618,21.174680957397609],[71.953257496584442,21.174679778983382],[71.953831681309737,21.174643856619767],[71.955059735678674,21.174657747736127],[71.956017638909643,21.174236847830606],[71.956494544726908,21.174355899680421],[71.956763202103076,21.174303600624537],[71.95753267501685,21.174198373302865],[71.958448331792212,21.173949486171999],[71.958759506308098,21.173816843045572],[71.959651393637898,21.17378576926847],[71.960127627264427,21.173687057362038],[71.960927375077503,21.173495776255507],[71.961409396387339,21.173293897740496],[71.962251532201989,21.172982156319001],[71.962251033721131,21.17282170641127],[71.962200645622687,21.172334759891744],[71.962285891806729,21.172242840456512],[71.962474996877944,21.172150637010816],[71.962828376796992,21.171840228581662],[71.962932574301234,21.171948821061942],[71.963910748132562,21.172163896089224],[71.964467199968368,21.172322820087729],[71.965253801977056,21.171839304325573],[71.96605870883154,21.171350004116572],[71.966670251484231,21.171543151480268],[71.967983226731477,21.170883530725643],[71.969278622194594,21.170171781227968],[71.970119504696427,21.169977652705381],[71.971408419507398,21.169708505250266],[71.972815247616467,21.169424265136595],[71.97342843101741,21.169348783301185],[71.973355141486238,21.168559684964759],[71.973137623025153,21.166930049682986],[71.972860360451676,21.166296431312503],[71.972558992647336,21.165500592970808],[71.972369270364936,21.165191302622699],[71.971352136986411,21.164353198925767],[71.969932994972282,21.163213762281512],[71.969252318692739,21.161828836378891],[71.968643358857079,21.160738775842979],[71.968519616215133,21.160594556646469],[71.968232929113711,21.160260427986348],[71.968180395032178,21.159970947264707],[71.967689508737081,21.15969088830402],[71.967058565267251,21.159392453427969],[71.966878329778183,21.159317906414994],[71.965396686935577,21.158796677055737],[71.965545513357469,21.15842104553273],[71.9655519059299,21.157267219784867],[71.965608737486548,21.156253963454589],[71.965698413011282,21.156150530589368],[71.965947233845938,21.155774623454164],[71.966496986003975,21.155698064491727],[71.966657070383903,21.155725764805307],[71.967098001505704,21.156024726126955],[71.967638785128585,21.156276507595425],[71.968119394731033,21.156472170444992],[71.968377737632167,21.155946144644645],[71.968685988876715,21.155391838574676],[71.969656170535842,21.155454812812696],[71.969926045151652,21.155416541439834],[71.969934890479692,21.155050675324471],[71.970173699021387,21.154674789925451],[71.969751522628115,21.153981801281944],[71.969480319928024,21.153597951065723],[71.969839181658486,21.153240494146061],[71.970848665955046,21.153087599926689],[71.971898443535238,21.153028392908713],[71.973207791715581,21.152837126132521],[71.974297295662737,21.152693368242051],[71.975656844797911,21.152567605771566],[71.976376331536841,21.152415493468396],[71.976826280239138,21.152404845916955],[71.977705576623961,21.152195994412679],[71.980544589722641,21.151925302547482],[71.983693118013178,21.15151297085708],[71.985432258917882,21.151273478475378],[71.986691636254704,21.151101012256756],[71.990060021684613,21.150659788733304],[71.990550022648392,21.150667749905359],[71.990709543507151,21.150464248417006],[71.991946922816084,21.150118933361025],[71.992827274415177,21.14829384797795],[71.993431811693497,21.147517513921112],[71.994931553229193,21.145747565106557],[71.996596839744726,21.142655787121448],[71.997395143025997,21.141742181325554],[71.998037919864487,21.141523867067644],[72.002738789139158,21.142136467725429],[72.004123733042263,21.142371556191364],[72.004970901152632,21.141560286917219],[72.005915075365692,21.140714551364134],[72.004740974714551,21.138200693720609],[72.003892858971298,21.138608828972195],[72.003264468945204,21.138961401598916],[72.002492269383723,21.139460277005295],[72.001506874233954,21.139605496239845],[71.998670159052736,21.139639100526431],[71.995833273679125,21.139622204045573],[71.993708322907153,21.139413984198299],[71.991340294892055,21.138878493402146],[71.987316676719189,21.13775490908905],[71.984436785592848,21.136905456444829],[71.982364194362091,21.136242858782687],[71.980896692509603,21.135603745308249],[71.978364118523189,21.134034233455068],[71.977179464157572,21.133545649613957],[71.976372015260466,21.133295652949535],[71.975576846250632,21.132679827025619],[71.974360909598573,21.130803827843909],[71.973375427540688,21.129520009114962],[71.972350271038749,21.128438110646986],[71.971794454910935,21.126976494462369],[71.971816992601632,21.125601560912269],[71.97203048936764,21.125096426460058],[71.972728701201035,21.124829596454713],[71.973413387175526,21.124537574408436],[71.97413587425541,21.123450793736847],[71.974309351732131,21.123046676395724],[71.974065652202626,21.122504978070715],[71.973432507477781,21.122090502825561],[71.972625286751082,21.121890940226539],[71.971765492778886,21.122069925117259],[71.971363557121975,21.122499902657268],[71.970665393339289,21.122779340341083],[71.969066815705474,21.123149564656043],[71.967091623807946,21.123457745087244],[71.965357967824374,21.123626490853582],[71.962629941405822,21.123936685425342],[71.960345023662413,21.124081657281103],[71.95874458128911,21.123858954676543],[71.957157702549139,21.123674040829648],[71.955543641352776,21.12359738548022],[71.954426304938991,21.123573779102276],[71.953064873137677,21.123361288000083],[71.952666061088166,21.123236518725005],[71.952159510711013,21.122912104328798],[71.951565572455493,21.122640315675909],[71.951158549955409,21.122241104379999],[71.95076166951678,21.121753995324447],[71.950739767346818,21.121392811262698],[71.950790260050582,21.120884985013788],[71.950550643029928,21.120787989194085],[71.949999014579248,21.120740638393279],[71.94891665734724,21.12067516595036],[71.94841676276755,21.120530039834133],[71.947895999951214,21.120365440762274],[71.947510770312093,21.120288352012352],[71.945930714960582,21.120809972707036],[71.945026646670897,21.121212645134367],[71.944340620973364,21.12145852818918],[71.944049387098332,21.121498344851016],[71.943133221985434,21.121334766799762],[71.9421957850887,21.121015026230953],[71.94153944001458,21.120743364818352],[71.940944923113747,21.120266510293948],[71.940204678885465,21.119770505564837],[71.939672601396055,21.119293484200654],[71.939462139070272,21.118493437836417],[71.939418850803392,21.117927277461572],[71.940674987087775,21.116947683877921],[71.940777550158231,21.116704780561303],[71.939809779748344,21.114711237387922],[71.93949475837978,21.114521127250516],[71.938145301780295,21.1148196902612],[71.937831606190031,21.115080856222171],[71.937521369871661,21.116522290249186],[71.933099229688921,21.116134436298214],[71.929916759424941,21.115847468959895],[71.92828527027828,21.114567178382117],[71.924893388712647,21.112180441985092],[71.924374970315284,21.112008170075175],[71.920446196044239,21.112574751410197],[71.916981621384252,21.112013221822512],[71.913152391784962,21.11139550136923],[71.910073006372357,21.110965911034715],[71.906689974566035,21.110574999067673],[71.903469070549832,21.110221639429895],[71.90124058353193,21.109903878360829],[71.898748994747365,21.109643715733831],[71.897350713933008,21.109285942664183],[71.8959113330355,21.108700218455017],[71.895161295630217,21.108416923909331],[71.894957178371968,21.107809304809116],[71.894996121340057,21.107220122281564],[71.894001480520942,21.106329297214238],[71.89203428092631,21.105231684772274],[71.890696509540334,21.104759698110193],[71.889782713156364,21.103792649276347],[71.888523836294553,21.102503335508764],[71.888157902718547,21.101953086941855],[71.888419669877351,21.101382398016494],[71.88858087808724,21.101077980930988],[71.888902401878894,21.100127094559081],[71.888494984998459,21.09919688181526],[71.887966175038187,21.098304951633796],[71.886620034692029,21.096699982998931],[71.885545439295242,21.095531434822924],[71.884701708385961,21.094173828592545],[71.883540477330484,21.093279173448543],[71.882611599946841,21.092601509798545],[71.881478533240113,21.091380491065966],[71.880490901085309,21.090376661948099],[71.87959116598995,21.089753296689864],[71.87860486610937,21.089266072053178],[71.877300084707457,21.08886112150995],[71.875937434406794,21.088483479528801],[71.874721014597966,21.088649313242584],[71.874287317637851,21.089003746767983],[71.873215413321418,21.089033298477716],[71.870868257504995,21.088875302297645],[71.869650886679523,21.088660434961657],[71.868491128255272,21.088309481251233],[71.866867355269733,21.087769189937529],[71.865302002832777,21.087419090684143],[71.863852677414272,21.087123109143313],[71.862084996695572,21.086963747350261],[71.860491019315859,21.086749617110865],[71.859046459340149,21.086169629663871],[71.857098148381183,21.084828243957041],[71.856411334919585,21.084382312561917],[71.855431625180628,21.083850656425657],[71.854644878530763,21.083577598200442],[71.853975323769248,21.08335138403671],[71.85387452562837,21.083163225639787],[71.853923958377038,21.08284917485722],[71.854364965177098,21.081914260138817],[71.85181126758205,21.080600992224955],[71.850973927166123,21.080139652732758],[71.850369122867903,21.07898714373383],[71.850677317546044,21.077675774574143],[71.848891684642155,21.076967838641391],[71.846411069481675,21.077865926974301],[71.84458220507571,21.077744070247835],[71.84258846980984,21.077036489995308],[71.84054325556086,21.076095662777032],[71.836026599980812,21.073972838975671],[71.832182691368786,21.072616959795219],[71.830358709661368,21.071696149683039],[71.829124828999269,21.070404429024858],[71.828483022599798,21.069643067089654],[71.827521767218855,21.069159629954175],[71.826438425658068,21.06913860689551],[71.824962013689785,21.069511186795708],[71.823461773332284,21.07025354724097],[71.8219601252286,21.070348838307861],[71.819817453173997,21.070029358241921],[71.816195955893562,21.068950005802655],[71.814323166261204,21.06816776792369],[71.812457556628473,21.06724970092861],[71.811131107793329,21.066202009745126],[71.808112826400986,21.064042965094004],[71.806649578901229,21.063059779528572],[71.804248782513909,21.061349602962192],[71.802373933497137,21.060024217489588],[71.800933593603148,21.059040940638077],[71.799622012646779,21.058460831272011],[71.797290220466493,21.05804919552472],[71.796682566143843,21.057240673145948],[71.795662024247491,21.048008804166397],[71.797502272831792,21.047458575162125],[71.798596655975359,21.046909638471234],[71.799926124421802,21.047366791870171],[71.802629755969676,21.047318237411325],[71.802393451780532,21.045721367779361],[71.802507382870203,21.044430204184149],[71.803485498652435,21.044034607982233],[71.803554046314389,21.043356184050378],[71.804275817092488,21.042982921665541],[71.805602544334434,21.042105313657377],[71.805834051942185,21.0413390729159],[71.805948486718648,21.040310474181457],[71.806249865289743,21.039522226292753],[71.80568760280434,21.038100992578151],[71.804991482778618,21.038342069593476],[71.803839340804316,21.039099017076413],[71.802877776018647,21.039018680343975],[71.801443592838439,21.038610966229705],[71.800437355025792,21.03885039636133],[71.797640561667848,21.038855316144073],[71.795651384944108,21.038683741515005],[71.794437722198566,21.037810619043675],[71.793938915300885,21.036994601830756],[71.792942401493519,21.035916872563686],[71.791325372770388,21.035336164835531],[71.790704556396889,21.035687319200548],[71.790519577852507,21.036446167463033],[71.790273520955495,21.037759431592647],[71.789809874591256,21.03904389199144],[71.788910933951684,21.040212394195578],[71.787669246619316,21.04091468323989],[71.785960905014321,21.04135518026753],[71.783909222902238,21.041008527780935],[71.781670052411371,21.040107849257108],[71.779025784673777,21.03859514550388],[71.776265645630048,21.036562734259753],[71.777052211446573,21.035870301700648],[71.778518509284154,21.034651370923868],[71.779662411892602,21.034274394934556],[71.780731329761295,21.034221944453279],[71.781022631469341,21.034089671946393],[71.781669526406588,21.033561436364099],[71.782295107159271,21.033185300600923],[71.782467187798403,21.032820054305049],[71.782423308086194,21.03245516665902],[71.781914296830934,21.031655125631382],[71.781026909715862,21.030612401583952],[71.780539830355067,21.029984662442892],[71.780205079599924,21.029975076552212],[71.779676119806581,21.030046911891908],[71.777116964676708,21.030010550271818],[71.773229310674765,21.029773533782727],[71.771836101341151,21.029613561685839],[71.77143610615596,21.029350617715064],[71.771208637840559,21.028955606277012],[71.770949015812022,21.028692437196938],[71.770267882423269,21.02820690636862],[71.769500098896856,21.02756944297326],[71.76914364950251,21.027499042788861],[71.767794199023839,21.027643102286348],[71.766660121888322,21.027462403667528],[71.765277361339074,21.027089467142019],[71.764531754157403,21.026766218539681],[71.763623331146277,21.02595660408932],[71.762930333970999,21.024842517322988],[71.762777979374519,21.024163519188996],[71.763025910489901,21.023929966234615],[71.763208416047149,21.023331552811708],[71.76345614920335,21.022986483556565],[71.763660317767929,21.0224285873221],[71.763691782620896,21.021901372072669],[71.763551026632669,21.021678558222476],[71.763021891860333,21.021638825913016],[71.762471375841983,21.021720778764678],[71.761747360405309,21.0213772085046],[71.760785775195941,21.021013723839655],[71.760072898139597,21.020862747877562],[71.759533654096785,21.021218395143112],[71.759804602416978,21.021805975114191],[71.759599823588601,21.022019181957177],[71.758530616645544,21.021858605174614],[71.757548642824958,21.022194642818871],[71.756512574076922,21.022469929477065],[71.754158783945272,21.02248360044279],[71.75303571249313,21.022394034340071],[71.75214975613423,21.022050663905258],[71.751684912750591,21.021716804100116],[71.751381638681622,21.021149534332892],[71.751067790404321,21.020714071313929],[71.749749777320773,21.020259809183088],[71.748972047588367,21.020058192616155],[71.747785420321549,21.020698608291365],[71.746943158357752,21.020649143867438],[71.745949520615127,21.020468102408735],[71.745365695259096,21.019992467467695],[71.74482535978261,21.019699248842663],[71.744339523738731,21.019720222978982],[71.743843005825198,21.019812175859222],[71.743563137346712,21.020339743992814],[71.742850477005277,21.020310349335226],[71.742234647267566,21.020067919372611],[71.741618280551066,21.019490939440338],[71.74135857968956,21.019136483915013],[71.741001136692347,21.018427342254391],[71.740276681958164,21.017769407645179],[71.739599696701816,21.017534939291377],[71.738947196561583,21.017607948217847],[71.738064875700033,21.018005687158219],[71.737337077122646,21.019015981929126],[71.73670589741397,21.020440663937503],[71.735843967619957,21.021613344127278],[71.734496373150449,21.021752176801467],[71.733847313282425,21.021381803966644],[71.732896323468253,21.020845803301768],[71.732334807154771,21.020806019769033],[71.731783665265453,21.020492498648178],[71.731642456683659,21.019945247758784],[71.731447295044418,21.019418345795],[71.731122913958558,21.01911465162248],[71.730529060115529,21.019105319512938],[71.730270662231973,21.019582147900881],[71.729915399388915,21.020261863590875],[71.729634984126719,21.020464999105812],[71.728894802100001,21.020807410499426],[71.728135366983182,21.021008317175887],[71.727912453233046,21.021004237806952],[71.727311216974357,21.020993233598112],[71.72430912753498,21.020997218556204],[71.721636357325465,21.020880408882437],[71.718689135113479,21.020849848027645],[71.718049598479524,21.02084521866303],[71.716436140603122,21.020562682108825],[71.714411906058459,21.019922282622915],[71.712551336037279,21.019049245986782],[71.710515830454781,21.01790998514662],[71.708932453975066,21.016861084163725],[71.70561519509161,21.014824045218681],[71.701526063068897,21.012220889298142],[71.699860297383367,21.011163018218951],[71.698175756997713,21.010356638880747],[71.697123285304073,21.010124338031613],[71.695248194222785,21.009875013058007],[71.692186645543615,21.008953846730979],[71.689424020468536,21.008057309943673],[71.686661428062095,21.007160727969964],[71.685223428805529,21.006421423601246],[71.682629024462997,21.004757257178788],[71.68197997521645,21.003964156983912],[71.681301924564977,21.002483129006944],[71.682342233633406,21.000629828260823],[71.683269746297299,20.998723722647252],[71.683211778896961,20.997400791936581],[71.682788522291673,20.996898509396047],[71.678089558870468,20.995547388233145],[71.678241651551502,20.995849804750041],[71.678312363991012,20.996077585519121],[71.678355040469285,20.996215055756508],[71.678356672656733,20.996220313382761],[71.678434819251478,20.99647203988177],[71.678073247344045,20.998078708372393],[71.677391895075829,21.000488854070909],[71.676751795658745,21.001634000980498],[71.67653819091008,21.001814930157558],[71.675726742009417,21.00271930735423],[71.675129501683642,21.003964796806965],[71.674809285227752,21.004406855387728],[71.674553073349585,21.004728376073825],[71.673869448668654,21.005251119576222],[71.673207085683387,21.005673445651507],[71.672481148723392,21.006597798780074],[71.672374582447674,21.006899085839926],[71.672333708099757,21.008545572819372],[71.672291542022137,21.009067659167506],[71.672014095116708,21.009529747637149],[71.671545324968051,21.010975879940762],[71.671439304357563,21.011759052055876],[71.671333511955893,21.012743009749286],[71.670907789831062,21.014450118172899],[71.670609447556828,21.015353954080769],[71.67026842525452,21.016338146451155],[71.669241442307666,21.019055655327602],[71.667976174589967,21.019659488350541],[71.667291235516345,21.020361796374576],[71.66640560858572,21.022434546013379],[71.665318123945511,21.024845921623147],[71.663826932702435,21.02794280272829],[71.664275712023382,21.028305567844029],[71.665225964614734,21.028973261758708],[71.66542053303624,21.030013139438168],[71.665438918557612,21.030739517354739],[71.665492043932701,21.031077900047944],[71.665254706130938,21.031119403344867],[71.664569031624779,21.031210867774274],[71.663540351645736,21.031195351199965],[71.662705005824051,21.031097098548198],[71.661684887213013,21.030866945595609],[71.661403473274333,21.030801176943598],[71.660594223844441,21.030438745157777],[71.65972350524369,21.030142403227462],[71.658861669440441,21.029928593514285],[71.657850321656753,21.029665391254788],[71.656645668164572,21.029509669637473],[71.655441051352625,21.029386957443887],[71.654816708562649,21.029271963940324],[71.654157267157231,21.029223035975939],[71.652785516613989,21.029009656834095],[71.651959006610284,21.028936106837929],[71.651229299341892,21.028953266303297],[71.650517200462659,21.028995170565409],[71.649972030914682,21.02892136166928],[71.649453385570254,21.028996108784547],[71.648521423974913,21.02897216173643],[71.647967479891363,21.028914863080121],[71.647299112378306,21.028725589688072],[71.646701170055081,21.028627052476381],[71.646024005525476,21.028429527135017],[71.64535572261758,21.028322791055178],[71.644784174525043,21.028240733535142],[71.644758157752008,21.028612208437043],[71.644617735192796,21.028868217572665],[71.644362819140369,21.028917961187016],[71.643870372197668,21.028811069928427],[71.642920616266963,21.028564235569217],[71.641592744916835,21.02824342055024],[71.641382185017449,21.028714102596467],[71.641329636275685,21.028928763435651],[71.64091630255291,21.028805288835827],[71.640538252956318,21.028805601669362],[71.640450264842698,21.028731383799993],[71.639948990860503,21.028583215923256],[71.639864796664597,21.029269831776784],[71.639719188117681,21.029834005475717],[71.639500595924417,21.030489707112658],[71.63921700997949,21.031099727548227],[71.638982098618783,21.031671595953615],[71.638901342492233,21.032136625260407],[71.638836653921672,21.032418705011064],[71.638633882791737,21.032632296224261],[71.638561504597561,21.033379345385804],[71.638553928395197,21.033966272358931],[71.638448594907771,21.034195028591203],[71.63810003976225,21.034797477495648],[71.637792223521771,21.035559961923351],[71.637646517183569,21.036032665422415],[71.637338549427469,21.036635079805663],[71.636852288325144,21.037595887433913],[71.636552280426642,21.038030602324323],[71.636366097325222,21.038640539321566],[71.636163494393486,21.039052308294458],[71.635977432983211,21.039799446886757],[71.636022965603331,21.040153796946754],[71.636169355597474,21.040260500611684],[71.63677131179341,21.040839902021002],[71.637080312024935,21.041012601167051],[71.637134611295309,21.041139725051327],[71.63712391904312,21.041297421599428],[71.637178390791561,21.041612753484202],[71.63701598110805,21.04176548568249],[71.637238299732573,21.041948427775857],[71.637536312027407,21.041953273609991],[71.637763904879947,21.0419785228362],[71.637801903315619,21.042054792633792],[71.637829191496351,21.042268412181862],[71.637861752980399,21.042324339546013],[71.638203131479756,21.042349495854172],[71.638316958779214,21.042395183622489],[71.638436265594663,21.042506994032099],[71.638496191830058,21.042857927934044],[71.638350112398328,21.043092035371878],[71.638334162644881,21.043422684228311],[71.6384498987901,21.043578582298526],[71.638464454378195,21.043693869099783],[71.638356293435905,21.043917772218283],[71.638436089118159,21.04427038547426],[71.638465150280908,21.044446700910807],[71.638747133792933,21.044690632785475],[71.638834130247631,21.045016110846312],[71.639008048769782,21.045585679584711],[71.639138438133486,21.045958597857073],[71.639116839867583,21.046040002802016],[71.639015833620419,21.046189295434907],[71.63890794220751,21.04670483630165],[71.638843662229277,21.047505196828077],[71.638418013272542,21.048163424309561],[71.638360798206747,21.048794222029972],[71.638332813882357,21.049784456166144],[71.638140794768574,21.050480925316709],[71.638276326481247,21.051204257034158],[71.638170198097725,21.051965094328885],[71.638137480493171,21.052235912797762],[71.638063417784466,21.052359763559593],[71.638179046866341,21.052622724507568],[71.637908304369347,21.053969166718133],[71.637886481538629,21.053968278851553],[71.637517503294561,21.053822791827262],[71.637492456294837,21.054733975043728],[71.637493198284602,21.055541872173116],[71.637513096797889,21.056070330480889],[71.637449195091008,21.056951172810873],[71.637443231557071,21.057503949631869],[71.637385370718519,21.057917056805845],[71.63737924525158,21.058293675609015],[71.637327877395634,21.058731075142013],[71.637036591807032,21.058640194129708],[71.636810156889084,21.058701120814515],[71.63659659204059,21.058683069432938],[71.636240556743303,21.058549718189621],[71.635904134068127,21.058635029513653],[71.635807546241324,21.059163581010385],[71.635632796902428,21.059133348550123],[71.635678337424665,21.059400586503504],[71.635607545108599,21.059831926582611],[71.635452543991065,21.060172217548242],[71.635239092461902,21.0602817271138],[71.634818506487292,21.060330656785251],[71.634553300776432,21.060458429807753],[71.634126302715941,21.060574181420566],[71.633932176393245,21.060586483432225],[71.633731519090659,21.060531971789914],[71.633045589444194,21.060556808115098],[71.632553812909904,21.06059971351555],[71.63206206288541,21.060672989553126],[71.63179037759113,21.060794688891686],[71.631402187924465,21.060892180301654],[71.63096866172674,21.060947184876639],[71.630315159991952,21.061057027003791],[71.63018575589436,21.061081423900713],[71.629700405918157,21.06107572079301],[71.629325114674998,21.061124602282305],[71.628923964277817,21.06120387465452],[71.628956482879119,21.06139215687061],[71.628848396638645,21.061535084218413],[71.628096738886526,21.061495336867264],[71.62693701776881,21.061408856428042],[71.626163869188318,21.061348958627693],[71.625512406767882,21.061282248111503],[71.624810735931291,21.061094624290288],[71.624388323830161,21.061007583038066],[71.623665203023847,21.060846847443631],[71.622662850351531,21.060612398145341],[71.621925334627008,21.060350875744088],[71.622046882613219,21.060176086180235],[71.621288020621051,21.060069120647107],[71.620206984767734,21.059895186832019],[71.619984998513857,21.059794553998923],[71.619426398772305,21.059472420339382],[71.618896386211247,21.059089790937115],[71.618316391231417,21.058861739034199],[71.617371088418864,21.058324849200421],[71.616540380165844,21.057861787999617],[71.615852881085999,21.057452379657747],[71.615358727096037,21.057136907822013],[71.61486460612079,21.056861750439651],[71.614406333864565,21.056660480012365],[71.613890854448002,21.056533159249643],[71.613504190686939,21.056365434964263],[71.613067416255788,21.056191023827868],[71.613295909868299,21.055445026719116],[71.612744422795714,21.055022076198856],[71.611999542430965,21.054424549018229],[71.611304803647769,21.053867301616794],[71.611268719243995,21.053470885060133],[71.610352795691753,21.053867922627383],[71.610017068039681,21.054815565177343],[71.609917082975642,21.0551247188213],[71.609817107359603,21.055447311038908],[71.609710007740489,21.055816943054882],[71.609660058912283,21.056031993664586],[71.609309593720837,21.056415220971008],[71.608994990599626,21.056899214386139],[71.608723304905141,21.057342863799615],[71.608572921000913,21.057255608782754],[71.608573062338223,21.057450469054718],[71.60879501797686,21.057524239601282],[71.608673671250457,21.05799466984779],[71.608602377364491,21.0583911554499],[71.608452250507739,21.058660024240446],[71.608409457136773,21.058875069852245],[71.608231313703001,21.059997310098382],[71.608024529579978,21.061112848917023],[71.607881993229753,21.061986451061383],[71.607818076448922,21.062692020144791],[71.6077253609743,21.063169150594803],[71.607646874755076,21.063525324226198],[71.607468449982889,21.064271281503476],[71.607318527282658,21.06483579896496],[71.607311629028345,21.065198646441385],[71.607312029015603,21.06575634946849],[71.607283794813199,21.066314070551215],[71.607319732157919,21.066515627320346],[71.607270026911294,21.067080081234725],[71.607348819583891,21.067147224597065],[71.607656672820511,21.067194064912936],[71.607678637044941,21.067872701795775],[71.607721917793,21.068329587730101],[71.60774367925147,21.068726013458047],[71.607915782908321,21.069135782308948],[71.607987524977034,21.069350754731701],[71.608646090825005,21.069303299431244],[71.609182958495822,21.069255919874625],[71.609497940898194,21.069255717045479],[71.60941245433834,21.06982691376184],[71.609362598753492,21.070176350141136],[71.610006800893672,21.070061705681468],[71.610500738324944,21.070041227012162],[71.611066193040884,21.069926629766382],[71.611538603600209,21.069838969035072],[71.612290193357367,21.069737683967787],[71.612283150644743,21.069892232809519],[71.612862966458664,21.069838093898419],[71.613271003203877,21.069824383562565],[71.613242144526637,21.069528753070216],[71.613986572836211,21.069427465276775],[71.614494783821826,21.069353210916191],[71.614445166456477,21.06999829832716],[71.614445320677575,21.070199877576126],[71.614338335125112,21.070717336638864],[71.614267178694774,21.071281806672346],[71.614682455292566,21.071368877720843],[71.615398458773029,21.07152965603661],[71.616028584169385,21.071724086584851],[71.616142676398454,21.071146147881773],[71.616313964626997,21.070474099538753],[71.616356629648237,21.070104508186027],[71.616900645851302,21.070043660708485],[71.617201333432632,21.070070330669086],[71.617652338576605,21.070076738072853],[71.617781248589068,21.070143841812349],[71.617552998213085,21.071198931779165],[71.617396164217496,21.072038954046619],[71.617926033598621,21.072186411649273],[71.618327013074094,21.07229364161374],[71.618799517467991,21.072320188884031],[71.618957011843051,21.072320078607767],[71.619149872186426,21.071782398619067],[71.619142429714742,21.071426280425932],[71.618905703501838,21.070814989152645],[71.618905415076952,21.070452146585136],[71.61978613988417,21.070700142014164],[71.620322387306516,21.069880006959295],[71.620458224396131,21.069658173385392],[71.620593849833895,21.069174286708819],[71.620908891676407,21.069247975094832],[71.621159516490408,21.069335147493501],[71.621481717640251,21.069408829704066],[71.621688937192857,21.068938329540124],[71.621753162908277,21.068689668976369],[71.621831744014145,21.068488033264877],[71.622146785006763,21.06856171936418],[71.622877205073536,21.068850122760747],[71.623729297743679,21.06910483782341],[71.62451689235823,21.069272244863058],[71.625333112239403,21.069426188491498],[71.625648139967225,21.069479710150041],[71.626084888469578,21.069560018121745],[71.626629018008259,21.069640244920098],[71.627337838455489,21.069767381709994],[71.627354747121373,21.070357593382273],[71.627312041943156,21.070856911213312],[71.627319460036986,21.07112678985748],[71.627226567631368,21.071781328657067],[71.627097680562571,21.072375170371803],[71.627047573460487,21.072624850723685],[71.627284758266995,21.072584190445024],[71.627392746080432,21.072773028357485],[71.627831456073608,21.073022341433738],[71.628572322040824,21.073548056026613],[71.628443740159767,21.074492747711897],[71.628372346922632,21.07506630537863],[71.628293648778765,21.075504926473041],[71.628157990527541,21.076584565099722],[71.628129374665534,21.076746517113573],[71.627539789430472,21.076612019102068],[71.627238675456169,21.077563586219856],[71.626822457633878,21.078420779363128],[71.627318699076284,21.078676797635055],[71.627376255084272,21.078730731245372],[71.627311722884201,21.078926445529451],[71.628080868733875,21.078865142995998],[71.62857682368697,21.078783802846701],[71.629101492328715,21.078655209721887],[71.628979644400573,21.07907362246727],[71.628750173078572,21.079735012308468],[71.628506362665533,21.080443642336238],[71.628241209058601,21.081415424868737],[71.628579196889348,21.081543363982476],[71.62832808958828,21.082130551418526],[71.628493510114978,21.0822181385061],[71.628349922813683,21.082440901324087],[71.628263887166241,21.082710850200176],[71.628091855416997,21.083297977436832],[71.628185427808475,21.083432848688037],[71.627905709892133,21.084195481458337],[71.627755149932298,21.084674638572643],[71.6277554325018,21.085005245970169],[71.628143959739191,21.085376043179462],[71.628675806083066,21.085206963385708],[71.629020770634838,21.085078506678713],[71.629150097938279,21.084990696083764],[71.629934051108805,21.085388176143763],[71.630085109768928,21.085489266808885],[71.630687279607429,21.08524376576942],[71.630770285135995,21.08559297230839],[71.630332630847818,21.086346180907043],[71.630432325344458,21.086866129180979],[71.630283944187283,21.087417314277797],[71.630093974744867,21.087696876355992],[71.630003651458694,21.088442055734298],[71.629673208225412,21.088861433031916],[71.628978773007574,21.089164663314385],[71.628491090706547,21.089467734305913],[71.62834229322705,21.089545462557968],[71.62830132189481,21.089987902631059],[71.628359787073407,21.090655352774711],[71.627913709344938,21.091261091506833],[71.627401326129345,21.091703886057427],[71.626657639024657,21.092465075894872],[71.626236150453863,21.092822421844946],[71.625608133866038,21.093459335955142],[71.625161978114335,21.093995213356173],[71.624988570718358,21.094321326715363],[71.625815862513448,21.094607892834983],[71.626775518887428,21.094933163817689],[71.626693919388202,21.096237166518286],[71.626595435126745,21.09713758065724],[71.626488462112064,21.097781869635519],[71.626372967932681,21.098131225739099],[71.626092163459703,21.098604889615245],[71.625861112594166,21.099233747191139],[71.625663260566284,21.100002287794727],[71.625324873603702,21.100856309104259],[71.625093933094746,21.101624873366678],[71.624755694862159,21.102665170544963],[71.624516477670539,21.103433739970413],[71.6246901946854,21.103464658529557],[71.624500550420237,21.104171099002954],[71.624319046221487,21.104722302244188],[71.623930331422343,21.104753632986],[71.623732655247764,21.105755017264546],[71.623477187259226,21.106888389624611],[71.62318043599069,21.108114930030954],[71.622949626824521,21.109069767831009],[71.622858942555041,21.109434626246887],[71.622627440743884,21.10955121704357],[71.622710332823559,21.10976848035369],[71.622727258397148,21.110234160840914],[71.622860009341423,21.110730803579759],[71.6228684660216,21.110955882251442],[71.622786109336133,21.111390588416636],[71.622869156018069,21.111794128542297],[71.622629315325611,21.111833109928536],[71.622381705772128,21.112485258539234],[71.622301325836801,21.112857044083636],[71.622244017945746,21.112843972133835],[71.62181636615918,21.112779795727601],[71.621266514542455,21.112679881110935],[71.621060316015075,21.112637038982925],[71.620510523266603,21.112608771051747],[71.619609506367397,21.112602244276662],[71.618838256275367,21.112545467357801],[71.618151033284818,21.112531617896941],[71.617372154029681,21.112482004540091],[71.61715071925012,21.112482157714432],[71.616539847892682,21.112461084018033],[71.615814413694693,21.1124042618295],[71.61564641766509,21.112390046681426],[71.615448150510673,21.112726933043316],[71.615333991567937,21.113214225259341],[71.61530367009513,21.113500842642935],[71.615258060410611,21.113765975652182],[71.615250977948975,21.114482472294089],[71.61522865698673,21.115241968739539],[71.615229088499859,21.115800831979037],[71.615045805947574,21.115772296813933],[71.615107279611564,21.116273799245523],[71.614970027033138,21.116524664475715],[71.614962887927163,21.117169511759819],[71.614008255270164,21.116983868781045],[71.613473670507574,21.116891083621489],[71.613084179437166,21.116812529859988],[71.612709911869629,21.116669480829263],[71.612557837043283,21.117522206923837],[71.612390407582254,21.118267469257226],[71.612268652404765,21.118826413331522],[71.612230801109391,21.119263498196364],[71.612230984347804,21.11950710516394],[71.612178065355707,21.12021646668537],[71.611666523120931,21.120317113318379],[71.611185540565856,21.120439233102505],[71.610788538325011,21.120539801900026],[71.610376242139381,21.120611720075679],[71.61026942676483,21.12073359314525],[71.609986864426318,21.120697952203283],[71.609872396730935,21.120798335248431],[71.609039987465138,21.120698564106522],[71.608666032295432,21.120992565776671],[71.608421962842272,21.121386792352634],[71.60797160169399,21.121623522040053],[71.607635812596087,21.1219031672724],[71.607231322359056,21.122218679887386],[71.607002437294497,21.12249825617128],[71.606842251620435,21.122741964275018],[71.606666649532684,21.122785064379769],[71.606544756706271,21.123186376157236],[71.606399847149689,21.123437239134297],[71.60615582890965,21.123917441276838],[71.606003424275045,21.124368926111778],[71.605835659668244,21.124698616897344],[71.605759702972577,21.125271857188675],[71.605790497333615,21.125622918573928],[71.605569392874798,21.126117435279031],[71.605432358354761,21.126712208108927],[71.605257307400734,21.127543446404193],[71.605097487120503,21.128317355731795],[71.604968201254934,21.129076916112233],[71.604823066807754,21.12901968671672],[71.604731624667053,21.129299174662563],[71.604701340064864,21.129671768555582],[71.604503241263686,21.130316732484893],[71.603846783208724,21.130732700752787],[71.60358726754707,21.130919147207027],[71.603427251176271,21.13142795330543],[71.603114410904439,21.131807884026468],[71.602809304539377,21.132331107567548],[71.602496707072035,21.133069282205589],[71.602283188018873,21.133520800249517],[71.602161152005678,21.133742985925839],[71.60203141510155,21.13387203239839],[71.601604014155029,21.134252029222559],[71.601993618416557,21.134438082553576],[71.6022076750411,21.134767539069049],[71.602795784796186,21.134874656699441],[71.603158149822448,21.134922844737535],[71.603297087289278,21.135011908331833],[71.603282853603858,21.135567379307417],[71.603224749740235,21.136102304314004],[71.602654605047064,21.136075220613623],[71.601916304395729,21.13598651823613],[71.601104860493933,21.13582242316582],[71.600819779558705,21.135795162871275],[71.600483612277856,21.135884510919787],[71.600381309852011,21.13592571693923],[71.600199001471424,21.136556720314218],[71.599775322060893,21.136947851283718],[71.599475817287697,21.137215472243604],[71.598971471405761,21.137215767731966],[71.598437865429815,21.137181790936147],[71.597443711884097,21.137058929808507],[71.596771162337163,21.136922164261801],[71.596120555298953,21.136805956263274],[71.59581350566819,21.136716981982588],[71.595440632894508,21.136566326215259],[71.594979926667477,21.136223707232375],[71.594702094362049,21.13610042673761],[71.594416953213681,21.135977149858423],[71.594095313672682,21.13592932593874],[71.593664168454964,21.136094146366045],[71.593364547001272,21.136190317642143],[71.592984505569348,21.136259102320029],[71.592560727093286,21.136519921732358],[71.592370693065021,21.136533740604232],[71.592327283054544,21.137253808029673],[71.592349517032019,21.137747540160547],[71.592569177694841,21.138357742951126],[71.592752130770592,21.138707378314681],[71.592525725580302,21.139009234716124],[71.592460106430963,21.139276715307485],[71.592197322073716,21.139852893405454],[71.591920035073812,21.140621090523208],[71.591679250880205,21.141320691806001],[71.591496764395103,21.141732243866429],[71.591204901442282,21.142582738202503],[71.590986136035895,21.143440050250096],[71.590767272058528,21.144139638249872],[71.59048302754438,21.144040051128549],[71.589564435792482,21.143609774960058],[71.588615998532191,21.143338705013772],[71.588127509017568,21.144387778115071],[71.586240631302928,21.143873705108774],[71.586170850280169,21.144032936253218],[71.585572609732623,21.145203795586628],[71.585333310888856,21.145672138691729],[71.584984341847161,21.146374647665731],[71.58475504266066,21.146880442659569],[71.584336426497245,21.147995020607485],[71.584026943023389,21.147929623397239],[71.583557703617046,21.147789388994774],[71.583048588799826,21.147742817297321],[71.582669195163504,21.14761190076976],[71.58225985585733,21.147480997941546],[71.581840725492214,21.147696583311031],[71.582100456859067,21.148052306433989],[71.581930940559701,21.14838014410174],[71.58172152042583,21.148754823074956],[71.581152795362371,21.149232683281582],[71.580384542699804,21.14993538304871],[71.579746012888975,21.150563102691436],[71.579307114938928,21.151171997594425],[71.579047757463584,21.151518603232653],[71.578279015569152,21.151331671673365],[71.577480255456436,21.151004283732462],[71.576421948737945,21.150658280495033],[71.575423517025129,21.150265421731696],[71.574724694986216,21.150143993907196],[71.574235469365505,21.149956920300529],[71.574106258764218,21.151080710049769],[71.573906922973322,21.151708214806156],[71.573667507551406,21.152036074622227],[71.573098817598392,21.152663738718815],[71.572360597735937,21.153656686585443],[71.571861778601757,21.154293680985869],[71.571392781840999,21.154677821462613],[71.570734286301473,21.155427253019841],[71.570205479734312,21.156008068343816],[71.56987624883746,21.156429604272031],[71.569746578817799,21.156654404245995],[71.569616921540856,21.156907297419586],[71.568748889551657,21.157919011365244],[71.568419633103318,21.158303086654374],[71.567761055452166,21.158940133215257],[71.56719237343286,21.159698879143793],[71.567072336170938,21.159628492407897],[71.566691224126316,21.160035648135747],[71.566195766153442,21.160174594419932],[71.565914571322793,21.159827824855597],[71.565219550965324,21.160251286960641],[71.56475373155223,21.160522031739912],[71.563992016654979,21.160654135669787],[71.563474301452644,21.160640455500438],[71.562875167583542,21.160474177115926],[71.562630970680814,21.160155138687404],[71.56210576890291,21.159919454310113],[71.561247709311189,21.159565950113461],[71.560826092411688,21.159427350442645],[71.559539059109838,21.159011552910492],[71.558459171043452,21.158741363479411],[71.5577417884098,21.158755484968147],[71.557231553414582,21.158942973195373],[71.557128026043301,21.158977696120427],[71.556876577996917,21.158998593588777],[71.556322003162165,21.159283220205463],[71.555789527804592,21.159338897305322],[71.554517536991,21.15956825231056],[71.554460422405484,21.159576843341611],[71.554669619102768,21.160098586931305],[71.554921430368267,21.161714393073815],[71.555060091344785,21.16234916094259],[71.555414281906536,21.163512868894074],[71.555373563202807,21.164311207402669],[71.554958518844529,21.164965392228389],[71.554087474422246,21.166470948439333],[71.554303005707396,21.167004699066887],[71.554231287939317,21.167173043586281],[71.553185696134619,21.168106357606682],[71.552273106543566,21.168212444160645],[71.55166308106358,21.168505991887901],[71.550963725430094,21.16907593246572],[71.550895273511415,21.16913171703434],[71.550807088338118,21.169203583022899],[71.550043289470992,21.169641446552454],[71.549346136317567,21.170069668818524],[71.548556796269835,21.170824939222886],[71.548362031038707,21.171036599129973],[71.548423642162561,21.171296277442707],[71.548541606030923,21.171411664043905],[71.548705710472717,21.171512609728563],[71.54870605049571,21.172551393283374],[71.548562838532973,21.1736286914537],[71.548050419997082,21.174595483485781],[71.546989078722518,21.174653491899008],[71.546855805679186,21.174773758430621],[71.54613820978976,21.175524188112426],[71.545881915314069,21.175764716926796],[71.545569158330252,21.17580808412864],[71.545005192806755,21.1759621289699],[71.544072132159471,21.176380773503407],[71.543390232528651,21.176534843649222],[71.542031584968029,21.176943967213028],[71.541370171612527,21.177030695581024],[71.540872679257731,21.176549898435127],[71.540493171183485,21.1762566296667],[71.539965028483621,21.17617980840329],[71.539585580725713,21.176102950746678],[71.539416406060909,21.176213601442452],[71.539144697049579,21.176377176731339],[71.538949872121165,21.176439741078095],[71.538806302279724,21.176430155722787],[71.538683223314933,21.176348427835713],[71.538431908577593,21.176069552600172],[71.537924163138996,21.17554546639947],[71.53766261836725,21.175353157564683],[71.537416503524469,21.17534840301574],[71.536878176458885,21.175536079371973],[71.536267933401632,21.17518514104356],[71.535462982327772,21.175372869870415],[71.533939929063649,21.17438729996358],[71.533078567909072,21.1745269369403],[71.532124812213794,21.174200096360149],[71.531904354644695,21.174281894205617],[71.531586481578813,21.174382946717806],[71.531350581641519,21.174181004924758],[71.53078144830971,21.174181109471448],[71.529837972817433,21.173945628585145],[71.529094463560327,21.173700489776305],[71.527997145733124,21.173311131119764],[71.527463867735761,21.173099614472367],[71.527007493513636,21.172849610401688],[71.526869047356982,21.172796731428946],[71.526264079272792,21.173085377496474],[71.525859043439695,21.173200860324094],[71.525577035668476,21.173162429737033],[71.525182200777408,21.172965312446369],[71.524756612060116,21.172821099758082],[71.524561770629205,21.172792273061972],[71.523966990685054,21.17269617471116],[71.522864614419049,21.172619380388245],[71.522674957321527,21.172960857997186],[71.522280144806203,21.17288396352404],[71.521459771896673,21.17283116858199],[71.520788236474772,21.173821944340503],[71.520531920481304,21.174182664416666],[71.51969100498674,21.173927877692215],[71.51864497946697,21.173509597264868],[71.517993751869298,21.173014321854488],[71.517882595734008,21.173170955329894],[71.517382096554442,21.173573428498475],[71.516687508574705,21.174014245236783],[71.516238061071519,21.174244243818823],[71.515921459503772,21.174924556926953],[71.517147344436452,21.175298113626045],[71.516779714153387,21.17639043572607],[71.517535696945444,21.176725709719079],[71.517454018132895,21.177108976092743],[71.517157852657562,21.177837196410334],[71.516657412007518,21.178919949899011],[71.516504222310502,21.179322385637125],[71.51710698868844,21.179696002088473],[71.517617815639454,21.180060044533157],[71.517842588657629,21.180289975627918],[71.518935767989333,21.181056372234139],[71.520028952132904,21.181774854482708],[71.520590868613496,21.182110137459993],[71.520958611923888,21.181918463428715],[71.522297043524532,21.182972250788872],[71.523359616146791,21.183729041112009],[71.524299591863453,21.184390027954354],[71.524718493988743,21.184667828957014],[71.525086309413552,21.184897729306684],[71.525474531809806,21.184974322758894],[71.525617567903879,21.185041371213476],[71.526005824461748,21.185309592204174],[71.526240824312154,21.185482021773954],[71.526108049005202,21.185673671089869],[71.525985504526062,21.18595155166253],[71.525893597952148,21.186171938824277],[71.525822085106697,21.186171949763491],[71.525546269599445,21.186286968917123],[71.525423694076181,21.186392383204474],[71.525413518881649,21.186631920655739],[71.525178558733458,21.186699025873775],[71.524790311217259,21.186497873086086],[71.524575753204587,21.186382927172243],[71.524013854925315,21.186315937870248],[71.523227203869283,21.186258559168731],[71.523084200405279,21.186402300315489],[71.522992298141276,21.186680174512158],[71.522931060314278,21.187063440293393],[71.522757499608289,21.187810815752577],[71.522675791659381,21.187954548265228],[71.522696265101331,21.188222825703122],[71.522869948923585,21.188270709467407],[71.52252268299705,21.188845642177856],[71.522747459293868,21.188960589287838],[71.522471711543034,21.189573837942035],[71.522287078861225,21.189624793381903],[71.524419528685272,21.190729426118324],[71.52567732834649,21.19135967228009],[71.526609889261962,21.192091643208155],[71.526068025872235,21.19351528478597],[71.525894636610261,21.194023724645785],[71.525851344821064,21.194471134867044],[71.526133244545207,21.194450754980927],[71.526393661575256,21.195569223386013],[71.526003476937888,21.196403081313314],[71.525938510224094,21.196911504327407],[71.52593854927035,21.19713520604444],[71.52587355014947,21.1974606003239],[71.525830232562669,21.197765654734507],[71.52548347273158,21.198965561897658],[71.524898208908667,21.200429878163146],[71.524464731884166,21.201873833735831],[71.524226289238953,21.202504299846797],[71.524139578115737,21.202707677329979],[71.523922802544959,21.203236457327883],[71.524248191040414,21.203826169574775],[71.524161512254551,21.204232912067162],[71.524183248209354,21.204537956498335],[71.523771403039163,21.205758205015602],[71.523554631392201,21.206347993848901],[71.523402828374557,21.206368351447789],[71.523381221800435,21.206876766876878],[71.523576418063598,21.20697842222733],[71.523359621477127,21.207425855263061],[71.522925883126987,21.207405578197275],[71.522752504335031,21.208158051947375],[71.522774262927172,21.208625788360326],[71.52251407827228,21.209012216597127],[71.522435555092073,21.209622321778976],[71.522419349647791,21.210018885483606],[71.521947701704633,21.210339247138101],[71.521329713290797,21.21101043042103],[71.521248399069492,21.211101954863107],[71.521313485043009,21.211269722676754],[71.520662869621958,21.211300308264871],[71.52010997085668,21.212246021580359],[71.51999615069137,21.212535829992163],[71.520028714869696,21.212779863932457],[71.519280698639378,21.21435094416465],[71.518353780171125,21.216242339827069],[71.517833420905305,21.217523593407165],[71.51730966254911,21.218248157923558],[71.517468155920739,21.218541262210373],[71.518565409298148,21.219226996536143],[71.519296929068886,21.21977559560144],[71.520302805726374,21.220735669453685],[71.520668579026761,21.221061404410918],[71.520814877735049,21.221112825278212],[71.521601292112919,21.221781431402718],[71.522223113566326,21.222312885329657],[71.522259699606565,21.222398611899859],[71.52262547345758,21.22267290371445],[71.52279006107274,21.222724320406204],[71.523357017119096,21.223170046107779],[71.52408862691145,21.224044403336414],[71.525094569298105,21.225038740641487],[71.525862724796937,21.225638744199991],[71.526649185898592,21.226307326404253],[71.526832115635131,21.2266330765395],[71.527508844072074,21.227198794454392],[71.528277013977799,21.227764494317345],[71.527911630024846,21.229684936780359],[71.5276010041391,21.231090981296308],[71.527509743846892,21.23205118669712],[71.527400115289041,21.232582738513354],[71.527217425504219,21.233611543429962],[71.527016582510541,21.235394786019668],[71.526614605145127,21.237418107310493],[71.526450061064992,21.237709619384052],[71.526285634873105,21.238669834835989],[71.526486840173149,21.238841265810322],[71.525938523273666,21.240796022632111],[71.525353648911022,21.24295653756505],[71.525317126273634,21.243282321528778],[71.525189119523191,21.243385218105008],[71.524823292688168,21.243128078808308],[71.524548890033842,21.24273375553711],[71.524329524848,21.243368198049314],[71.524128388447039,21.243642566701748],[71.523653093052076,21.245048625157743],[71.523470348428575,21.245991693390579],[71.523470362003152,21.24607742453831],[71.524439709432016,21.246094433086011],[71.524403215072184,21.246608825246504],[71.52440324330135,21.246780287527443],[71.523818135669003,21.247774852363708],[71.524257122868846,21.247980544506163],[71.524641241943456,21.248186243525943],[71.524275572703147,21.248957876671309],[71.523672176588789,21.250021028271401],[71.523617325693706,21.250141059514295],[71.523434444449919,21.250261108578879],[71.523579530412633,21.25074603398734],[71.524150346870783,21.251152079363262],[71.524583637655923,21.25157103578422],[71.525168193466698,21.251861039634068],[71.525422679309429,21.252170430872212],[71.525587731588331,21.252254209703956],[71.525663407453479,21.252447591579561],[71.52601415192899,21.25266671698499],[71.526172310274603,21.252647353172733],[71.526419878126049,21.25270533257358],[71.526612481975491,21.253034071002588],[71.526791297285769,21.253162971589997],[71.527430935248134,21.25376883456779],[71.52783672175056,21.254110429623921],[71.528435038635749,21.254355294663984],[71.528297642999974,21.255077319505126],[71.528614006523227,21.255257766530526],[71.52871278535261,21.255697301672278],[71.528158864481099,21.257240721219016],[71.528240396549549,21.257393512131667],[71.528207844803191,21.257653285311644],[71.528012378789256,21.258402060141961],[71.527588699630115,21.259150872185302],[71.527327977070897,21.259639889099116],[71.52767030923431,21.259716235507483],[71.52794740656141,21.259624507089175],[71.528827771424687,21.260235576843744],[71.530001576744596,21.260922992218088],[71.530716088161697,21.261267286611886],[71.530851233187931,21.261332407057029],[71.531420209656417,21.260861796687827],[71.531693734186803,21.26038372988009],[71.531967372699455,21.2604419727944],[71.532153875165108,21.260162123302223],[71.532253367738377,21.260127127541512],[71.533011890202772,21.259380809936239],[71.533471957593292,21.258856067856112],[71.533932056443433,21.25848289044427],[71.53496443073179,21.258785811387213],[71.53538742514634,21.259298715554607],[71.535760571186202,21.259391908155994],[71.5360466809651,21.259590048827658],[71.535996979231214,21.259788261054197],[71.536780677279168,21.260336060993264],[71.536793158258575,21.260510942022716],[71.537452457609433,21.260942176730911],[71.53776340326614,21.260965425186839],[71.53847227626332,21.260697109811584],[71.538919985811617,21.260533782202451],[71.539268005506472,21.259659282705787],[71.53940481158871,21.259635932945841],[71.540013807120133,21.258003540856947],[71.540498892118535,21.258108355297217],[71.540685401136173,21.257921767670304],[71.541630697520887,21.258131397433644],[71.54185444138453,21.257676644157112],[71.54222740127166,21.257116922963565],[71.542662443718243,21.256207417557025],[71.543508145252304,21.256113930050748],[71.543669753014854,21.255857391976782],[71.543744358766176,21.255799078023003],[71.543644744744839,21.255402700464177],[71.544366031508218,21.255180992659309],[71.54458970989883,21.254551351768761],[71.544999799727194,21.253455303875612],[71.545410272961476,21.253630077706376],[71.546007341803289,21.253933047894009],[71.546965127430425,21.254364164025432],[71.547387747963754,21.253617874597658],[71.547661151335276,21.252964897704704],[71.547894340704403,21.252956087433422],[71.547931623167869,21.25286863489394],[71.548332764821424,21.253025915883086],[71.548752556973696,21.253165702133483],[71.548911165402245,21.253279330721423],[71.549312315023514,21.253454097754247],[71.549946685350903,21.253707492643109],[71.550814311573077,21.254135698857361],[71.551635261200133,21.254441496183038],[71.551868458766492,21.254450168796001],[71.552390910336555,21.254721077222086],[71.552241841316885,21.255219542419773],[71.551617233200204,21.256242805180243],[71.552111848398368,21.256915955671335],[71.55276502815282,21.257545334148308],[71.553306164001782,21.257859954711801],[71.553408923274418,21.258279643241085],[71.553726066494619,21.25825330989942],[71.553847442002777,21.258559317760852],[71.554276605493186,21.258760296450127],[71.554957705743803,21.259171052590204],[71.555536108835881,21.259337002582445],[71.556916571746868,21.259091704892725],[71.557336175919119,21.258680585889788],[71.557699458838698,21.257368833707137],[71.557512634781773,21.256686850784799],[71.557493880529407,21.256433275679179],[71.557605686184729,21.256100958291771],[71.557801414813738,21.2556986585418],[71.558155715543691,21.255296303923895],[71.55852887031547,21.255401105084839],[71.559284617759175,21.255881771505084],[71.559891127239339,21.256371231772835],[71.560488266381014,21.25674701872574],[71.560637051480526,21.255618964796966],[71.560785981422242,21.254849422382311],[71.560888450718224,21.254517106138316],[71.560692373844375,21.2540449904822],[71.560057927086021,21.25365172901925],[71.559824656185199,21.253459439712607],[71.559162077538744,21.252681440312713],[71.558760793621445,21.25219190577949],[71.558714009917153,21.251824665915347],[71.558415429739682,21.251579932168056],[71.55755700873074,21.250854459161229],[71.557211744090225,21.250478576235146],[71.557808341034544,21.249542743741504],[71.557285708608944,21.248782176916983],[71.557099126457928,21.248694798216345],[71.556931132173418,21.248432529071106],[71.556791093834036,21.248100296748827],[71.556343103681883,21.247374678499039],[71.556221811845617,21.247278532783827],[71.555829928999898,21.24692015078136],[71.555344902546267,21.246902822247716],[71.555223540070543,21.246614303426021],[71.55511155085361,21.246448200251265],[71.555251394814206,21.246273270484526],[71.555251254661997,21.245897269894158],[71.555409657611264,21.24546875206649],[71.555493455237752,21.245075235440854],[71.555623861999976,21.244611749772865],[71.555688958318612,21.244095820339407],[71.555763417465172,21.243676073991633],[71.555725747502279,21.242714224024933],[71.555697510143517,21.24203218538943],[71.555603846630618,21.240982911624965],[71.555538384506264,21.240519490254393],[71.555314271331014,21.239802538918976],[71.555360641183327,21.239094242883919],[71.555052671277508,21.23859592378972],[71.555183112817971,21.238237368611834],[71.555322792388438,21.237642716634518],[71.555546280002986,21.23669826851588],[71.555602105566336,21.236339737487821],[71.555723059487406,21.235561462778435],[71.556310624798201,21.235535035068271],[71.55657152916811,21.234905364529975],[71.556906983024049,21.234118272585512],[71.557307752271228,21.233418599875058],[71.55763385887704,21.23259653267694],[71.557363308594773,21.232378019499595],[71.556439772942994,21.231792468504654],[71.555749418953056,21.231250556607467],[71.55567460163698,21.230699695671898],[71.555208101848223,21.230201428561791],[71.555198499044934,21.229458173199827],[71.555030517021123,21.229160924639533],[71.555142181041248,21.228487583348709],[71.554983688392227,21.228627542563618],[71.55478780359978,21.228531419859266],[71.554862367529623,21.228408976568979],[71.554601064995296,21.227945617678223],[71.554134666819223,21.227692185546868],[71.554097308230624,21.227543545784084],[71.554230115593569,21.227377254408413],[71.554373786255823,21.227410060796746],[71.555077489257215,21.227601367692728],[71.55606116116067,21.22786351779429],[71.556326039689083,21.228047870770538],[71.556780068277561,21.228232159794942],[71.558777761344388,21.228926677132911],[71.559814324892329,21.228975970163109],[71.560040923480287,21.228032402287035],[71.560169349266701,21.22754997196882],[71.559715364263539,21.227479194296144],[71.559821130078376,21.227088992816331],[71.560206491014227,21.22585451858027],[71.560433379969837,21.225641620717447],[71.561202492073463,21.225951424860167],[71.561414344938214,21.225972629584568],[71.561406858343346,21.226164167398622],[71.561754956267578,21.226327199911008],[71.562352720266631,21.226468857975743],[71.562919331461174,21.224510733354094],[71.563161424518114,21.224482267364504],[71.563289976284139,21.224326153556696],[71.563221851055246,21.224248146257775],[71.563327653799661,21.22397144474289],[71.563380474736036,21.223645105797058],[71.56348632834856,21.223489000347413],[71.563879786175008,21.223581072531175],[71.564008250734403,21.223226329156461],[71.56448481093777,21.223041706521933],[71.564477158930117,21.222843080397737],[71.564590434489432,21.222360652244991],[71.564779598054272,21.222410237024441],[71.564998999612087,21.222403058791635],[71.565513415589876,21.222289357613249],[71.566209346628412,21.222040799765789],[71.566678407926432,21.22201933345643],[71.566859875059407,21.221778069245055],[71.567442068730386,21.220983321354886],[71.568167975831955,21.220131762255736],[71.569219198495375,21.219294254696589],[71.569665550772157,21.219265695513389],[71.569922785034919,21.219279776965163],[71.5700816073184,21.219166208758331],[71.571163431296753,21.219073535557868],[71.572041019773394,21.219051881670449],[71.572646267174548,21.219065810113371],[71.573236520170937,21.21935640486258],[71.573894706374546,21.219327742473862],[71.57460587233426,21.219341617494514],[71.576111869142011,21.22023477614535],[71.576240494684555,21.220255999792712],[71.57651661689269,21.220062809001263],[71.576490590105806,21.220028791376084],[71.576275351130121,21.219747468192317],[71.575981664755986,21.21945316179043],[71.575913325493531,21.21930597311178],[71.575496713841162,21.218909307558611],[71.575421565207208,21.218794125939048],[71.574868367995165,21.218275903704058],[71.57473175090621,21.218096740558369],[71.574199069628762,21.217642515452347],[71.573755146142361,21.217213853269353],[71.573379541753411,21.216893974605664],[71.573181456582375,21.216644427557242],[71.572532682760226,21.216075032117693],[71.572061463883045,21.215646377101809],[71.571317116592283,21.215045013423083],[71.571125927935626,21.214929878796582],[71.57053862016312,21.214392453884834],[71.569958163894029,21.213899829992229],[71.569773800893159,21.213778290135899],[71.56937777727407,21.213548022728538],[71.569159278616652,21.213413694515946],[71.568681213329782,21.21290182164201],[71.56823733759613,21.212511549723065],[71.568523879311684,21.21217858946703],[71.569008294827327,21.211672724997523],[71.568953641920714,21.211576734556306],[71.568687311049572,21.21132720989538],[71.568420833613501,21.210757642283877],[71.568762112781513,21.210712697711124],[71.569342340389255,21.210750865578557],[71.569833773103355,21.210667452011677],[71.570256942331895,21.21057766457567],[71.570434457533395,21.210660801705529],[71.570529893761545,21.210391926104599],[71.570994124742398,21.210526149478714],[71.571117078344145,21.210705321591291],[71.571376613849907,21.211012452965257],[71.571670166244161,21.211082738004198],[71.571806602930863,21.21090985706471],[71.57227086471157,21.211101684561147],[71.572523477230405,21.211203989884545],[71.572687332999408,21.211267927948082],[71.573165119786438,21.211197312267306],[71.573465341070403,21.210947548744578],[71.573499366554984,21.210736305851832],[71.574045395213361,21.210633653711827],[71.574809732163359,21.210287670894107],[71.574857397839153,21.210057219119093],[71.575144065703398,21.210012285851604],[71.575273668157763,21.209833004290665],[71.575560322434114,21.209762466916043],[71.575928858361763,21.209634284596564],[71.576003848764032,21.20944862616194],[71.576140206702888,21.209134922993627],[71.576692980821164,21.208891440503777],[71.577082017897126,21.208814453170724],[71.577423359996843,21.208903908970992],[71.57762803363228,21.208705388602251],[71.577969409410272,21.208858851806209],[71.578153725810708,21.20889077087714],[71.578324150791133,21.208468235680304],[71.578433162237786,21.208084133939398],[71.578521753083621,21.207808856106745],[71.57823502982167,21.207738579778258],[71.577961928300226,21.207610688997018],[71.577647835360068,21.207412407234617],[71.577422542495654,21.207335700415406],[71.577579336209126,21.206951577261215],[71.577613331530202,21.206695527494151],[71.577783849408476,21.206452216606507],[71.577906603000471,21.206240931848988],[71.577633568082334,21.206234656705774],[71.577626484716873,21.205741794174898],[71.577612762949599,21.205607382533604],[71.577646781334821,21.205396138693249],[71.577728663545415,21.205344894195498],[71.578227013945963,21.205479082088942],[71.578827826377534,21.205754039520709],[71.57933983067926,21.205888217745706],[71.579673950216645,21.205247975031394],[71.579830691196804,21.204780638623639],[71.580048852150995,21.204294070386837],[71.5803284081627,21.20374346410313],[71.580417048371856,21.20357059882252],[71.580280479702992,21.203468250085031],[71.580600889891642,21.20273839990362],[71.580846344283515,21.202245416653312],[71.581166832998647,21.201669185845059],[71.581296329859754,21.201323477282383],[71.581514442341998,21.200766497567741],[71.581725727684088,21.200209520841938],[71.5819234240019,21.199767765864472],[71.582168770017134,21.199095556545924],[71.582291490051489,21.198845863312471],[71.581950175248181,21.198769218894011],[71.581799994308483,21.198730886513349],[71.581663383420931,21.198545327672399],[71.581205991815466,21.198385526632453],[71.580864657722415,21.198270474862838],[71.580973606375764,21.197796759044937],[71.581055326141737,21.197457474266379],[71.581171217837309,21.197201384211674],[71.581430610087494,21.197252466287367],[71.58162832799357,21.196855517524604],[71.581682716240579,21.196465038722828],[71.581737209820332,21.196266585675104],[71.581935042060479,21.196080864885552],[71.582132686321145,21.195555898287459],[71.582521330229753,21.19483881239946],[71.582916745636439,21.194032110166159],[71.583203032543778,21.193366279699436],[71.583510000976361,21.193071688572768],[71.583728230167637,21.192757938278969],[71.583946404214913,21.192348174762987],[71.583659632627374,21.192143489315679],[71.583386472593517,21.191868387151271],[71.583352089647803,21.191635280643549],[71.583588142512113,21.191657300860932],[71.584367119964526,21.191734392595993],[71.584827493815297,21.191900188156669],[71.58581902503856,21.192176397569408],[71.586137565287032,21.191977004317376],[71.586656990863531,21.192209175171229],[71.58768400559174,21.192607107805387],[71.588038179937953,21.192795086449095],[71.588368810149873,21.193082692239525],[71.589100509288116,21.193026966056173],[71.589336272474597,21.192561968865398],[71.589489619712154,21.192429066950837],[71.589583922964962,21.192240854210151],[71.590103247454962,21.192295920122682],[71.590398164606739,21.192074394654441],[71.590704835636288,21.191775383566366],[71.590928925244484,21.191531758363404],[71.591471606570906,21.191188345130019],[71.591801829682851,21.190811840482585],[71.592049458224622,21.190468585383954],[71.592485688756909,21.189759969573757],[71.593040826875495,21.190479110946566],[71.593560522624827,21.191131859646092],[71.594080159895626,21.191684991128991],[71.594517081009556,21.192072141279137],[71.594954004398943,21.192459290273465],[71.595626787183065,21.192558526499024],[71.596004425470952,21.192514038805442],[71.596747870461698,21.192380794074005],[71.597290693491956,21.192269798481753],[71.59766854144263,21.192546290457699],[71.598152514773929,21.192678830821347],[71.598305634608209,21.192213869167098],[71.59882506514468,21.192423865758229],[71.599674881574657,21.192522982244707],[71.599934207481468,21.19204688805408],[71.600276130869744,21.191548607662384],[71.600429414895999,21.191338217095712],[71.60074796364421,21.191183069938742],[71.601350143796211,21.191592240592673],[71.602200291936782,21.192178353635274],[71.602790662709012,21.192565389431451],[71.603133076859436,21.192786548717372],[71.603404802491994,21.193184844877905],[71.604195987945587,21.193815257352988],[71.604525974360755,21.193139881558853],[71.604867947282642,21.192730139111394],[71.605375312049787,21.192552729204074],[71.605599496642583,21.192475110508298],[71.606012253675843,21.192032116300187],[71.606389784426369,21.191843716342891],[71.606885398031224,21.191743788064787],[71.607168750282128,21.191887497759279],[71.60748769329966,21.192285757416307],[71.607856815021222,21.192366610772183],[71.608160146568338,21.192355037604429],[71.608572888181797,21.192627876323144],[71.608560920789301,21.192855470152292],[71.608452033603569,21.193287953716975],[71.608318770574712,21.193572521840906],[71.608116052171439,21.193767522269411],[71.607856624500627,21.1936716751514],[71.607604323576979,21.193991878967797],[71.607215604586699,21.194433785330645],[71.606670118192369,21.195176630178668],[71.606247362950199,21.195752973781222],[71.606042782012992,21.196002735761613],[71.60612496917112,21.196399537359149],[71.606234279719317,21.196546688399241],[71.606889871316028,21.197045541832022],[71.607606979197385,21.197659568930646],[71.608283079862076,21.198190408075742],[71.608843091959926,21.198638108164442],[71.609054746179311,21.198727583664233],[71.609204943448617,21.198778693497143],[71.609546423095679,21.199060110077014],[71.610195230391213,21.199584558273354],[71.610768928348747,21.200064247209156],[71.611062563556871,21.200249679210238],[71.611321760193647,21.200019077872152],[71.611745210574853,21.200377246157654],[71.612462310960197,21.200933644597956],[71.61274914873087,21.201151082424932],[71.613015452237249,21.201291723257892],[71.613500007951387,21.201214588180004],[71.613527461778148,21.201412996174533],[71.613555189650697,21.201969851719223],[71.613610078236221,21.202341064248202],[71.613774211334487,21.202757009165467],[71.613945087536891,21.203064134875646],[71.614184043836346,21.203140783746861],[71.614300143730929,21.203223916300519],[71.61410243605647,21.203531290817377],[71.613979790309799,21.20381301106104],[71.613925312575233,21.203979469933799],[71.614348711556474,21.204248019586117],[71.614621936729208,21.204503868429335],[71.615011249535513,21.20482364632015],[71.615318595611299,21.20506666907573],[71.615680538633143,21.20529685218083],[71.615919514398271,21.205392701094532],[71.616172161988516,21.205514143662807],[71.616602395151574,21.205782682884383],[71.616684374670839,21.20587223815922],[71.616855225242119,21.206134554851964],[71.617162607334734,21.20641597925815],[71.617654439358418,21.206889300154089],[71.618180306911881,21.20724097966324],[71.618753978324008,21.207618227295956],[71.619136497718699,21.207957202811034],[71.619327781213002,21.208155494029711],[71.619464453047129,21.20834742281524],[71.619812676072684,21.208475193080851],[71.619990288666017,21.208647889843089],[71.620495736978555,21.209057184141763],[71.621062684046649,21.209543242970099],[71.621684273927286,21.210067665559894],[71.622421904578303,21.210585600889772],[71.623091221970967,21.211033173467243],[71.623473696183012,21.211295328855105],[71.62361028036095,21.211372039061011],[71.623671954390275,21.211660031863264],[71.624143223282857,21.211986129084337],[71.624867246796754,21.212536067755742],[71.625406787328259,21.212868511739934],[71.626137580669038,21.213341629742548],[71.625742197783779,21.213969207084283],[71.625585380772293,21.214186952385283],[71.625530971853735,21.214423823959596],[71.625415121860826,21.214654340315107],[71.625196873463636,21.214878531699629],[71.624978732172323,21.21523073952897],[71.625395297506941,21.215428856736839],[71.625627637508984,21.215723122674628],[71.62534795724811,21.215953760767011],[71.624924844360791,21.216088491979939],[71.624884021579547,21.216248543171659],[71.624782096059988,21.216805491562276],[71.6245635427927,21.21667123531487],[71.624530071935297,21.217458563215025],[71.624571570179214,21.218554498375269],[71.624620657627361,21.21920308037145],[71.62434213526835,21.219920179506687],[71.624074307373959,21.219981268366553],[71.624899707420752,21.220532471758492],[71.625544711475442,21.221063421432252],[71.625633527663652,21.220959153770863],[71.626144966669017,21.221240116659331],[71.626901385457685,21.222094002654153],[71.628068982970149,21.222926733369167],[71.628191543062357,21.223291345777429],[71.627880301216962,21.223208220612843],[71.627713746566741,21.223375069193267],[71.627528994838457,21.22392053031416],[71.62787040013022,21.224614948966479],[71.628661095415154,21.225013336712891],[71.630139339950958,21.225062787307085],[71.633807711667416,21.224887933939058],[71.634908213125911,21.224826357301733],[71.63522672363365,21.223748093270107],[71.635750533118014,21.222004497531838],[71.636329037923744,21.222071532006183],[71.637068046269405,21.222252119596334],[71.63802315467747,21.222571081395873],[71.63930813581085,21.223134899843629],[71.640274812949329,21.223656341249146],[71.640695671341078,21.223954414935399],[71.641457448471527,21.224156280215272],[71.643435862910536,21.224740800438042],[71.644538865388796,21.225155521349276],[71.645596405799608,21.22557027422441],[71.646403802722148,21.225910631630047],[71.646744751699146,21.225846387583953],[71.646939131757975,21.226997281699415],[71.647007757095992,21.22742354161192],[71.647281151535182,21.228009492764404],[71.647224717252243,21.228414545641382],[71.647475485722765,21.229107096026954],[71.647873373732168,21.229138721827166],[71.64822626115344,21.229639337717551],[71.648760943813826,21.230054528771664],[71.64912495742827,21.230309999193597],[71.649761898187137,21.230671806691383],[71.649751599173939,21.231322464513973],[71.649920173386235,21.231819303336078],[71.650204984259744,21.232194821830912],[71.650205327949038,21.232534228272062],[71.650037671528011,21.232946514176593],[71.649197192936839,21.232838164389939],[71.649003894999339,21.233468661973482],[71.650039069372554,21.234328383060724],[71.651410853836964,21.235624175844158],[71.652886120035589,21.23694410673523],[71.654219077693639,21.238155059599379],[71.655565075446077,21.239450841221185],[71.655901594491809,21.239789936950935],[71.656926436756734,21.240621835675142],[71.657249690213973,21.240902686335343],[71.658992980141349,21.24242575918479],[71.659512428879395,21.24280374206602],[71.65955642441827,21.242880424314507],[71.660404887160382,21.242602750522703],[71.661454642952847,21.242660501175664],[71.661830860524475,21.242851085275799],[71.662410767284683,21.243056160572106],[71.663241220008146,21.243143487193393],[71.664040632015528,21.243495224742379],[71.664446098304168,21.243803108697357],[71.664761765822774,21.243912488765744],[71.667266090194829,21.245121137808678],[71.66800441825562,21.24522853913216],[71.669550890495671,21.245973124124117],[71.671328057356149,21.246706647068958],[71.672204811211387,21.246813889241199],[71.672735591372046,21.246975549119124],[71.673139542444815,21.247180591618093],[71.673589531848634,21.247299077666803],[71.673947257566695,21.247428471209219],[71.6744314577859,21.247211700875116],[71.674673391697425,21.24696273971507],[71.67541165727512,21.247005227503902],[71.675780764564891,21.247004843190577],[71.676334425484001,21.247004265205927],[71.676772998296755,21.247220076278097],[71.676865068793603,21.247046963585102],[71.677188192860768,21.247176386527677],[71.677456482706262,21.247268019269793],[71.677551604477927,21.247235478623388],[71.678529456512848,21.247477750259172],[71.679126462218619,21.247550108390161],[71.679316911381747,21.247655337703662],[71.679308446811689,21.247809439196132],[71.680251780293034,21.248116618531437],[71.680874762217343,21.248205162940963],[71.681186327810721,21.248310260175735],[71.681748982611097,21.248585399131834],[71.682406721265792,21.248795552334865],[71.682744362346554,21.248997940009207],[71.683540802676745,21.249435021985448],[71.683549724968429,21.249653985730898],[71.684094976156345,21.249839924297426],[71.684545076433565,21.25003407537417],[71.685003737898242,21.250155224703118],[71.68532388046971,21.250195423801575],[71.685514205409504,21.250195214525036],[71.685458738442094,21.250814523114609],[71.686189706411625,21.251270194650036],[71.686991437857571,21.251526075809451],[71.687966327055548,21.252333336538889],[71.688909823355829,21.252379831797679],[71.68928570335747,21.252797847432163],[71.689448501727426,21.253178062007176],[71.689805277865389,21.254518561483117],[71.689795852001609,21.255079658150859],[71.689766977193955,21.25629696197209],[71.690590108109234,21.257389675441459],[71.690559832694362,21.257513338754862],[71.689730113078198,21.259197532073426],[71.690045814119841,21.260138659278404],[71.689824366911694,21.261498828272373],[71.689581152394027,21.261708320363955],[71.689094684867584,21.262098773759316],[71.688445807427385,21.262422837933318],[71.687877992084907,21.262670729874916],[71.688010470962155,21.263136568463892],[71.688220219248549,21.263825525467912],[71.688244494702161,21.263965917837645],[71.688250211508702,21.263998979837169],[71.688450600316116,21.264351543983359],[71.688838972854313,21.264549552566191],[71.689050942084904,21.264758782839394],[71.688957203944881,21.265034503628087],[71.688522163984558,21.265134212467903],[71.688463596218554,21.26532169662147],[71.688746274302176,21.265641094426055],[71.68925193969703,21.26558540421302],[71.689393202131328,21.265684467150606],[71.689876193024787,21.266290278033445],[71.690276985602992,21.266995401903529],[71.690759799764294,21.267457890218903],[71.691548743418934,21.268173595699238],[71.69138468098005,21.268636816186774],[71.691032716877871,21.269320742020902],[71.69210415162533,21.270190468824783],[71.691869561444378,21.270686843924345],[71.691447038542861,21.27138187542527],[71.691459541755265,21.271955141280987],[71.692538100482878,21.271353296049814],[71.693540948320475,21.270400864027277],[71.693918723732281,21.270319469417732],[71.694446827032948,21.269610458480507],[71.694921169278146,21.269073548641838],[71.695546645387594,21.268526342107172],[71.695827661607808,21.268758776559903],[71.695957514190255,21.268981266354036],[71.696756926502218,21.269334535986918],[71.697411898651012,21.269620504187174],[71.697800881063358,21.269849435417459],[71.699126222209557,21.270563023272132],[71.700406233950019,21.269684436412689],[71.701269371443189,21.269251619659272],[71.702046187164939,21.268859382145664],[71.703306751022808,21.269566268097009],[71.703760554159231,21.269818720690385],[71.704030984303444,21.270192834528544],[71.704139368858591,21.270496304109582],[71.704636292840149,21.270698101900329],[71.706397201263812,21.271454956097113],[71.707013008365692,21.271737561345081],[71.707985436663492,21.272252485037374],[71.708979436667519,21.272747136236767],[71.709519576177499,21.272958985887573],[71.710491747688664,21.273281614826629],[71.71138830218851,21.273573972943495],[71.713095338098825,21.274361184040931],[71.713743662930852,21.27471456341252],[71.713793230953016,21.275009292887393],[71.713638398598889,21.275442448891408],[71.713373023720777,21.275622049811894],[71.713873062597273,21.276069577200317],[71.713789152958313,21.276826578577055],[71.71414668747515,21.277159722381512],[71.714200332243664,21.277291740097159],[71.714035338379105,21.278071158677651],[71.714148210500241,21.278212201997267],[71.71443662383497,21.278549168889164],[71.714753948562205,21.278967058512048],[71.715445579892233,21.279384469159805],[71.715834399113916,21.279464931484966],[71.716280883053201,21.279599292271051],[71.716814141446292,21.280003407151749],[71.717361838826349,21.28043448836446],[71.71739860807206,21.280964054751575],[71.71786328230597,21.281226574575786],[71.718414307545004,21.281468741124716],[71.718922534219161,21.28197408168332],[71.719830045452312,21.282327099866809],[71.721148243789671,21.282932574482889],[71.721570422726799,21.283650539914643],[71.722348196907362,21.283882274935038],[71.723125881911429,21.284053286440507],[71.72333190693297,21.284629853488159],[71.725427711253388,21.285325341150052],[71.725773530480538,21.285517157870142],[71.727168235736812,21.286689202033024],[71.728011429623649,21.287315502229045],[71.729125063336426,21.288255150168581],[71.730228228297392,21.289397204701096],[71.731439169151258,21.290397423735943],[71.73307112536051,21.291316091608206],[71.734582957224774,21.291374711883574],[71.735685332621443,21.291980371551958],[71.736419995665145,21.29222222117216],[71.736985046195358,21.292376711782723],[71.737057136658876,21.292251685209951],[71.737304617762149,21.291704857327279],[71.737745323944225,21.29044935723142],[71.738154769615406,21.289902299252759],[71.738801832840622,21.289395383384619],[71.739610844167757,21.288878114666357],[71.739837206810549,21.288634912672443],[71.740063880801927,21.288583989711075],[71.740592402050311,21.288229035772083],[71.741272420872363,21.288076262943861],[71.742405931662233,21.287912715161092],[71.742816167109794,21.287861524154788],[71.74317148131037,21.287243692147719],[71.742750499722121,21.287325259465806],[71.742318835894707,21.287477681026491],[71.741648643310711,21.287033364606799],[71.741647932396532,21.286598206072075],[71.741668949228099,21.286243976257531],[71.741981007458946,21.285585728743335],[71.741450302059278,21.284594731296057],[71.741244652285104,21.284291426234663],[71.741124922073851,21.283704638092125],[71.741462009328771,21.283259444596503],[71.741495930508833,21.282903690128254],[71.741817083380155,21.28237506003601],[71.742461360665033,21.282525039267906],[71.742550732111113,21.280918844694693],[71.74252716589227,21.280573951687298],[71.743090720653996,21.280594697214458],[71.743285181743218,21.279958457387082],[71.743341743979485,21.279387090385121],[71.743467591104746,21.278988086699698],[71.744235689766157,21.277521034938754],[71.744476854714534,21.277315884675478],[71.744430337857366,21.277003362037153],[71.744556518510961,21.276809157429366],[71.745004576313249,21.276539032101436],[71.745797795325345,21.276365413057597],[71.746637048567564,21.276213280840476],[71.747303871483908,21.276104513551704],[71.748234904915449,21.275822890998604],[71.748476115805133,21.275650071879113],[71.748694416704339,21.275531181087178],[71.749154344024973,21.275487385619584],[71.749590889352106,21.275217265179254],[71.750268713335984,21.274817437716653],[71.751360036123685,21.274125958919974],[71.751933746159636,21.273370574064039],[71.752381945347025,21.273197439728264],[71.752623220668085,21.273067730479919],[71.753324265896865,21.272807982572676],[71.754013753385237,21.272515912275033],[71.754588314924945,21.272267128746783],[71.75493295438352,21.272061807194653],[71.755082227887868,21.2719322336213],[71.755691507833674,21.271812741428899],[71.756381247284594,21.271671566688237],[71.756645441175365,21.271498700951565],[71.757151164832138,21.271347024294958],[71.75731229129596,21.271422231097212],[71.757634357115009,21.271464854824035],[71.758267196471607,21.271668686393969],[71.75836958370823,21.271032570232393],[71.759116437656729,21.270675717355285],[71.759690926588689,21.270394579710004],[71.760506657642637,21.269972940714606],[71.761305696884406,21.270378705348278],[71.76198009719586,21.271182939125882],[71.762153300133065,21.27196110793583],[71.762327361217885,21.273222443597696],[71.763532896480882,21.27476401672422],[71.764421948011929,21.275473954726358],[71.765110659755038,21.276251309992571],[71.76529762718593,21.276707341145556],[71.766244072632162,21.277470864132621],[71.766172765797734,21.277632032847031],[71.765557564946349,21.277928273196871],[71.765472876803116,21.278612894770582],[71.765845760247501,21.278934418701176],[71.766447901918795,21.27933610728045],[71.766763390261843,21.279590613239588],[71.766920904840347,21.279590363704205],[71.767308452863347,21.280099759700985],[71.767854175221004,21.280971279170441],[71.768227240098668,21.28138674664671],[71.76847150266417,21.281842682599937],[71.768930977986699,21.282526437188725],[71.769232475114464,21.282955437888845],[71.769792221191722,21.283652450971267],[71.770811243307747,21.284912419635265],[71.771471491174978,21.285743478373586],[71.772016716125862,21.286319715198957],[71.772633521629942,21.286882412989254],[71.77319312515408,21.287485465196099],[71.773623751037647,21.2880350398441],[71.774283779825396,21.288731874222552],[71.774972056490483,21.289213918815715],[71.775545848844587,21.289736411845418],[71.776377163949462,21.29012426725788],[71.776979253994597,21.290458810530321],[71.777624484853362,21.290887229616171],[71.778097266151846,21.290993819807159],[71.777300094508121,21.292249673250925],[71.777079393557045,21.292511888735991],[71.776324580219026,21.293527806231335],[71.775035530565361,21.295242866177929],[71.774547644504423,21.295821919221289],[71.774431488309915,21.295963945154476],[71.773420736403551,21.297100282129126],[71.772176744534022,21.298029690823984],[71.771863711431791,21.29873937925073],[71.771480882058597,21.299481911154338],[71.770214351211607,21.300836851184528],[71.770202908316193,21.300945974540941],[71.770075400617515,21.301251673153772],[71.769506455904747,21.302092693530568],[71.769157560042927,21.302300551339368],[71.768727324543136,21.30259582230871],[71.767728976133924,21.304201256543902],[71.767335791823754,21.30567479847064],[71.767291825797074,21.306481867411939],[71.767226167667815,21.307493864473745],[71.766958308202561,21.30865375000851],[71.766489040411841,21.310404224724941],[71.767660126034102,21.311098041655619],[71.769034692436392,21.312339633199134],[71.770273142067751,21.312948999468869],[71.77157982960253,21.313958786798445],[71.77216561062292,21.314421623728357],[71.773735955391274,21.315046237554636],[71.774817239437496,21.315803392958237],[71.775914846483772,21.316260109293712],[71.777603883611249,21.317174356394169],[71.778499387628187,21.317821118582813],[71.778619051959666,21.318643081607718],[71.77889278895131,21.320634787405375],[71.778935197037086,21.320753297980232],[71.778545065130743,21.321242856209903],[71.77816579176168,21.322919594459847],[71.778080763481526,21.323624857335275],[71.778179544104418,21.323670931476421],[71.77798263587998,21.323925563471494],[71.777847541182012,21.324249449389384],[71.777159917366745,21.32597293167834],[71.777037090867111,21.326262118544197],[71.777000752575262,21.32662051911678],[71.777025860328806,21.32685166529372],[71.77721236919875,21.327625836108403],[71.777386977466364,21.328631213750281],[71.777425227254056,21.329290034944705],[71.777390757696196,21.330642538395654],[71.777366452470162,21.330839087811608],[71.776146444870008,21.331580896042478],[71.774556517464944,21.332438893761434],[71.77435941949463,21.332601046755702],[71.774162428471698,21.332820996199672],[71.773792776499107,21.333075904837301],[71.772819119839113,21.33362077831681],[71.772189522057161,21.33341373029603],[71.771637886528694,21.333668928802354],[71.771248983282291,21.333522174822228],[71.770129337235076,21.333515308291904],[71.769629445781149,21.333394737455048],[71.766759766850669,21.33273176202712],[71.765991509878702,21.332594266901335],[71.765390111160869,21.332624115878463],[71.762367537564828,21.332686657493724],[71.757864363364632,21.332693625615498],[71.75674261926558,21.333250192981385],[71.754214942183509,21.334132547748776],[71.751845670902213,21.333870248393552],[71.749279006863958,21.333608208406133],[71.746709858495763,21.331854971507106],[71.745167240882594,21.331591362332247],[71.742847070240913,21.331143913674236],[71.742113124249158,21.331415462848359],[71.741932057822069,21.331927025412931],[71.742041760074883,21.332267735403427],[71.743646244780692,21.334515145187702],[71.744338682259325,21.335229962347281],[71.744668549657391,21.336695213619429],[71.74418637987111,21.338006124867285],[71.745087421314707,21.33834994176895],[71.74590762859134,21.339307433683921],[71.746502629983411,21.340207730496907],[71.746854586441856,21.342623111844478],[71.745995405698579,21.342854457315415],[71.746978954656726,21.34356244478019],[71.747107959136244,21.344214163891131],[71.747170369520106,21.344818046356139],[71.747157502372403,21.346299240071527],[71.747036053488273,21.347104717494641],[71.747221625746107,21.347924123590566],[71.74763863362756,21.349447824631934],[71.747332235214159,21.349807784276717],[71.748517005714959,21.351474153827112],[71.748871494577358,21.352322068219255],[71.749287194856763,21.353054848325904],[71.749641545908503,21.353816479140722],[71.749919513359828,21.354793927580246],[71.750075694486384,21.355275155039728],[71.750506531831007,21.354942394098767],[71.75102748940256,21.354546378163022],[71.752199409300587,21.35352418956014],[71.753473642030443,21.354018115705383],[71.753689839691646,21.354837010078104],[71.754894912471016,21.355251982069223],[71.757750089595888,21.356131520503176],[71.760490258582038,21.357025560718913],[71.762109700166036,21.357490140283588],[71.765387073051869,21.358476680509806],[71.767889286485115,21.359241624378125],[71.770107463796705,21.359884823464565],[71.772594142950723,21.360520371244412],[71.775625777670982,21.361298710984755],[71.777644359400867,21.361834345318861],[71.779294455496725,21.362226845948594],[71.77960920112443,21.362341300196945],[71.780739581622299,21.363747895175266],[71.781521674259068,21.363538187984862],[71.782357148068883,21.363163106483299],[71.782732924886702,21.363097799003665],[71.784183285110998,21.363332492708043],[71.785219195838508,21.36346727261045],[71.786454608461241,21.363623264233325],[71.788273379157559,21.363943527033751],[71.789792766933175,21.363826858148531],[71.790935100302377,21.363776239425494],[71.791947804150013,21.363823124827146],[71.79291070761272,21.364940241715082],[71.793872946454584,21.36571685153476],[71.794199265103288,21.366597938038186],[71.794103426780225,21.367364236287262],[71.794006677275831,21.367674506105338],[71.794631405594998,21.3684577822549],[71.795022161045679,21.369095537761861],[71.795257127895596,21.369733566364975],[71.795686324958439,21.370115875897714],[71.795994296869893,21.370740093841267],[71.796856744196049,21.371094273967881],[71.797836317642933,21.37158505070331],[71.798319413636079,21.372131428293347],[71.799050283759215,21.372417426330731],[71.800014570596829,21.372566195251995],[71.800686827329017,21.372756524668851],[71.800964868650283,21.373015963119286],[71.80134487189811,21.373138409240184],[71.802280150502924,21.373382983307422],[71.803024711174217,21.373217470157247],[71.803638212689094,21.373243723180138],[71.80425191225757,21.373365739753094],[71.804836429414124,21.373501487952257],[71.805334305247442,21.374116222443966],[71.806123423190414,21.374306317270857],[71.806794697817807,21.374017793183334],[71.807306561349506,21.374331516880549],[71.808053038484218,21.375082596460249],[71.808565367103228,21.375615209303689],[71.808721809631905,21.376116267064678],[71.808592118214307,21.376606255107085],[71.808471982892911,21.377201171781273],[71.808398257332541,21.377664820167574],[71.808268288855132,21.378023625520719],[71.808054413623239,21.378443803492377],[71.807868658422507,21.378916402744554],[71.807347054946518,21.379529545639983],[71.806117906611803,21.380294760335016],[71.80605085540752,21.38033650303376],[71.80612771785313,21.381377080176094],[71.806194916612867,21.382260255376529],[71.80613175588941,21.383318578782745],[71.806095624710139,21.38390459461867],[71.805920830181662,21.385164268345701],[71.806491605763213,21.385731685312432],[71.807109384222002,21.38644768801527],[71.808138906291916,21.387582717287799],[71.809177524799949,21.388595285964826],[71.809907971807675,21.389590926563045],[71.810394536095345,21.390062284556357],[71.810789821922626,21.390579981974447],[71.810868490232679,21.390690877676786],[71.811078216535776,21.391014278711069],[71.811050554039284,21.391180494708564],[71.811433409826876,21.39117978427613],[71.811862936787421,21.391170240690094],[71.81192811697882,21.391082664389355],[71.812404184733722,21.391003068785672],[71.813058026167184,21.39108930480322],[71.813599813009105,21.391175747805669],[71.813814004313542,21.391197029241777],[71.813921170288353,21.391207676841724],[71.81463654913604,21.391278752342089],[71.815401248517233,21.390805058714474],[71.815597494884329,21.390874653643255],[71.816363166906228,21.390855720223271],[71.817399713796405,21.390871252978197],[71.818717288888649,21.39129728432377],[71.819109937908848,21.391506429876525],[71.81978320245527,21.391933677316825],[71.820475089762354,21.392334649899546],[71.822294849759217,21.39322611925709],[71.823332605251153,21.393783833843571],[71.823846547316251,21.393940261223637],[71.824622150787107,21.394183635733153],[71.825164206632564,21.394383732108633],[71.825379235260883,21.394497006534326],[71.826136594388274,21.394932810294282],[71.8263141554378,21.394993683376004],[71.8269213505626,21.395088701283019],[71.827547670732955,21.39538482602844],[71.828165377132308,21.396004548554192],[71.829324630381876,21.396588224100519],[71.829829250112127,21.39674465122561],[71.830623869080711,21.39712788809463],[71.831577421198929,21.397589516363674],[71.832867853087549,21.398356562849344],[71.833494635219992,21.398845064806515],[71.833634711400919,21.39884478615614],[71.834644533481011,21.399402485045186],[71.834999952261654,21.399646648955802],[71.835075118274389,21.399847644944437],[71.835524482453991,21.40033649353348],[71.836132964569188,21.400982440656357],[71.836432258222942,21.401182986505574],[71.837348299581052,21.401557201678891],[71.83746118545551,21.401915539288282],[71.83794689331441,21.401958288386641],[71.838507914304174,21.402263248473748],[71.839152642461372,21.402419364168548],[71.839657878181384,21.402829378940076],[71.840275970292367,21.403580236791065],[71.841192299981344,21.404068121200094],[71.841901779532904,21.403952984587274],[71.84279146674865,21.405026861353992],[71.84399739911656,21.405549119611226],[71.844894521529753,21.405800895029955],[71.845680670573984,21.406516404504057],[71.846324682933471,21.406357656741353],[71.847595555874506,21.406687354235181],[71.848146902849962,21.406834883063546],[71.849024697611014,21.406806821293937],[71.849781564875585,21.406980153085179],[71.850211717403269,21.407215382605845],[71.851538827962244,21.407623641680559],[71.852000593747562,21.407743272751116],[71.852744308196094,21.407935946022917],[71.8546344496975,21.408921476933035],[71.856613458908853,21.410150894709378],[71.857932725620813,21.41093311110853],[71.858953015169931,21.411884177835312],[71.860572401515796,21.412946097088962],[71.86296943709246,21.413669877268767],[71.864886748029591,21.414114300985617],[71.866114864166775,21.414233217758476],[71.866070096299154,21.413757194987831],[71.865717854642625,21.412315998686715],[71.86517731082813,21.411092866903207],[71.865480313305611,21.410262395944169],[71.865783143158467,21.409363907510873],[71.865781890596949,21.408860582483413],[71.865953434215001,21.407744724809401],[71.86609781953932,21.407390719695943],[71.866402199657813,21.407117985546758]],[[71.648187009567664,21.116195302330762],[71.64832493945022,21.11517828610441],[71.648379685745581,21.114343862239437],[71.648030083313444,21.114040239927785],[71.647446418635738,21.113586995536039],[71.647088485116953,21.113196803811185],[71.646525430655004,21.112834288921249],[71.646220464166106,21.112658551022275],[71.645897941041866,21.112510327872293],[71.645452205754466,21.11223570897279],[71.644578292262395,21.111653452397316],[71.644660010422712,21.11130138015066],[71.644970011074292,21.110630110473465],[71.643920417894535,21.110202001612421],[71.644066505063165,21.109739874116407],[71.643298500065114,21.109559023652871],[71.643193387132911,21.109966115496437],[71.642882674390833,21.109900377158084],[71.642578668999306,21.110720139165736],[71.642502571309805,21.110824703917057],[71.641798932813757,21.110533791770575],[71.641024955961228,21.110237435164844],[71.640550038552107,21.110078328364647],[71.639951916008712,21.109792821024058],[71.640062852522021,21.109336225953157],[71.640249990051103,21.108885067811386],[71.640267455006224,21.108758552394988],[71.640068104879418,21.108687216658229],[71.640255205421752,21.108197558213377],[71.640513146741171,21.108246845019057],[71.640705743657207,21.107372178508449],[71.640295246955034,21.107147016905046],[71.639527033618506,21.106724147474598],[71.639216293305566,21.106619902068825],[71.638700289560646,21.106383823070264],[71.638366116042889,21.106290595351233],[71.638301500529408,21.10613664683251],[71.638330419081655,21.10571861987594],[71.638365280157302,21.105388588760277],[71.638611274192016,21.105201386330517],[71.639009805201127,21.105173559858827],[71.639191515472177,21.105189910928964],[71.639531604693317,21.105343632664006],[71.639930202903486,21.105387304550383],[71.640709852876952,21.105513160378806],[71.641161165728846,21.105518285305521],[71.64116074975415,21.105078282114949],[71.641160494974955,21.10480878014949],[71.641294941412724,21.104429165093809],[71.641194928338436,21.104033245168125],[71.6412826936307,21.103873670760738],[71.641012840120069,21.103615393251907],[71.640614220447205,21.103544223671008],[71.639987025023672,21.10347874204205],[71.639125382757442,21.103407950553201],[71.6385451483943,21.103419425692646],[71.637589821458192,21.103447703739999],[71.636657923264679,21.10345945738937],[71.636517247796704,21.103448570605909],[71.636218133131479,21.103228809290513],[71.63557880930135,21.102712317251786],[71.635479101939566,21.102635396281219],[71.635226564813237,21.102069092989709],[71.635073865294274,21.101722711692485],[71.634681124331223,21.101662523525356],[71.634242084117503,21.102256876764898],[71.634229788644646,21.101618880978229],[71.63401236948873,21.100992047451939],[71.633836028024646,21.100420181667591],[71.633589450377997,21.099952871924135],[71.633401679813886,21.09970551751405],[71.633337111577802,21.099595567304515],[71.631239331714227,21.100081207911096],[71.630600610840034,21.100219202199519],[71.630049788484257,21.100340626558076],[71.629064613812403,21.099719873534198],[71.628413640967267,21.099241863308329],[71.628565654975546,21.098812744213699],[71.628143610387127,21.098741562949741],[71.628272124558109,21.098246461233604],[71.629127429600004,21.098493944173871],[71.629581053876933,21.097034425813181],[71.62994398342839,21.095908722483074],[71.630175032300954,21.095303143870087],[71.630663083133214,21.095403668878397],[71.63156473795668,21.095589249314365],[71.632607001702837,21.095782476635851],[71.632722803586631,21.095797909179915],[71.632673614383592,21.096286925699093],[71.632822940764001,21.096799071509793],[71.633063086447578,21.097132630165685],[71.633294948683101,21.097450671864017],[71.633791661615632,21.097978066484963],[71.634429022349721,21.098551917506605],[71.63466076374975,21.098730249399999],[71.635727745679745,21.098791491329965],[71.636182601190185,21.09875231895786],[71.636248660921567,21.098635842610182],[71.637001326250882,21.098666282522924],[71.637390093685141,21.098712537364399],[71.638291826948475,21.098952412640273],[71.638829541222876,21.099076158182104],[71.63943337177858,21.09914551680933],[71.640186018383332,21.099152657933107],[71.640799481542672,21.100665652149118],[71.640964993688854,21.100766414806746],[71.641543533980766,21.100323524597314],[71.642204660616287,21.099756378374895],[71.642493775596677,21.099375819736867],[71.642939869992475,21.098824374246636],[71.643162949433375,21.098583578007766],[71.643873619124378,21.097946529440819],[71.643294335485734,21.097597749988942],[71.643087434787191,21.097458216716365],[71.64229288882342,21.096869007120137],[71.641721891014882,21.096527976818024],[71.641316432574484,21.096318753150722],[71.640695808259039,21.095969999134443],[71.640555463897783,21.096241769882614],[71.640191054883317,21.095706524197304],[71.640050185949846,21.095419463033583],[71.639462976508952,21.095419946833651],[71.639430966432201,21.096568683227705],[71.63847150982761,21.096499615211602],[71.638364128414423,21.096647172371132],[71.637371532179415,21.096516032726505],[71.637380052624223,21.096787680233021],[71.637189813829437,21.096772311097467],[71.636602421560767,21.096578746301141],[71.636238485929027,21.096547992782575],[71.635576716631462,21.096416576582932],[71.635683705867237,21.095834374380672],[71.636196630413622,21.095996955981715],[71.636544030607851,21.096035484464977],[71.636675983702403,21.095624015757558],[71.63698939699232,21.094676853110851],[71.636253207854836,21.094553261124727],[71.635773468965311,21.094499314883063],[71.635525227051858,21.094359805365645],[71.635442669834489,21.094522863998634],[71.634797493218016,21.094438000777121],[71.634268132198883,21.094384089697357],[71.634448944705625,21.093118812557535],[71.634721875891643,21.093126357588272],[71.634861940770733,21.092536367845909],[71.635507052890873,21.092559138461095],[71.63564740304399,21.092287371740365],[71.635862545935296,21.092411384521434],[71.635854169688656,21.092294967847522],[71.636375147194641,21.092232457381414],[71.636846459343943,21.092123416033896],[71.637119338949731,21.092076626346842],[71.637242973905842,21.09161859439843],[71.637399468151216,21.090919927382178],[71.637713081748387,21.090205609591258],[71.638051581920834,21.089576648096333],[71.63829112418108,21.089258229024541],[71.638522596670271,21.089157139908394],[71.638803430542168,21.088776593898821],[71.639100962255256,21.088566788079696],[71.63937365368372,21.088325955897226],[71.639500333467566,21.08820578906461],[71.639898946364994,21.088358207128788],[71.640084264430755,21.088479197809697],[71.640067778144001,21.088853176371092],[71.640303577820319,21.088942522449809],[71.64024206517189,21.089179593331451],[71.640618539528887,21.089658588874684],[71.641000345346981,21.089837353785764],[71.641601102421816,21.090089674786768],[71.641550806058532,21.090316202520341],[71.641887690955855,21.090468667326832],[71.641809383162894,21.090747889653532],[71.641989118410848,21.090895218415938],[71.642938230767015,21.091547543066465],[71.643488577531912,21.091894707718897],[71.643343004048205,21.092258261322861],[71.642699046527795,21.093796799984528],[71.642940503314051,21.093923007300077],[71.643097677591484,21.093949210330337],[71.644546122124453,21.094390419373298],[71.645017729214246,21.094553297195684],[71.646202345868502,21.094942046279385],[71.646707595330412,21.095068020628261],[71.64734776932923,21.095420361903184],[71.647864345459212,21.095646397967794],[71.648318756419016,21.095440584102661],[71.648700282078124,21.09531383952552],[71.649362358967011,21.095113107804412],[71.649525084834352,21.095076094699238],[71.650158948809448,21.094727905760696],[71.650204208867123,21.095086028922704],[71.650227469274697,21.095891875541092],[71.649987076735783,21.09683490015529],[71.649470646151997,21.09676161655177],[71.649084193525766,21.097578357955843],[71.648011836840752,21.097226401074682],[71.647636667947339,21.098111601698093],[71.647329012757282,21.099165290125782],[71.648502404726401,21.099511895642344],[71.648284242502882,21.100249481029394],[71.648609999366826,21.100470414233794],[71.64851506514421,21.100955070875525],[71.648851960123494,21.101086453086474],[71.64870647482735,21.101534284443101],[71.648729476605979,21.10208731001757],[71.649498642472849,21.10230258488054],[71.649269076575493,21.102861099888674],[71.649617249623958,21.103039874509921],[71.650431430297473,21.103360447386343],[71.650689747529157,21.103486628460455],[71.651003240112033,21.102669948915661],[71.651243790056512,21.101879669308268],[71.651680103788706,21.100420292311458],[71.652066356375627,21.099413929766207],[71.652615111819401,21.098154599122303],[71.653765802466324,21.098253634801935],[71.653643240315702,21.099143886341491],[71.653577199040399,21.100418585013042],[71.653492984199644,21.100855688694477],[71.653493578620498,21.101434053542484],[71.653425531463199,21.101855393584824],[71.653227670632646,21.101827011223083],[71.653243225476345,21.102155451554875],[71.653197872273651,21.102448245344558],[71.653145166235703,21.102990956674873],[71.653008885310157,21.103655128681702],[71.65296353852672,21.103955062667119],[71.65285729010985,21.104226490296693],[71.652773773458748,21.104405073333893],[71.652690293116294,21.104619357847977],[71.652667787197501,21.104933551776845],[71.653094092325347,21.105125955797579],[71.653436750014436,21.105368416617928],[71.653825004541801,21.105553712897542],[71.65401532025102,21.105639223853213],[71.654266619649675,21.105831783761204],[71.65447201383131,21.105781614604247],[71.654779240500773,21.105938762335697],[71.654143016369176,21.106940985561316],[71.653371610262042,21.108182527110703],[71.653037711292981,21.108833149576245],[71.652998104041885,21.109049958895245],[71.652847058182388,21.109349093159096],[71.652711607120466,21.109319315419107],[71.652584549874874,21.109708127236949],[71.65275235451773,21.11021627272164],[71.652832970730998,21.111150568723257],[71.652753509551943,21.111344989009712],[71.652613945694469,21.11231890204736],[71.652281085470918,21.112285131615963],[71.651778798595672,21.112262868901514],[71.651088959647893,21.112280520031799],[71.651071391754428,21.112859721810981],[71.650805170560119,21.112899706923692],[71.650806438534289,21.114154608930349],[71.650546111758558,21.114041274449658],[71.650510014979417,21.114251403396498],[71.650510902594533,21.115131538179238],[71.650463269299124,21.11590382838023],[71.65043322349706,21.116113951895773],[71.650620895323542,21.116187603034071],[71.650530895644096,21.116954252509185],[71.649354514933506,21.116598428326331],[71.648187009567664,21.116195302330762]]]]}}
]
}
